customer_id,recency,product_category,amount
5524,58,MntWines,635
2174,38,MntWines,11
4141,26,MntWines,426
6182,26,MntWines,11
5324,94,MntWines,173
7446,16,MntWines,520
965,34,MntWines,235
6177,32,MntWines,76
4855,19,MntWines,14
5899,68,MntWines,28
1994,11,MntWines,5
387,59,MntWines,6
2125,82,MntWines,194
8180,53,MntWines,233
2569,38,MntWines,3
2114,23,MntWines,1006
9736,51,MntWines,53
4939,20,MntWines,84
6565,91,MntWines,1012
2278,86,MntWines,4
9360,41,MntWines,86
5376,42,MntWines,1
1993,63,MntWines,867
4047,0,MntWines,384
1409,69,MntWines,270
7892,89,MntWines,6
2404,4,MntWines,173
5255,19,MntWines,5
9422,26,MntWines,36
1966,96,MntWines,684
6864,34,MntWines,8
3033,56,MntWines,112
5710,31,MntWines,110
7373,8,MntWines,96
8755,4,MntWines,482
10738,55,MntWines,40
4339,37,MntWines,702
10755,76,MntWines,6
8595,99,MntWines,55
2968,53,MntWines,437
8601,3,MntWines,421
503,88,MntWines,13
8430,4,MntWines,9
7281,80,MntWines,81
2139,19,MntWines,3
1371,72,MntWines,123
9909,24,MntWines,3
7286,92,MntWines,13
7244,96,MntWines,48
6566,39,MntWines,826
8614,29,MntWines,245
4114,2,MntWines,650
1331,54,MntWines,12
2225,54,MntWines,510
9381,57,MntWines,328
6260,55,MntWines,984
10383,30,MntWines,295
7437,31,MntWines,13
8557,57,MntWines,11
8375,63,MntWines,447
6853,12,MntWines,712
3076,18,MntWines,452
1012,26,MntWines,523
6518,8,MntWines,546
4137,29,MntWines,398
8082,75,MntWines,1
1386,0,MntWines,10
9369,19,MntWines,688
4477,4,MntWines,247
1357,90,MntWines,856
1402,1,MntWines,496
10629,25,MntWines,25
6312,29,MntWines,258
8132,88,MntWines,565
1050,58,MntWines,14
5846,68,MntWines,2
1859,34,MntWines,721
7503,40,MntWines,1032
10401,12,MntWines,1
1618,9,MntWines,577
3332,87,MntWines,64
2261,5,MntWines,4
5346,87,MntWines,25
4119,56,MntWines,112
535,18,MntWines,163
5268,95,MntWines,17
273,48,MntWines,130
4452,3,MntWines,292
8504,70,MntWines,350
771,79,MntWines,135
8996,4,MntWines,230
9235,45,MntWines,7
5798,87,MntWines,445
11178,69,MntWines,15
2230,84,MntWines,27
7516,30,MntWines,5
7247,72,MntWines,505
11100,37,MntWines,51
4646,44,MntWines,207
3037,32,MntWines,135
1473,0,MntWines,53
1016,43,MntWines,41
4518,59,MntWines,386
9370,68,MntWines,562
8908,35,MntWines,217
8373,94,MntWines,1
7533,15,MntWines,144
2683,56,MntWines,295
3629,17,MntWines,76
10991,18,MntWines,454
5077,46,MntWines,425
7431,40,MntWines,1332
3267,27,MntWines,527
999,95,MntWines,490
9215,19,MntWines,378
2286,27,MntWines,64
1592,25,MntWines,547
367,74,MntWines,47
5234,85,MntWines,12
9862,37,MntWines,1
9805,65,MntWines,320
6205,13,MntWines,34
8442,63,MntWines,9
7386,83,MntWines,17
7215,69,MntWines,722
1491,87,MntWines,162
11071,37,MntWines,450
3381,51,MntWines,70
8268,23,MntWines,352
11051,72,MntWines,492
8026,10,MntWines,120
433,42,MntWines,534
9597,10,MntWines,236
1295,96,MntWines,231
5290,51,MntWines,220
1685,21,MntWines,796
5342,31,MntWines,0
9579,61,MntWines,53
7660,37,MntWines,15
1461,74,MntWines,17
821,46,MntWines,962
11084,4,MntWines,738
8690,73,MntWines,399
2937,47,MntWines,614
9701,13,MntWines,32
9949,36,MntWines,598
10837,47,MntWines,2
3120,49,MntWines,6
5885,94,MntWines,73
4050,65,MntWines,42
3830,59,MntWines,295
7987,96,MntWines,346
7798,28,MntWines,233
92,12,MntWines,5
7055,57,MntWines,888
10240,10,MntWines,997
3025,4,MntWines,212
9283,49,MntWines,8
9970,3,MntWines,42
2730,64,MntWines,536
2795,0,MntWines,5
9260,20,MntWines,1349
8182,91,MntWines,53
10095,9,MntWines,1001
8475,98,MntWines,20
4370,83,MntWines,18
10573,27,MntWines,125
3712,63,MntWines,212
6637,46,MntWines,277
3152,84,MntWines,15
5610,58,MntWines,7
6460,78,MntWines,12
1349,4,MntWines,85
1880,17,MntWines,81
641,77,MntWines,59
8717,56,MntWines,1149
10314,79,MntWines,847
10854,90,MntWines,29
10492,96,MntWines,2
6935,44,MntWines,207
7698,81,MntWines,152
3559,77,MntWines,12
10562,21,MntWines,620
10796,16,MntWines,47
2563,80,MntWines,1
3518,45,MntWines,10
5823,63,MntWines,35
3934,34,MntWines,356
6982,14,MntWines,783
6431,13,MntWines,42
9733,52,MntWines,1
5602,98,MntWines,466
7829,99,MntWines,15
1324,93,MntWines,23
326,38,MntWines,235
7224,24,MntWines,10
6999,80,MntWines,656
9938,82,MntWines,519
6422,20,MntWines,344
3182,81,MntWines,96
7300,50,MntWines,448
10424,60,MntWines,265
8727,63,MntWines,587
2798,54,MntWines,763
1030,72,MntWines,22
624,5,MntWines,6
5176,88,MntWines,7
5552,50,MntWines,81
868,99,MntWines,54
380,17,MntWines,1170
2677,11,MntWines,72
6521,18,MntWines,613
6927,70,MntWines,224
2877,21,MntWines,410
0,66,MntWines,239
1584,79,MntWines,171
7264,2,MntWines,12
6274,81,MntWines,1076
1377,24,MntWines,182
454,48,MntWines,824
1755,93,MntWines,30
2075,56,MntWines,377
4785,3,MntWines,520
9076,44,MntWines,155
7079,38,MntWines,897
4653,46,MntWines,131
7375,84,MntWines,297
709,27,MntWines,787
460,72,MntWines,792
3726,66,MntWines,4
6798,30,MntWines,231
5341,2,MntWines,983
1606,65,MntWines,3
9617,37,MntWines,0
3233,89,MntWines,562
89,49,MntWines,5
2936,46,MntWines,18
9449,32,MntWines,415
7297,54,MntWines,5
11004,23,MntWines,8
313,98,MntWines,901
9940,97,MntWines,382
10735,75,MntWines,14
9529,8,MntWines,559
6439,37,MntWines,789
7411,31,MntWines,11
2176,40,MntWines,1218
9265,74,MntWines,925
8867,90,MntWines,864
8932,57,MntWines,960
10236,59,MntWines,16
6340,52,MntWines,3
10089,5,MntWines,168
2227,92,MntWines,45
10992,77,MntWines,650
5304,35,MntWines,24
309,48,MntWines,918
3406,97,MntWines,138
2661,95,MntWines,12
3153,24,MntWines,11
10264,60,MntWines,1
1184,46,MntWines,554
4200,85,MntWines,167
9396,31,MntWines,9
2387,9,MntWines,177
6690,30,MntWines,38
1225,47,MntWines,483
9703,70,MntWines,77
291,13,MntWines,182
4557,11,MntWines,10
2379,31,MntWines,778
5726,15,MntWines,16
3066,2,MntWines,167
6336,55,MntWines,13
10967,38,MntWines,33
2304,86,MntWines,625
3445,56,MntWines,216
7828,29,MntWines,68
3762,30,MntWines,196
4391,64,MntWines,635
4669,46,MntWines,4
10144,84,MntWines,297
8652,20,MntWines,84
1672,74,MntWines,204
8962,18,MntWines,26
9974,75,MntWines,15
10983,17,MntWines,304
8148,88,MntWines,285
10102,19,MntWines,395
4697,62,MntWines,248
9262,11,MntWines,20
7254,74,MntWines,39
4543,32,MntWines,777
4927,76,MntWines,8
10451,6,MntWines,9
2926,62,MntWines,1241
2874,20,MntWines,6
9738,43,MntWines,65
7119,45,MntWines,395
3924,34,MntWines,801
5827,53,MntWines,36
5596,44,MntWines,513
10812,89,MntWines,37
1717,43,MntWines,80
9491,68,MntWines,14
9274,44,MntWines,525
6609,64,MntWines,1
6963,85,MntWines,675
4440,93,MntWines,509
1379,12,MntWines,154
10032,86,MntWines,3
2826,28,MntWines,25
2437,69,MntWines,861
6320,42,MntWines,768
3050,13,MntWines,185
231,86,MntWines,24
2392,59,MntWines,44
9478,30,MntWines,91
113,33,MntWines,11
2863,67,MntWines,738
1802,23,MntWines,412
520,81,MntWines,3
8275,6,MntWines,16
9750,41,MntWines,731
2607,78,MntWines,424
7214,49,MntWines,792
5835,39,MntWines,21
3896,3,MntWines,22
10350,37,MntWines,33
7786,22,MntWines,68
2861,79,MntWines,9
663,46,MntWines,40
10675,82,MntWines,909
2521,10,MntWines,23
9592,51,MntWines,11
10151,38,MntWines,317
7381,10,MntWines,797
4099,14,MntWines,10
9560,18,MntWines,856
1150,36,MntWines,755
10172,95,MntWines,456
11191,11,MntWines,37
9707,65,MntWines,1103
6245,71,MntWines,378
8234,13,MntWines,1
1411,58,MntWines,204
8553,65,MntWines,30
1826,0,MntWines,189
8842,33,MntWines,15
11030,90,MntWines,9
2579,95,MntWines,495
175,93,MntWines,656
9185,38,MntWines,452
11056,18,MntWines,546
9365,57,MntWines,1048
6201,45,MntWines,22
2061,61,MntWines,78
6184,6,MntWines,561
6142,65,MntWines,629
4107,52,MntWines,269
7274,87,MntWines,736
9336,38,MntWines,512
2958,53,MntWines,19
933,31,MntWines,9
5837,67,MntWines,247
10704,65,MntWines,404
5125,64,MntWines,333
4432,82,MntWines,2
5955,27,MntWines,833
2928,63,MntWines,789
5680,66,MntWines,10
10313,69,MntWines,159
2557,52,MntWines,7
1245,45,MntWines,977
1519,2,MntWines,38
10703,86,MntWines,57
1726,23,MntWines,3
4459,13,MntWines,10
1729,14,MntWines,1043
1517,92,MntWines,3
2098,38,MntWines,11
9543,74,MntWines,3
6878,14,MntWines,43
3310,94,MntWines,73
2724,33,MntWines,12
948,32,MntWines,4
6720,11,MntWines,314
6202,78,MntWines,571
2066,56,MntWines,70
9799,57,MntWines,866
8318,7,MntWines,594
5642,0,MntWines,140
2669,66,MntWines,375
455,86,MntWines,102
7683,80,MntWines,554
3428,56,MntWines,919
7414,18,MntWines,96
6354,51,MntWines,5
798,71,MntWines,2
8213,71,MntWines,6
2488,80,MntWines,23
9999,2,MntWines,610
7617,83,MntWines,67
615,29,MntWines,65
2552,11,MntWines,416
194,55,MntWines,23
3645,19,MntWines,19
8890,1,MntWines,155
5049,19,MntWines,14
9973,28,MntWines,370
7301,76,MntWines,4
10882,50,MntWines,407
7030,1,MntWines,1200
7422,90,MntWines,85
3523,83,MntWines,583
7106,73,MntWines,483
6504,24,MntWines,2
5067,11,MntWines,966
4216,33,MntWines,822
8581,4,MntWines,604
5929,14,MntWines,19
3129,30,MntWines,5
6528,75,MntWines,2
1361,26,MntWines,1076
6932,77,MntWines,1285
7284,8,MntWines,10
1340,42,MntWines,551
8746,28,MntWines,800
5987,52,MntWines,2
3767,1,MntWines,378
3725,1,MntWines,1248
4324,42,MntWines,235
238,76,MntWines,515
6694,27,MntWines,438
498,28,MntWines,25
9347,49,MntWines,31
9699,12,MntWines,357
10664,14,MntWines,400
5455,89,MntWines,99
456,96,MntWines,1
5012,56,MntWines,5
7495,72,MntWines,77
5029,14,MntWines,3
10642,13,MntWines,10
2106,99,MntWines,0
10364,72,MntWines,0
5954,92,MntWines,76
1137,87,MntWines,398
2541,7,MntWines,14
1142,91,MntWines,208
2276,71,MntWines,430
2807,24,MntWines,656
6471,17,MntWines,14
6131,87,MntWines,141
6233,21,MntWines,507
4148,90,MntWines,164
4947,44,MntWines,606
3225,71,MntWines,116
7540,52,MntWines,143
10648,78,MntWines,398
1992,2,MntWines,522
7851,60,MntWines,161
8594,25,MntWines,112
7059,47,MntWines,483
2815,46,MntWines,7
2416,83,MntWines,789
7999,17,MntWines,1239
9213,13,MntWines,4
9697,86,MntWines,335
3916,92,MntWines,639
2021,47,MntWines,563
1581,18,MntWines,2
564,81,MntWines,746
6619,91,MntWines,22
9081,58,MntWines,4
178,40,MntWines,478
916,67,MntWines,20
5512,19,MntWines,451
8970,93,MntWines,371
10581,41,MntWines,281
5300,60,MntWines,19
5154,54,MntWines,26
8346,26,MntWines,138
1676,30,MntWines,213
9286,93,MntWines,407
2426,35,MntWines,483
5172,4,MntWines,738
5562,92,MntWines,502
3436,24,MntWines,11
3921,96,MntWines,24
3403,11,MntWines,1170
22,99,MntWines,185
10965,72,MntWines,983
9426,77,MntWines,691
6605,85,MntWines,504
3136,88,MntWines,317
8737,22,MntWines,29
11088,83,MntWines,1396
716,63,MntWines,529
466,9,MntWines,388
9135,92,MntWines,13
10623,2,MntWines,28
8151,6,MntWines,16
5140,66,MntWines,1047
10160,49,MntWines,31
4945,29,MntWines,815
10584,77,MntWines,225
6071,77,MntWines,493
3386,71,MntWines,34
8939,49,MntWines,382
9925,97,MntWines,127
4320,6,MntWines,325
5389,93,MntWines,238
6036,78,MntWines,1168
182,62,MntWines,284
203,47,MntWines,1288
11025,9,MntWines,65
10203,77,MntWines,11
4607,24,MntWines,227
3711,19,MntWines,1035
3696,67,MntWines,27
2532,95,MntWines,982
9214,48,MntWines,179
4943,73,MntWines,1379
35,35,MntWines,32
2258,76,MntWines,8
4322,20,MntWines,881
713,72,MntWines,141
4702,20,MntWines,1000
3281,69,MntWines,206
702,80,MntWines,162
2004,65,MntWines,619
4769,52,MntWines,456
4437,65,MntWines,112
8724,57,MntWines,11
10741,70,MntWines,172
1991,0,MntWines,78
6931,19,MntWines,464
11096,50,MntWines,99
304,67,MntWines,19
3665,46,MntWines,1
10591,37,MntWines,63
5036,38,MntWines,252
5547,9,MntWines,1478
7822,56,MntWines,198
8541,98,MntWines,8
10955,68,MntWines,416
4368,72,MntWines,42
9671,47,MntWines,14
2256,33,MntWines,17
4279,87,MntWines,15
5371,0,MntWines,6
9240,73,MntWines,458
9460,74,MntWines,30
9504,4,MntWines,179
8692,50,MntWines,90
448,57,MntWines,308
8314,30,MntWines,557
8420,27,MntWines,7
3174,61,MntWines,1492
7685,4,MntWines,30
3179,75,MntWines,249
9780,12,MntWines,465
10681,13,MntWines,129
10232,9,MntWines,174
4184,48,MntWines,189
9120,80,MntWines,747
891,60,MntWines,6
10381,43,MntWines,14
3525,19,MntWines,12
6818,26,MntWines,98
3526,58,MntWines,32
8181,42,MntWines,51
1029,27,MntWines,200
7369,56,MntWines,25
2574,27,MntWines,1050
8159,10,MntWines,117
1160,48,MntWines,9
10242,39,MntWines,56
5253,85,MntWines,145
5966,64,MntWines,203
5314,69,MntWines,270
5081,54,MntWines,9
5123,57,MntWines,37
5756,64,MntWines,46
8036,10,MntWines,31
9058,65,MntWines,1060
5057,74,MntWines,264
254,4,MntWines,399
4179,94,MntWines,8
3710,41,MntWines,19
7627,25,MntWines,817
4501,94,MntWines,292
6424,9,MntWines,12
3075,47,MntWines,130
4992,12,MntWines,6
5252,80,MntWines,16
7444,20,MntWines,19
6919,39,MntWines,4
3537,57,MntWines,31
10277,27,MntWines,36
2453,83,MntWines,526
7972,79,MntWines,400
895,69,MntWines,410
1177,77,MntWines,80
7141,15,MntWines,88
7232,99,MntWines,55
8477,61,MntWines,5
2457,23,MntWines,8
988,84,MntWines,410
7930,74,MntWines,101
4587,90,MntWines,162
6682,41,MntWines,2
6222,28,MntWines,25
10299,73,MntWines,389
3083,88,MntWines,215
8953,94,MntWines,27
1503,31,MntWines,85
8650,31,MntWines,5
10862,6,MntWines,179
2782,23,MntWines,352
6941,92,MntWines,17
10972,52,MntWines,625
10708,50,MntWines,10
6583,54,MntWines,390
3641,93,MntWines,10
10156,56,MntWines,215
4299,28,MntWines,1001
3469,94,MntWines,19
5063,76,MntWines,41
10727,43,MntWines,1181
9624,46,MntWines,603
5156,13,MntWines,129
4376,27,MntWines,10
8923,12,MntWines,514
8461,3,MntWines,14
6945,72,MntWines,387
944,6,MntWines,121
1907,53,MntWines,965
701,58,MntWines,707
3856,78,MntWines,571
4149,57,MntWines,586
2131,37,MntWines,1063
2942,20,MntWines,305
1173,73,MntWines,1200
4381,56,MntWines,163
4611,36,MntWines,1009
3376,9,MntWines,125
4679,42,MntWines,721
10928,28,MntWines,315
4248,23,MntWines,1000
6728,38,MntWines,16
6661,63,MntWines,757
4725,71,MntWines,30
3277,9,MntWines,219
5555,81,MntWines,1
2564,87,MntWines,111
946,92,MntWines,45
3867,36,MntWines,410
6940,86,MntWines,100
55,83,MntWines,509
7093,74,MntWines,3
5084,87,MntWines,445
1777,29,MntWines,2
8162,88,MntWines,4
10826,77,MntWines,6
8754,25,MntWines,14
1987,34,MntWines,1
11007,43,MntWines,26
7426,76,MntWines,111
9153,81,MntWines,418
10379,87,MntWines,327
9204,33,MntWines,371
3197,38,MntWines,275
2920,63,MntWines,789
6961,26,MntWines,1
4673,17,MntWines,1004
9937,75,MntWines,187
8779,13,MntWines,56
9596,19,MntWines,365
2891,51,MntWines,595
4910,81,MntWines,1132
75,32,MntWines,34
10120,84,MntWines,116
6327,87,MntWines,565
10142,99,MntWines,372
9826,96,MntWines,899
1501,21,MntWines,55
10767,40,MntWines,760
7279,3,MntWines,260
7230,98,MntWines,459
143,73,MntWines,466
450,90,MntWines,67
9316,29,MntWines,2
6379,3,MntWines,67
9239,94,MntWines,92
8315,65,MntWines,4
2868,33,MntWines,20
10888,46,MntWines,273
1277,29,MntWines,434
9977,99,MntWines,321
10196,26,MntWines,212
6384,30,MntWines,909
8029,27,MntWines,1184
968,24,MntWines,112
6988,93,MntWines,656
4472,34,MntWines,23
6991,88,MntWines,537
3336,96,MntWines,712
4301,10,MntWines,23
1940,26,MntWines,1
1272,49,MntWines,664
1388,11,MntWines,6
1044,44,MntWines,299
6969,75,MntWines,99
10479,64,MntWines,749
3619,19,MntWines,345
1715,45,MntWines,9
10159,77,MntWines,440
1463,9,MntWines,8
5114,1,MntWines,670
4990,90,MntWines,524
4329,43,MntWines,6
10936,79,MntWines,597
4692,19,MntWines,7
7212,99,MntWines,54
6086,62,MntWines,445
437,41,MntWines,294
11171,60,MntWines,292
11101,17,MntWines,412
5329,24,MntWines,8
610,60,MntWines,349
9384,57,MntWines,328
5956,74,MntWines,144
10430,22,MntWines,1126
7875,46,MntWines,967
7072,69,MntWines,432
6255,29,MntWines,138
6516,37,MntWines,0
5564,26,MntWines,509
5682,8,MntWines,948
7458,26,MntWines,39
5237,79,MntWines,28
7761,71,MntWines,13
5278,83,MntWines,307
3560,57,MntWines,901
7235,37,MntWines,2
10548,30,MntWines,283
2281,34,MntWines,4
4073,0,MntWines,769
6974,89,MntWines,518
7938,92,MntWines,350
7094,87,MntWines,445
3667,20,MntWines,778
7723,56,MntWines,709
3870,28,MntWines,359
4012,55,MntWines,799
5909,25,MntWines,895
10470,0,MntWines,40
6488,86,MntWines,76
10270,8,MntWines,11
6887,33,MntWines,245
6406,13,MntWines,647
7573,12,MntWines,39
4508,92,MntWines,203
221,90,MntWines,138
5331,8,MntWines,587
1911,6,MntWines,595
20,91,MntWines,43
8786,52,MntWines,301
10582,3,MntWines,180
1915,57,MntWines,794
8897,9,MntWines,392
2371,22,MntWines,39
4303,76,MntWines,107
6825,86,MntWines,13
1072,64,MntWines,70
4964,90,MntWines,680
2461,79,MntWines,26
10736,28,MntWines,522
3194,86,MntWines,412
10839,42,MntWines,6
49,39,MntWines,2
4290,8,MntWines,1
10219,40,MntWines,6
4211,5,MntWines,4
1135,96,MntWines,18
6299,28,MntWines,324
10846,22,MntWines,327
347,30,MntWines,229
6543,45,MntWines,521
10446,58,MntWines,184
3479,49,MntWines,4
11075,37,MntWines,183
4442,70,MntWines,31
199,33,MntWines,219
6722,98,MntWines,479
796,17,MntWines,584
3749,54,MntWines,627
8523,39,MntWines,24
310,81,MntWines,330
8629,71,MntWines,19
236,62,MntWines,28
9930,8,MntWines,606
3483,76,MntWines,1039
4599,66,MntWines,411
7326,83,MntWines,34
7352,28,MntWines,161
2350,87,MntWines,623
9145,43,MntWines,604
2964,0,MntWines,3
5585,1,MntWines,12
9687,1,MntWines,184
3732,72,MntWines,393
6303,72,MntWines,410
11176,12,MntWines,376
2986,89,MntWines,7
7462,67,MntWines,68
3900,54,MntWines,642
7034,34,MntWines,8
9493,15,MntWines,840
1143,43,MntWines,7
1,0,MntWines,464
3855,74,MntWines,30
5536,61,MntWines,1492
5989,51,MntWines,752
9499,97,MntWines,1279
6768,75,MntWines,22
2150,83,MntWines,860
6646,23,MntWines,3
4887,65,MntWines,10
8560,94,MntWines,351
3321,42,MntWines,421
11003,10,MntWines,2
10402,94,MntWines,25
9904,50,MntWines,336
6141,46,MntWines,191
5687,98,MntWines,563
10856,42,MntWines,31
5121,30,MntWines,479
4186,11,MntWines,18
368,61,MntWines,91
3312,12,MntWines,5
11121,76,MntWines,2
5332,2,MntWines,362
5848,43,MntWines,724
10343,27,MntWines,605
5935,60,MntWines,547
2895,79,MntWines,104
10262,96,MntWines,8
7848,17,MntWines,224
9477,0,MntWines,384
4856,38,MntWines,556
7186,43,MntWines,24
5794,1,MntWines,408
1456,25,MntWines,265
4877,2,MntWines,34
425,66,MntWines,374
3007,49,MntWines,27
1031,5,MntWines,600
4297,71,MntWines,13
807,35,MntWines,167
9553,94,MntWines,0
4271,80,MntWines,46
4120,61,MntWines,88
2036,29,MntWines,243
115,0,MntWines,275
4259,80,MntWines,6
8687,54,MntWines,121
2447,71,MntWines,4
10140,27,MntWines,1308
9353,61,MntWines,515
3623,55,MntWines,4
738,35,MntWines,48
7631,34,MntWines,562
4789,95,MntWines,769
773,64,MntWines,379
10602,30,MntWines,29
1446,12,MntWines,387
3270,96,MntWines,12
8443,16,MntWines,6
9653,16,MntWines,27
8916,78,MntWines,9
8017,83,MntWines,22
5830,96,MntWines,899
4597,67,MntWines,889
7023,87,MntWines,189
8086,34,MntWines,48
8825,46,MntWines,230
2930,7,MntWines,852
1928,73,MntWines,35
7108,54,MntWines,205
10925,93,MntWines,255
9960,52,MntWines,0
8800,53,MntWines,437
9224,81,MntWines,825
5519,8,MntWines,316
5046,97,MntWines,756
7037,50,MntWines,194
905,38,MntWines,7
8624,61,MntWines,183
8945,46,MntWines,171
6445,73,MntWines,243
2727,19,MntWines,181
6404,10,MntWines,151
11074,94,MntWines,494
10150,10,MntWines,464
1968,37,MntWines,5
6534,94,MntWines,29
9485,23,MntWines,102
7053,75,MntWines,604
4654,40,MntWines,571
9760,24,MntWines,953
1048,11,MntWines,63
10619,29,MntWines,770
9308,51,MntWines,398
10505,86,MntWines,741
8362,9,MntWines,1478
2625,30,MntWines,156
4637,73,MntWines,960
9972,25,MntWines,38
4483,67,MntWines,315
4487,67,MntWines,15
4988,58,MntWines,19
8931,82,MntWines,812
5871,98,MntWines,73
2008,93,MntWines,372
3139,53,MntWines,871
10037,66,MntWines,375
10673,6,MntWines,760
5303,42,MntWines,471
538,78,MntWines,31
7922,29,MntWines,819
5692,82,MntWines,1
4843,92,MntWines,203
6383,78,MntWines,26
1628,54,MntWines,354
1204,45,MntWines,1253
3673,59,MntWines,371
760,8,MntWines,588
8957,51,MntWines,480
4128,51,MntWines,517
6810,76,MntWines,267
5386,62,MntWines,1111
8700,86,MntWines,7
3202,60,MntWines,1166
1328,56,MntWines,261
8405,83,MntWines,135
6515,92,MntWines,6
2882,31,MntWines,711
7574,80,MntWines,11
6387,39,MntWines,42
5320,20,MntWines,79
5048,53,MntWines,20
8146,84,MntWines,30
10031,50,MntWines,20
5748,96,MntWines,115
2134,94,MntWines,263
1523,25,MntWines,69
9665,48,MntWines,267
4640,65,MntWines,561
3635,69,MntWines,492
3547,12,MntWines,14
2456,84,MntWines,80
5633,47,MntWines,97
7801,87,MntWines,197
10489,35,MntWines,693
7011,47,MntWines,43
2620,48,MntWines,14
3933,46,MntWines,186
10981,27,MntWines,434
1734,37,MntWines,59
10995,8,MntWines,16
6357,29,MntWines,230
9209,85,MntWines,829
10286,2,MntWines,318
2611,66,MntWines,1206
1600,60,MntWines,292
3308,54,MntWines,30
5407,70,MntWines,729
2166,55,MntWines,12
3955,20,MntWines,2
6634,78,MntWines,22
3056,63,MntWines,587
5718,17,MntWines,674
6872,43,MntWines,284
8164,13,MntWines,1023
4580,46,MntWines,1394
9305,65,MntWines,311
453,1,MntWines,27
8545,6,MntWines,1296
9850,32,MntWines,3
7378,34,MntWines,393
7646,70,MntWines,218
1640,49,MntWines,66
5184,65,MntWines,4
8492,25,MntWines,795
11188,84,MntWines,15
1212,7,MntWines,384
9097,34,MntWines,244
10473,38,MntWines,158
7962,1,MntWines,1285
9984,25,MntWines,349
5527,25,MntWines,4
6374,50,MntWines,223
7453,46,MntWines,157
8952,96,MntWines,397
241,57,MntWines,901
8975,47,MntWines,14
6119,52,MntWines,10
5236,30,MntWines,1230
5723,63,MntWines,81
1710,51,MntWines,154
1970,14,MntWines,63
5313,20,MntWines,30
10634,56,MntWines,90
7010,41,MntWines,635
8562,72,MntWines,127
3158,1,MntWines,13
4436,27,MntWines,18
5287,77,MntWines,45
2445,87,MntWines,38
6059,81,MntWines,986
4550,51,MntWines,61
4240,79,MntWines,4
8911,11,MntWines,201
3706,54,MntWines,19
3628,93,MntWines,4
10175,0,MntWines,18
8985,54,MntWines,806
5204,21,MntWines,380
9220,58,MntWines,576
9888,3,MntWines,458
5263,99,MntWines,5
1020,70,MntWines,350
9503,65,MntWines,39
10613,44,MntWines,26
67,6,MntWines,68
6019,9,MntWines,45
5863,95,MntWines,359
3717,70,MntWines,403
6730,92,MntWines,34
10749,62,MntWines,73
4998,85,MntWines,292
6287,2,MntWines,14
5985,0,MntWines,80
4754,91,MntWines,30
4002,3,MntWines,463
8870,68,MntWines,75
966,98,MntWines,538
4767,41,MntWines,635
9725,16,MntWines,8
4475,82,MntWines,1315
5740,1,MntWines,4
5731,64,MntWines,12
7290,68,MntWines,347
3846,98,MntWines,192
8104,32,MntWines,241
4507,87,MntWines,631
11013,84,MntWines,336
4491,3,MntWines,1099
3759,34,MntWines,743
1162,23,MntWines,124
2055,37,MntWines,15
10766,22,MntWines,397
4415,19,MntWines,10
3005,7,MntWines,530
2223,52,MntWines,1215
4817,91,MntWines,3
2875,93,MntWines,444
10536,78,MntWines,26
11112,23,MntWines,736
3807,83,MntWines,473
9197,92,MntWines,32
10832,4,MntWines,288
6421,32,MntWines,1050
4207,27,MntWines,1001
577,10,MntWines,9
10855,9,MntWines,234
3081,65,MntWines,7
3535,68,MntWines,251
247,16,MntWines,172
8707,12,MntWines,565
9523,95,MntWines,5
6072,16,MntWines,918
6295,46,MntWines,652
10914,3,MntWines,4
1509,80,MntWines,152
5577,77,MntWines,8
7348,0,MntWines,336
1127,62,MntWines,938
1833,91,MntWines,68
4944,24,MntWines,227
9080,2,MntWines,38
6466,22,MntWines,105
9964,56,MntWines,162
4790,54,MntWines,574
10245,71,MntWines,160
1109,38,MntWines,6
6001,62,MntWines,614
5538,78,MntWines,897
10552,18,MntWines,70
1545,95,MntWines,120
7409,66,MntWines,211
4444,28,MntWines,11
146,78,MntWines,760
6271,13,MntWines,53
10065,27,MntWines,7
4741,17,MntWines,391
246,71,MntWines,199
375,79,MntWines,516
1524,1,MntWines,709
10022,78,MntWines,12
7451,23,MntWines,1000
11010,75,MntWines,19
4356,70,MntWines,1224
3885,10,MntWines,16
1175,24,MntWines,88
880,47,MntWines,2
2320,98,MntWines,508
850,4,MntWines,381
4713,15,MntWines,74
675,67,MntWines,146
5025,32,MntWines,23
2308,40,MntWines,110
5995,54,MntWines,165
6749,78,MntWines,957
1010,94,MntWines,41
8977,51,MntWines,1
4756,42,MntWines,176
3412,67,MntWines,815
606,87,MntWines,6
5961,29,MntWines,8
2975,89,MntWines,717
2894,74,MntWines,1067
7613,97,MntWines,166
10542,63,MntWines,29
8015,88,MntWines,714
10617,34,MntWines,8
11166,81,MntWines,229
849,65,MntWines,320
523,51,MntWines,23
4066,76,MntWines,1
8414,76,MntWines,56
819,84,MntWines,508
4961,56,MntWines,29
749,31,MntWines,46
5430,0,MntWines,454
7755,91,MntWines,350
10525,40,MntWines,10
1453,59,MntWines,735
8310,96,MntWines,897
10710,61,MntWines,5
5031,14,MntWines,777
2613,16,MntWines,162
213,98,MntWines,35
967,11,MntWines,342
1077,52,MntWines,258
7959,19,MntWines,658
640,61,MntWines,356
4252,73,MntWines,213
8432,0,MntWines,454
6218,74,MntWines,457
6905,55,MntWines,241
5922,48,MntWines,210
3598,53,MntWines,441
6116,13,MntWines,19
6263,34,MntWines,28
10486,54,MntWines,476
2410,69,MntWines,364
193,81,MntWines,0
3363,99,MntWines,0
8278,3,MntWines,863
10660,61,MntWines,349
8686,65,MntWines,5
1604,93,MntWines,184
5907,24,MntWines,8
10669,8,MntWines,277
2918,72,MntWines,44
5735,29,MntWines,1156
359,33,MntWines,373
8387,68,MntWines,134
1829,55,MntWines,1148
3839,76,MntWines,6
9392,17,MntWines,4
2292,94,MntWines,5
10466,86,MntWines,24
9855,25,MntWines,899
4088,22,MntWines,108
5231,15,MntWines,27
590,35,MntWines,816
8732,81,MntWines,1298
2315,55,MntWines,10
3515,94,MntWines,87
2245,50,MntWines,57
6283,64,MntWines,635
2246,91,MntWines,43
6606,11,MntWines,964
5545,72,MntWines,572
7342,6,MntWines,341
837,0,MntWines,63
9500,66,MntWines,221
3602,42,MntWines,140
234,60,MntWines,1
2995,64,MntWines,291
1118,87,MntWines,544
7789,96,MntWines,684
3068,1,MntWines,1
8955,54,MntWines,35
945,53,MntWines,87
5644,96,MntWines,309
7192,58,MntWines,172
2324,12,MntWines,625
697,78,MntWines,972
3439,64,MntWines,157
1506,26,MntWines,48
232,8,MntWines,279
8876,49,MntWines,132
4500,56,MntWines,919
9739,55,MntWines,62
10395,25,MntWines,1
1176,50,MntWines,2
1627,84,MntWines,408
938,30,MntWines,51
2740,81,MntWines,62
257,74,MntWines,952
4058,76,MntWines,618
7736,36,MntWines,11
8210,64,MntWines,318
833,62,MntWines,56
6230,53,MntWines,110
7325,86,MntWines,23
1307,15,MntWines,27
1502,67,MntWines,18
6211,47,MntWines,18
843,47,MntWines,303
4174,81,MntWines,97
9757,98,MntWines,997
6918,56,MntWines,5
286,48,MntWines,95
11086,18,MntWines,1
1921,74,MntWines,46
4138,68,MntWines,411
7718,36,MntWines,244
1291,90,MntWines,152
6862,65,MntWines,1
4136,63,MntWines,10
803,82,MntWines,12
4298,63,MntWines,5
10833,55,MntWines,790
9606,64,MntWines,882
8534,51,MntWines,615
5153,97,MntWines,1004
961,92,MntWines,133
5011,51,MntWines,595
6653,72,MntWines,293
9094,39,MntWines,313
810,49,MntWines,151
5493,21,MntWines,15
2147,91,MntWines,736
5107,37,MntWines,15
3979,98,MntWines,982
6049,85,MntWines,1142
8147,40,MntWines,28
1857,2,MntWines,46
3910,78,MntWines,897
5207,41,MntWines,489
11114,94,MntWines,25
5429,10,MntWines,145
9400,73,MntWines,630
1740,22,MntWines,760
7488,30,MntWines,420
195,21,MntWines,125
635,51,MntWines,464
7527,97,MntWines,6
10319,56,MntWines,1090
2296,4,MntWines,3
10637,77,MntWines,24
2931,95,MntWines,737
907,36,MntWines,254
3698,13,MntWines,817
9516,90,MntWines,620
679,49,MntWines,13
7384,18,MntWines,113
5043,89,MntWines,7
5267,43,MntWines,16
339,82,MntWines,462
2516,84,MntWines,22
9010,80,MntWines,968
378,68,MntWines,283
4808,12,MntWines,1
5068,75,MntWines,14
7628,10,MntWines,30
7128,91,MntWines,4
2811,21,MntWines,52
3551,28,MntWines,62
1663,97,MntWines,20
5543,49,MntWines,545
1577,14,MntWines,558
10641,5,MntWines,6
5336,37,MntWines,39
6024,62,MntWines,1111
1878,83,MntWines,4
3099,48,MntWines,183
6055,94,MntWines,546
5841,61,MntWines,606
3972,70,MntWines,266
4394,43,MntWines,1142
5758,23,MntWines,1074
6658,37,MntWines,771
4603,50,MntWines,371
8427,78,MntWines,556
10260,74,MntWines,202
7143,14,MntWines,209
8789,77,MntWines,35
6197,39,MntWines,37
4554,89,MntWines,171
4937,62,MntWines,12
1920,59,MntWines,44
8749,68,MntWines,20
1650,13,MntWines,779
10377,37,MntWines,170
9206,36,MntWines,491
10971,28,MntWines,173
6398,2,MntWines,7
9212,17,MntWines,1205
7937,86,MntWines,10
839,54,MntWines,97
4246,2,MntWines,67
158,3,MntWines,345
4832,84,MntWines,6
5621,8,MntWines,73
1945,4,MntWines,711
5147,57,MntWines,774
2535,24,MntWines,163
11039,51,MntWines,82
9495,29,MntWines,358
9635,13,MntWines,66
2173,23,MntWines,13
942,36,MntWines,139
9386,88,MntWines,274
5510,2,MntWines,262
873,3,MntWines,1099
2253,15,MntWines,32
5181,58,MntWines,2
979,11,MntWines,6
10390,27,MntWines,6
4698,32,MntWines,135
7793,12,MntWines,641
1745,88,MntWines,714
10590,91,MntWines,794
5080,12,MntWines,420
8369,21,MntWines,1
5232,23,MntWines,86
2407,10,MntWines,823
3834,35,MntWines,231
7912,69,MntWines,8
7712,68,MntWines,182
1065,85,MntWines,557
7275,34,MntWines,79
1343,55,MntWines,368
1384,10,MntWines,6
9967,30,MntWines,160
6181,36,MntWines,488
10507,14,MntWines,691
2674,79,MntWines,543
2698,52,MntWines,254
3231,97,MntWines,5
4096,24,MntWines,112
10476,0,MntWines,134
5948,96,MntWines,143
9140,89,MntWines,51
10258,94,MntWines,27
5675,98,MntWines,459
4743,72,MntWines,689
8805,1,MntWines,283
1542,26,MntWines,347
6770,5,MntWines,5
8773,22,MntWines,280
10475,39,MntWines,187
10420,56,MntWines,95
7514,74,MntWines,84
2902,87,MntWines,19
4345,49,MntWines,5
793,24,MntWines,18
10909,9,MntWines,992
3769,17,MntWines,25
8702,10,MntWines,9
4791,35,MntWines,19
2963,56,MntWines,709
8216,7,MntWines,158
8140,51,MntWines,10
10146,17,MntWines,25
5289,30,MntWines,8
2587,21,MntWines,14
4405,2,MntWines,622
8663,85,MntWines,11
2589,65,MntWines,25
3421,64,MntWines,635
10490,11,MntWines,100
4094,92,MntWines,201
9958,54,MntWines,642
2534,4,MntWines,97
4188,53,MntWines,204
6613,39,MntWines,513
10827,49,MntWines,88
5491,70,MntWines,172
8402,40,MntWines,329
8783,40,MntWines,296
10010,43,MntWines,100
618,17,MntWines,422
9121,40,MntWines,1218
361,84,MntWines,5
4310,25,MntWines,507
2678,62,MntWines,52
6376,83,MntWines,191
524,47,MntWines,2
10341,45,MntWines,68
5654,34,MntWines,20
4098,3,MntWines,20
5824,1,MntWines,7
7000,18,MntWines,279
2561,45,MntWines,977
5229,81,MntWines,30
4086,77,MntWines,6
2428,23,MntWines,3
8254,48,MntWines,14
2836,61,MntWines,10
8418,60,MntWines,7
1362,75,MntWines,33
7152,64,MntWines,12
10033,54,MntWines,2
9349,84,MntWines,693
274,75,MntWines,9
3388,16,MntWines,129
922,79,MntWines,16
8588,92,MntWines,201
2518,16,MntWines,5
574,96,MntWines,14
3220,30,MntWines,29
5967,60,MntWines,26
1183,11,MntWines,9
6856,75,MntWines,14
4530,36,MntWines,972
1553,71,MntWines,966
4682,88,MntWines,99
8204,93,MntWines,482
5221,93,MntWines,714
1232,54,MntWines,587
1927,41,MntWines,399
5788,46,MntWines,56
6652,28,MntWines,227
6246,40,MntWines,703
5975,82,MntWines,37
6875,38,MntWines,167
4399,3,MntWines,458
4042,87,MntWines,91
2157,49,MntWines,15
10133,16,MntWines,1302
2525,65,MntWines,153
8233,9,MntWines,508
9483,24,MntWines,290
2945,25,MntWines,38
10403,43,MntWines,2
5074,10,MntWines,30
10524,29,MntWines,386
4690,45,MntWines,443
7521,57,MntWines,901
7196,20,MntWines,9
4406,29,MntWines,846
9672,82,MntWines,8
4864,68,MntWines,72
4706,65,MntWines,29
4070,99,MntWines,169
25,9,MntWines,460
3697,20,MntWines,69
217,78,MntWines,556
4220,26,MntWines,73
5286,68,MntWines,112
9559,79,MntWines,944
2849,25,MntWines,265
7787,83,MntWines,526
3102,32,MntWines,2
5868,49,MntWines,2
8370,50,MntWines,378
9988,84,MntWines,553
2939,96,MntWines,751
5529,56,MntWines,406
9743,85,MntWines,1449
5763,63,MntWines,123
3478,17,MntWines,267
7494,11,MntWines,209
1763,62,MntWines,1259
7250,48,MntWines,344
2005,86,MntWines,22
10770,73,MntWines,247
6885,36,MntWines,38
2072,34,MntWines,896
9463,16,MntWines,931
6318,48,MntWines,758
4093,61,MntWines,216
5751,54,MntWines,2
3340,56,MntWines,244
3594,74,MntWines,539
3584,35,MntWines,1181
3643,65,MntWines,750
851,48,MntWines,306
7706,88,MntWines,350
3967,19,MntWines,331
10128,21,MntWines,620
486,27,MntWines,434
9,86,MntWines,57
9451,92,MntWines,811
9264,1,MntWines,423
3865,14,MntWines,2
2853,74,MntWines,60
1490,84,MntWines,675
6310,4,MntWines,30
10380,50,MntWines,40
3887,2,MntWines,3
4278,73,MntWines,910
8643,21,MntWines,252
1998,82,MntWines,34
10795,14,MntWines,19
11110,56,MntWines,2
2408,20,MntWines,490
202,54,MntWines,332
7998,77,MntWines,53
830,5,MntWines,784
3536,65,MntWines,7
6050,33,MntWines,1171
125,65,MntWines,215
3463,41,MntWines,674
2804,86,MntWines,57
3745,92,MntWines,5
9771,97,MntWines,104
451,91,MntWines,9
10530,0,MntWines,431
1079,59,MntWines,1000
8920,4,MntWines,448
6678,5,MntWines,33
3852,48,MntWines,505
528,99,MntWines,267
73,81,MntWines,14
5589,95,MntWines,631
10212,43,MntWines,65
6365,5,MntWines,10
5636,50,MntWines,51
591,76,MntWines,293
2217,46,MntWines,11
2544,68,MntWines,50
7725,33,MntWines,173
8091,50,MntWines,423
7321,85,MntWines,292
5462,63,MntWines,757
7791,89,MntWines,12
955,81,MntWines,167
4037,77,MntWines,3
6642,50,MntWines,30
2793,10,MntWines,532
5424,30,MntWines,29
879,66,MntWines,411
9530,16,MntWines,5
4828,12,MntWines,71
10699,30,MntWines,46
1497,8,MntWines,268
7476,93,MntWines,928
4390,14,MntWines,459
10478,53,MntWines,483
1081,26,MntWines,733
4261,23,MntWines,1006
9916,92,MntWines,34
5350,29,MntWines,1156
8135,41,MntWines,7
8685,56,MntWines,244
4967,19,MntWines,233
2130,4,MntWines,35
9298,89,MntWines,1252
8175,71,MntWines,34
6257,81,MntWines,255
3790,31,MntWines,8
9952,53,MntWines,368
3503,78,MntWines,255
5223,80,MntWines,33
4608,18,MntWines,163
1626,37,MntWines,15
4764,52,MntWines,45
2471,39,MntWines,48
5892,11,MntWines,158
2612,33,MntWines,754
4971,22,MntWines,108
5185,83,MntWines,199
10069,43,MntWines,2
2262,74,MntWines,202
1131,54,MntWines,85
1041,3,MntWines,322
24,96,MntWines,18
3409,68,MntWines,141
7022,2,MntWines,739
7943,40,MntWines,18
5272,64,MntWines,378
5453,26,MntWines,1083
2565,69,MntWines,1016
800,57,MntWines,23
11092,78,MntWines,12
5062,71,MntWines,35
8969,59,MntWines,548
4656,28,MntWines,342
4480,61,MntWines,365
9971,22,MntWines,397
6729,95,MntWines,456
1773,38,MntWines,5
9242,19,MntWines,836
1764,92,MntWines,100
6215,24,MntWines,10
10099,21,MntWines,238
5423,35,MntWines,6
940,9,MntWines,158
3011,23,MntWines,86
3298,92,MntWines,856
8286,55,MntWines,98
9668,14,MntWines,4
5120,78,MntWines,398
6097,64,MntWines,313
7019,49,MntWines,109
7408,8,MntWines,216
8041,35,MntWines,595
252,11,MntWines,123
9986,8,MntWines,16
3276,53,MntWines,11
3859,36,MntWines,410
3570,64,MntWines,159
3783,43,MntWines,105
10207,40,MntWines,5
10906,52,MntWines,269
3427,11,MntWines,629
5209,21,MntWines,443
10711,23,MntWines,217
10785,17,MntWines,24
2814,6,MntWines,9
6866,56,MntWines,8
1665,71,MntWines,1459
6575,51,MntWines,230
3829,94,MntWines,1
3091,27,MntWines,340
10141,1,MntWines,7
5177,56,MntWines,298
7005,71,MntWines,479
6409,18,MntWines,267
7485,48,MntWines,67
8079,86,MntWines,3
8395,48,MntWines,980
10352,2,MntWines,50
4931,13,MntWines,1
13,57,MntWines,19
1834,77,MntWines,30
2285,0,MntWines,213
2295,57,MntWines,539
1378,24,MntWines,284
2781,55,MntWines,1003
1165,62,MntWines,239
1404,89,MntWines,51
6457,77,MntWines,527
2639,45,MntWines,19
8299,46,MntWines,40
6437,80,MntWines,21
6912,60,MntWines,593
7327,71,MntWines,21
5299,43,MntWines,1181
4127,97,MntWines,1004
8143,49,MntWines,202
1964,66,MntWines,446
3690,20,MntWines,1184
3433,54,MntWines,390
3389,61,MntWines,726
4712,18,MntWines,8
1170,45,MntWines,50
6347,26,MntWines,1
4065,0,MntWines,308
8230,28,MntWines,22
1215,49,MntWines,690
5939,84,MntWines,43
2156,38,MntWines,27
7788,53,MntWines,6
10323,88,MntWines,205
7947,99,MntWines,24
1891,12,MntWines,667
2570,35,MntWines,691
9256,5,MntWines,493
295,77,MntWines,493
7397,45,MntWines,494
6349,71,MntWines,621
10790,40,MntWines,9
10398,82,MntWines,1
2431,70,MntWines,12
550,87,MntWines,243
1890,95,MntWines,11
10742,72,MntWines,532
10356,5,MntWines,29
4676,86,MntWines,612
8852,80,MntWines,387
3565,62,MntWines,56
5294,49,MntWines,6
1958,85,MntWines,582
7349,7,MntWines,6
8799,6,MntWines,70
1351,25,MntWines,962
1045,55,MntWines,112
7732,81,MntWines,293
8070,98,MntWines,199
477,31,MntWines,1060
7832,30,MntWines,940
2202,98,MntWines,44
7396,92,MntWines,342
4055,41,MntWines,2
10340,68,MntWines,75
10091,78,MntWines,520
7629,46,MntWines,5
10640,71,MntWines,87
3498,6,MntWines,462
6742,82,MntWines,2
1172,71,MntWines,979
569,32,MntWines,704
4686,28,MntWines,861
1381,20,MntWines,172
2634,10,MntWines,5
10905,7,MntWines,194
1744,67,MntWines,9
1000,48,MntWines,505
3828,61,MntWines,533
8605,36,MntWines,48
10304,77,MntWines,6
4351,90,MntWines,18
10129,35,MntWines,482
2499,38,MntWines,204
10092,46,MntWines,1073
7500,33,MntWines,245
5796,70,MntWines,560
10556,51,MntWines,173
1064,18,MntWines,22
48,97,MntWines,136
7610,32,MntWines,275
263,9,MntWines,56
10814,6,MntWines,303
9710,80,MntWines,708
9292,74,MntWines,324
10250,49,MntWines,1
7881,21,MntWines,620
5847,95,MntWines,312
737,56,MntWines,1493
3571,48,MntWines,918
7807,26,MntWines,98
3878,3,MntWines,3
5092,39,MntWines,380
2154,33,MntWines,15
5394,42,MntWines,3
3798,80,MntWines,24
3524,9,MntWines,80
5247,52,MntWines,31
5883,78,MntWines,138
2118,68,MntWines,166
8812,45,MntWines,12
6616,47,MntWines,178
2797,34,MntWines,707
4328,81,MntWines,5
9167,72,MntWines,465
10560,23,MntWines,16
2631,29,MntWines,358
8312,80,MntWines,1
5534,30,MntWines,123
5093,15,MntWines,40
7592,86,MntWines,102
8895,68,MntWines,347
8584,54,MntWines,376
2694,44,MntWines,21
8910,7,MntWines,194
7433,87,MntWines,64
164,59,MntWines,206
10477,16,MntWines,71
2681,1,MntWines,71
5150,64,MntWines,0
5283,72,MntWines,93
9645,98,MntWines,920
10678,91,MntWines,653
7261,8,MntWines,199
9648,20,MntWines,153
2870,6,MntWines,376
8008,54,MntWines,46
1513,72,MntWines,600
6173,46,MntWines,425
1419,11,MntWines,18
9150,21,MntWines,52
7960,89,MntWines,734
1250,82,MntWines,34
9905,69,MntWines,135
10691,55,MntWines,11
7002,13,MntWines,163
2952,80,MntWines,29
8439,97,MntWines,734
762,27,MntWines,340
2831,99,MntWines,453
6977,87,MntWines,1073
6289,85,MntWines,135
4168,30,MntWines,231
8397,82,MntWines,18
9284,21,MntWines,620
6237,92,MntWines,81
3130,95,MntWines,12
1619,2,MntWines,292
1990,74,MntWines,965
5513,49,MntWines,27
269,71,MntWines,777
8093,72,MntWines,572
10513,68,MntWines,438
10177,4,MntWines,531
2549,80,MntWines,17
5782,15,MntWines,402
10057,70,MntWines,503
10307,91,MntWines,369
8566,10,MntWines,5
2415,99,MntWines,362
5684,25,MntWines,56
8334,34,MntWines,79
9166,57,MntWines,387
1440,84,MntWines,367
78,51,MntWines,15
5441,97,MntWines,267
5302,13,MntWines,298
4687,92,MntWines,674
1087,30,MntWines,16
6859,30,MntWines,37
9860,11,MntWines,159
7129,72,MntWines,686
5866,39,MntWines,97
10521,0,MntWines,63
7393,15,MntWines,56
7849,12,MntWines,209
332,56,MntWines,198
9847,39,MntWines,313
531,55,MntWines,941
9576,60,MntWines,86
6906,73,MntWines,167
7419,90,MntWines,8
3170,86,MntWines,389
8527,37,MntWines,239
7872,7,MntWines,179
9931,29,MntWines,5
10595,19,MntWines,2
4609,14,MntWines,383
5010,72,MntWines,2
4427,56,MntWines,536
11148,85,MntWines,2
1168,62,MntWines,322
9595,1,MntWines,539
10163,28,MntWines,712
2886,70,MntWines,1121
6710,84,MntWines,68
5316,89,MntWines,36
9029,73,MntWines,707
521,42,MntWines,174
1459,16,MntWines,666
10241,16,MntWines,0
1630,56,MntWines,162
3254,65,MntWines,407
9064,10,MntWines,823
3678,13,MntWines,488
4227,78,MntWines,28
9467,51,MntWines,3
8486,27,MntWines,284
2186,30,MntWines,938
3286,71,MntWines,13
8602,97,MntWines,412
3722,83,MntWines,31
6715,3,MntWines,502
4796,71,MntWines,18
9612,3,MntWines,1
3766,15,MntWines,100
1399,52,MntWines,407
1570,8,MntWines,664
3426,89,MntWines,1045
3074,66,MntWines,1218
8341,22,MntWines,15
5180,56,MntWines,128
6461,74,MntWines,581
7679,48,MntWines,6
10702,67,MntWines,185
7505,24,MntWines,22
5113,67,MntWines,584
10858,38,MntWines,355
2961,86,MntWines,175
2747,90,MntWines,864
3010,87,MntWines,957
5790,62,MntWines,25
6892,23,MntWines,641
1743,99,MntWines,273
3578,29,MntWines,122
8462,52,MntWines,1
5558,90,MntWines,1020
4619,9,MntWines,6
8780,71,MntWines,378
10789,13,MntWines,42
10779,16,MntWines,15
5896,94,MntWines,272
2337,77,MntWines,9
10951,20,MntWines,279
544,51,MntWines,398
17,81,MntWines,637
10680,71,MntWines,45
3265,36,MntWines,21
5623,95,MntWines,15
5832,32,MntWines,493
5544,32,MntWines,957
6417,85,MntWines,829
5831,93,MntWines,1017
7101,24,MntWines,953
10176,44,MntWines,159
2326,15,MntWines,32
4385,82,MntWines,23
2929,27,MntWines,18
10686,72,MntWines,15
2546,7,MntWines,23
3283,57,MntWines,200
3138,84,MntWines,1324
4994,53,MntWines,1193
7966,48,MntWines,505
3112,2,MntWines,2
10872,65,MntWines,1103
2181,45,MntWines,353
1867,42,MntWines,652
1518,29,MntWines,379
5734,83,MntWines,46
2878,93,MntWines,162
1458,40,MntWines,8
7007,47,MntWines,17
6200,50,MntWines,340
1403,40,MntWines,8
4827,3,MntWines,154
6250,62,MntWines,710
9291,25,MntWines,8
2478,48,MntWines,2
1139,56,MntWines,1050
5138,68,MntWines,19
5393,64,MntWines,22
10413,67,MntWines,274
5015,94,MntWines,68
10868,82,MntWines,344
10676,3,MntWines,145
2495,24,MntWines,217
7842,54,MntWines,18
9955,20,MntWines,69
6663,96,MntWines,144
2162,19,MntWines,256
3434,60,MntWines,483
7919,2,MntWines,1285
5626,13,MntWines,338
6428,37,MntWines,605
8514,59,MntWines,8
10448,55,MntWines,172
2109,60,MntWines,448
7530,48,MntWines,67
8925,38,MntWines,512
3009,8,MntWines,1462
6355,19,MntWines,20
3517,32,MntWines,50
1158,27,MntWines,102
6203,58,MntWines,499
7165,59,MntWines,381
3595,29,MntWines,631
8537,60,MntWines,526
4331,41,MntWines,913
6281,27,MntWines,673
4338,28,MntWines,23
2452,8,MntWines,199
9507,18,MntWines,261
8360,76,MntWines,111
10311,0,MntWines,16
5117,32,MntWines,63
4867,2,MntWines,58
9289,16,MntWines,29
10913,56,MntWines,3
3032,97,MntWines,28
8524,15,MntWines,40
3334,35,MntWines,879
4470,3,MntWines,62
1406,49,MntWines,280
8619,4,MntWines,9
10821,45,MntWines,182
4552,37,MntWines,83
898,39,MntWines,38
9797,38,MntWines,228
10949,8,MntWines,1092
8212,89,MntWines,85
6248,47,MntWines,1276
10164,75,MntWines,1017
4547,86,MntWines,6
6815,4,MntWines,448
4122,73,MntWines,504
10841,46,MntWines,226
5370,38,MntWines,239
176,73,MntWines,90
4860,66,MntWines,7
10757,36,MntWines,4
4023,29,MntWines,16
6679,29,MntWines,10
9923,6,MntWines,68
7181,97,MntWines,35
3599,61,MntWines,575
405,68,MntWines,315
6870,73,MntWines,182
832,90,MntWines,561
2002,81,MntWines,587
3657,1,MntWines,94
500,79,MntWines,908
1951,92,MntWines,228
3262,31,MntWines,995
4102,46,MntWines,11
7042,14,MntWines,3
10598,89,MntWines,12
255,31,MntWines,17
2375,75,MntWines,8
9829,42,MntWines,22
6214,53,MntWines,14
4954,53,MntWines,106
7861,23,MntWines,820
4837,57,MntWines,753
9423,49,MntWines,13
4198,6,MntWines,9
153,29,MntWines,19
9323,5,MntWines,520
10001,98,MntWines,5
3945,80,MntWines,618
3799,4,MntWines,315
8625,70,MntWines,15
3491,32,MntWines,384
983,82,MntWines,110
9119,27,MntWines,208
4786,94,MntWines,555
5872,23,MntWines,240
6568,97,MntWines,11
5628,25,MntWines,848
5631,92,MntWines,202
4974,98,MntWines,433
8416,19,MntWines,6
5454,80,MntWines,37
4095,80,MntWines,167
5474,79,MntWines,45
4268,50,MntWines,129
10701,60,MntWines,713
3507,44,MntWines,676
2079,0,MntWines,450
626,28,MntWines,22
4426,35,MntWines,367
2591,49,MntWines,526
10509,46,MntWines,51
6382,97,MntWines,25
6673,51,MntWines,28
7441,80,MntWines,958
1071,10,MntWines,532
10061,29,MntWines,724
7187,52,MntWines,375
8775,74,MntWines,39
1612,82,MntWines,23
2345,54,MntWines,587
322,93,MntWines,29
10897,63,MntWines,757
123,92,MntWines,544
6103,40,MntWines,40
7899,70,MntWines,1245
10500,96,MntWines,19
1655,81,MntWines,16
2406,63,MntWines,376
2712,85,MntWines,184
5517,51,MntWines,15
10643,23,MntWines,124
2254,95,MntWines,627
10281,11,MntWines,180
6958,42,MntWines,14
954,77,MntWines,3
5079,82,MntWines,71
10339,83,MntWines,161
4643,40,MntWines,8
3117,95,MntWines,264
6497,32,MntWines,293
5396,48,MntWines,758
5250,75,MntWines,532
1052,24,MntWines,656
2802,61,MntWines,196
6343,6,MntWines,835
6507,16,MntWines,16
7901,39,MntWines,9
4865,2,MntWines,229
2686,49,MntWines,0
3107,31,MntWines,121
7734,58,MntWines,471
1146,5,MntWines,520
11031,90,MntWines,26
7428,47,MntWines,240
975,25,MntWines,178
1103,60,MntWines,1486
3422,67,MntWines,1115
1055,40,MntWines,29
6544,63,MntWines,529
1241,1,MntWines,13
2909,89,MntWines,934
5802,40,MntWines,2
1407,5,MntWines,4
6183,3,MntWines,62
340,1,MntWines,158
5991,24,MntWines,173
3104,89,MntWines,830
9729,48,MntWines,189
1008,31,MntWines,728
11091,68,MntWines,7
3969,46,MntWines,35
1916,92,MntWines,188
9907,80,MntWines,742
87,16,MntWines,0
8659,50,MntWines,750
6262,93,MntWines,816
6147,51,MntWines,5
8832,24,MntWines,37
10067,79,MntWines,4
7532,26,MntWines,99
4915,86,MntWines,176
2115,68,MntWines,54
2088,98,MntWines,997
2493,34,MntWines,356
6292,60,MntWines,1311
1631,3,MntWines,890
10104,65,MntWines,4
3006,83,MntWines,17
3919,64,MntWines,960
11181,85,MntWines,2
642,69,MntWines,1
4369,48,MntWines,240
10127,21,MntWines,301
271,30,MntWines,154
4973,39,MntWines,2
2948,76,MntWines,104
2715,11,MntWines,70
10432,26,MntWines,2
9216,34,MntWines,23
7124,72,MntWines,43
9727,13,MntWines,4
5136,58,MntWines,654
9790,12,MntWines,912
1818,23,MntWines,25
1100,33,MntWines,24
7873,30,MntWines,141
10609,15,MntWines,71
6950,25,MntWines,35
7233,4,MntWines,496
9481,80,MntWines,9
7699,30,MntWines,154
2711,6,MntWines,9
8933,16,MntWines,26
8726,57,MntWines,77
1515,9,MntWines,11
5186,59,MntWines,576
10157,78,MntWines,89
5667,90,MntWines,1013
902,74,MntWines,224
977,10,MntWines,200
7313,63,MntWines,570
7600,13,MntWines,1
9706,98,MntWines,62
2429,4,MntWines,531
3520,94,MntWines,162
10394,91,MntWines,675
4548,66,MntWines,23
9362,14,MntWines,492
3968,77,MntWines,918
4084,41,MntWines,224
6721,21,MntWines,572
2829,25,MntWines,626
1772,2,MntWines,1074
1544,51,MntWines,741
492,3,MntWines,322
4377,32,MntWines,254
4541,84,MntWines,116
1321,49,MntWines,22
8858,69,MntWines,516
3266,96,MntWines,14
11187,23,MntWines,2
8207,18,MntWines,28
9723,8,MntWines,530
2666,21,MntWines,519
5721,60,MntWines,611
10652,48,MntWines,240
1646,36,MntWines,4
4418,36,MntWines,671
2656,63,MntWines,23
7990,2,MntWines,9
8722,38,MntWines,556
7118,61,MntWines,833
2980,52,MntWines,12
1839,25,MntWines,56
10722,63,MntWines,293
2632,10,MntWines,297
9014,65,MntWines,39
7620,71,MntWines,5
10968,0,MntWines,266
11133,3,MntWines,322
2736,88,MntWines,366
1876,15,MntWines,32
5959,80,MntWines,158
1092,17,MntWines,269
4333,76,MntWines,41
3850,52,MntWines,3
6168,28,MntWines,33
607,31,MntWines,302
10469,42,MntWines,519
6983,24,MntWines,23
3661,42,MntWines,594
9303,12,MntWines,12
692,88,MntWines,4
736,67,MntWines,18
9589,54,MntWines,332
4838,40,MntWines,5
9246,73,MntWines,171
6261,81,MntWines,270
7366,12,MntWines,712
10659,7,MntWines,2
1448,33,MntWines,21
4286,24,MntWines,580
4749,55,MntWines,368
4478,87,MntWines,457
4201,39,MntWines,229
8720,53,MntWines,32
10084,9,MntWines,3
7004,82,MntWines,24
9817,71,MntWines,853
8080,50,MntWines,5
9432,23,MntWines,9
8372,81,MntWines,3
10870,46,MntWines,709
4001,56,MntWines,406
7270,91,MntWines,908
8235,8,MntWines,428
9405,40,MntWines,84
5524,58,MntFruits,88
2174,38,MntFruits,1
4141,26,MntFruits,49
6182,26,MntFruits,4
5324,94,MntFruits,43
7446,16,MntFruits,42
965,34,MntFruits,65
6177,32,MntFruits,10
4855,19,MntFruits,0
5899,68,MntFruits,0
1994,11,MntFruits,5
387,59,MntFruits,16
2125,82,MntFruits,61
8180,53,MntFruits,2
2569,38,MntFruits,14
2114,23,MntFruits,22
9736,51,MntFruits,5
4939,20,MntFruits,5
6565,91,MntFruits,80
2278,86,MntFruits,17
9360,41,MntFruits,2
5376,42,MntFruits,1
1993,63,MntFruits,0
4047,0,MntFruits,0
1409,69,MntFruits,3
7892,89,MntFruits,4
2404,4,MntFruits,4
5255,19,MntFruits,1
9422,26,MntFruits,2
1966,96,MntFruits,100
6864,34,MntFruits,4
3033,56,MntFruits,17
5710,31,MntFruits,0
7373,8,MntFruits,12
8755,4,MntFruits,34
10738,55,MntFruits,0
4339,37,MntFruits,17
10755,76,MntFruits,3
8595,99,MntFruits,0
2968,53,MntFruits,8
8601,3,MntFruits,76
503,88,MntFruits,1
8430,4,MntFruits,0
7281,80,MntFruits,11
2139,19,MntFruits,1
1371,72,MntFruits,164
9909,24,MntFruits,18
7286,92,MntFruits,6
7244,96,MntFruits,5
6566,39,MntFruits,50
8614,29,MntFruits,19
4114,2,MntFruits,37
1331,54,MntFruits,6
2225,54,MntFruits,120
9381,57,MntFruits,9
6260,55,MntFruits,51
10383,30,MntFruits,35
7437,31,MntFruits,0
8557,57,MntFruits,3
8375,63,MntFruits,0
6853,12,MntFruits,26
3076,18,MntFruits,18
1012,26,MntFruits,7
6518,8,MntFruits,0
4137,29,MntFruits,40
8082,75,MntFruits,3
1386,0,MntFruits,0
9369,19,MntFruits,14
4477,4,MntFruits,49
1357,90,MntFruits,59
1402,1,MntFruits,36
10629,25,MntFruits,3
6312,29,MntFruits,107
8132,88,MntFruits,6
1050,58,MntFruits,10
5846,68,MntFruits,1
1859,34,MntFruits,111
7503,40,MntFruits,105
10401,12,MntFruits,0
1618,9,MntFruits,0
3332,87,MntFruits,4
2261,5,MntFruits,1
5346,87,MntFruits,5
4119,56,MntFruits,17
535,18,MntFruits,23
5268,95,MntFruits,8
273,48,MntFruits,0
4452,3,MntFruits,6
8504,70,MntFruits,60
771,79,MntFruits,9
8996,4,MntFruits,42
9235,45,MntFruits,0
5798,87,MntFruits,37
11178,69,MntFruits,2
2230,84,MntFruits,2
7516,30,MntFruits,3
7247,72,MntFruits,0
11100,37,MntFruits,2
4646,44,MntFruits,26
3037,32,MntFruits,46
1473,0,MntFruits,1
1016,43,MntFruits,1
4518,59,MntFruits,172
9370,68,MntFruits,81
8908,35,MntFruits,76
8373,94,MntFruits,3
7533,15,MntFruits,1
2683,56,MntFruits,106
3629,17,MntFruits,3
10991,18,MntFruits,194
5077,46,MntFruits,115
7431,40,MntFruits,17
3267,27,MntFruits,0
999,95,MntFruits,44
9215,19,MntFruits,0
2286,27,MntFruits,1
1592,25,MntFruits,99
367,74,MntFruits,90
5234,85,MntFruits,5
9862,37,MntFruits,6
9805,65,MntFruits,48
6205,13,MntFruits,3
8442,63,MntFruits,0
7386,83,MntFruits,0
7215,69,MntFruits,27
1491,87,MntFruits,33
11071,37,MntFruits,133
3381,51,MntFruits,0
8268,23,MntFruits,0
11051,72,MntFruits,19
8026,10,MntFruits,58
433,42,MntFruits,5
9597,10,MntFruits,106
1295,96,MntFruits,65
5290,51,MntFruits,0
1685,21,MntFruits,14
5342,31,MntFruits,1
9579,61,MntFruits,1
7660,37,MntFruits,0
1461,74,MntFruits,1
821,46,MntFruits,61
11084,4,MntFruits,0
8690,73,MntFruits,28
2937,47,MntFruits,16
9701,13,MntFruits,34
9949,36,MntFruits,16
10837,47,MntFruits,1
3120,49,MntFruits,1
5885,94,MntFruits,3
4050,65,MntFruits,16
3830,59,MntFruits,21
7987,96,MntFruits,17
7798,28,MntFruits,20
92,12,MntFruits,7
7055,57,MntFruits,0
10240,10,MntFruits,26
3025,4,MntFruits,6
9283,49,MntFruits,1
9970,3,MntFruits,11
2730,64,MntFruits,11
2795,0,MntFruits,0
9260,20,MntFruits,16
8182,91,MntFruits,3
10095,9,MntFruits,12
8475,98,MntFruits,2
4370,83,MntFruits,1
10573,27,MntFruits,16
3712,63,MntFruits,5
6637,46,MntFruits,162
3152,84,MntFruits,10
5610,58,MntFruits,3
6460,78,MntFruits,4
1349,4,MntFruits,7
1880,17,MntFruits,0
641,77,MntFruits,0
8717,56,MntFruits,71
10314,79,MntFruits,66
10854,90,MntFruits,0
10492,96,MntFruits,0
6935,44,MntFruits,26
7698,81,MntFruits,3
3559,77,MntFruits,11
10562,21,MntFruits,26
10796,16,MntFruits,1
2563,80,MntFruits,9
3518,45,MntFruits,1
5823,63,MntFruits,0
3934,34,MntFruits,0
6982,14,MntFruits,30
6431,13,MntFruits,1
9733,52,MntFruits,4
5602,98,MntFruits,22
7829,99,MntFruits,6
1324,93,MntFruits,3
326,38,MntFruits,6
7224,24,MntFruits,0
6999,80,MntFruits,16
9938,82,MntFruits,17
6422,20,MntFruits,189
3182,81,MntFruits,1
7300,50,MntFruits,4
10424,60,MntFruits,138
8727,63,MntFruits,43
2798,54,MntFruits,29
1030,72,MntFruits,0
624,5,MntFruits,4
5176,88,MntFruits,6
5552,50,MntFruits,18
868,99,MntFruits,0
380,17,MntFruits,48
2677,11,MntFruits,24
6521,18,MntFruits,22
6927,70,MntFruits,0
2877,21,MntFruits,0
0,66,MntFruits,10
1584,79,MntFruits,7
7264,2,MntFruits,0
6274,81,MntFruits,16
1377,24,MntFruits,4
454,48,MntFruits,32
1755,93,MntFruits,11
2075,56,MntFruits,10
4785,3,MntFruits,7
9076,44,MntFruits,1
7079,38,MntFruits,23
4653,46,MntFruits,0
7375,84,MntFruits,7
709,27,MntFruits,20
460,72,MntFruits,86
3726,66,MntFruits,1
6798,30,MntFruits,7
5341,2,MntFruits,76
1606,65,MntFruits,1
9617,37,MntFruits,4
3233,89,MntFruits,21
89,49,MntFruits,9
2936,46,MntFruits,0
9449,32,MntFruits,5
7297,54,MntFruits,3
11004,23,MntFruits,0
313,98,MntFruits,61
9940,97,MntFruits,114
10735,75,MntFruits,1
9529,8,MntFruits,153
6439,37,MntFruits,0
7411,31,MntFruits,0
2176,40,MntFruits,16
9265,74,MntFruits,64
8867,90,MntFruits,134
8932,57,MntFruits,28
10236,59,MntFruits,3
6340,52,MntFruits,3
10089,5,MntFruits,148
2227,92,MntFruits,47
10992,77,MntFruits,28
5304,35,MntFruits,0
309,48,MntFruits,21
3406,97,MntFruits,33
2661,95,MntFruits,4
3153,24,MntFruits,0
10264,60,MntFruits,2
1184,46,MntFruits,41
4200,85,MntFruits,2
9396,31,MntFruits,0
2387,9,MntFruits,2
6690,30,MntFruits,4
1225,47,MntFruits,84
9703,70,MntFruits,2
291,13,MntFruits,74
4557,11,MntFruits,7
2379,31,MntFruits,44
5726,15,MntFruits,7
3066,2,MntFruits,0
6336,55,MntFruits,2
10967,38,MntFruits,6
2304,86,MntFruits,7
3445,56,MntFruits,162
7828,29,MntFruits,129
3762,30,MntFruits,0
4391,64,MntFruits,15
4669,46,MntFruits,19
10144,84,MntFruits,7
8652,20,MntFruits,5
1672,74,MntFruits,7
8962,18,MntFruits,0
9974,75,MntFruits,6
10983,17,MntFruits,98
8148,88,MntFruits,28
10102,19,MntFruits,183
4697,62,MntFruits,3
9262,11,MntFruits,6
7254,74,MntFruits,0
4543,32,MntFruits,129
4927,76,MntFruits,3
10451,6,MntFruits,1
2926,62,MntFruits,0
2874,20,MntFruits,4
9738,43,MntFruits,4
7119,45,MntFruits,15
3924,34,MntFruits,0
5827,53,MntFruits,0
5596,44,MntFruits,14
10812,89,MntFruits,0
1717,43,MntFruits,15
9491,68,MntFruits,1
9274,44,MntFruits,147
6609,64,MntFruits,26
6963,85,MntFruits,11
4440,93,MntFruits,0
1379,12,MntFruits,2
10032,86,MntFruits,5
2826,28,MntFruits,0
2437,69,MntFruits,138
6320,42,MntFruits,44
3050,13,MntFruits,0
231,86,MntFruits,0
2392,59,MntFruits,4
9478,30,MntFruits,64
113,33,MntFruits,0
2863,67,MntFruits,20
1802,23,MntFruits,5
520,81,MntFruits,3
8275,6,MntFruits,0
9750,41,MntFruits,60
2607,78,MntFruits,17
7214,49,MntFruits,0
5835,39,MntFruits,2
3896,3,MntFruits,1
10350,37,MntFruits,0
7786,22,MntFruits,7
2861,79,MntFruits,1
663,46,MntFruits,2
10675,82,MntFruits,11
2521,10,MntFruits,1
9592,51,MntFruits,2
10151,38,MntFruits,46
7381,10,MntFruits,153
4099,14,MntFruits,2
9560,18,MntFruits,61
1150,36,MntFruits,144
10172,95,MntFruits,19
11191,11,MntFruits,32
9707,65,MntFruits,0
6245,71,MntFruits,14
8234,13,MntFruits,6
1411,58,MntFruits,34
8553,65,MntFruits,0
1826,0,MntFruits,104
8842,33,MntFruits,0
11030,90,MntFruits,0
2579,95,MntFruits,33
175,93,MntFruits,80
9185,38,MntFruits,20
11056,18,MntFruits,91
9365,57,MntFruits,0
6201,45,MntFruits,2
2061,61,MntFruits,0
6184,6,MntFruits,64
6142,65,MntFruits,17
4107,52,MntFruits,15
7274,87,MntFruits,163
9336,38,MntFruits,0
2958,53,MntFruits,3
933,31,MntFruits,0
5837,67,MntFruits,8
10704,65,MntFruits,0
5125,64,MntFruits,0
4432,82,MntFruits,3
5955,27,MntFruits,33
2928,63,MntFruits,0
5680,66,MntFruits,4
10313,69,MntFruits,4
2557,52,MntFruits,1
1245,45,MntFruits,12
1519,2,MntFruits,4
10703,86,MntFruits,0
1726,23,MntFruits,9
4459,13,MntFruits,4
1729,14,MntFruits,24
1517,92,MntFruits,9
2098,38,MntFruits,0
9543,74,MntFruits,6
6878,14,MntFruits,12
3310,94,MntFruits,3
2724,33,MntFruits,0
948,32,MntFruits,7
6720,11,MntFruits,11
6202,78,MntFruits,50
2066,56,MntFruits,0
9799,57,MntFruits,21
8318,7,MntFruits,134
5642,0,MntFruits,4
2669,66,MntFruits,152
455,86,MntFruits,9
7683,80,MntFruits,35
3428,56,MntFruits,0
7414,18,MntFruits,1
6354,51,MntFruits,2
798,71,MntFruits,0
8213,71,MntFruits,4
2488,80,MntFruits,1
9999,2,MntFruits,105
7617,83,MntFruits,5
615,29,MntFruits,36
2552,11,MntFruits,0
194,55,MntFruits,0
3645,19,MntFruits,3
8890,1,MntFruits,7
5049,19,MntFruits,0
9973,28,MntFruits,9
7301,76,MntFruits,22
10882,50,MntFruits,53
7030,1,MntFruits,0
7422,90,MntFruits,44
3523,83,MntFruits,34
7106,73,MntFruits,0
6504,24,MntFruits,5
5067,11,MntFruits,26
4216,33,MntFruits,114
8581,4,MntFruits,0
5929,14,MntFruits,3
3129,30,MntFruits,3
6528,75,MntFruits,2
1361,26,MntFruits,68
6932,77,MntFruits,42
7284,8,MntFruits,0
1340,42,MntFruits,137
8746,28,MntFruits,0
5987,52,MntFruits,2
3767,1,MntFruits,0
3725,1,MntFruits,16
4324,42,MntFruits,0
238,76,MntFruits,47
6694,27,MntFruits,66
498,28,MntFruits,0
9347,49,MntFruits,0
9699,12,MntFruits,35
10664,14,MntFruits,4
5455,89,MntFruits,0
456,96,MntFruits,11
5012,56,MntFruits,4
7495,72,MntFruits,28
5029,14,MntFruits,1
10642,13,MntFruits,4
2106,99,MntFruits,6
10364,72,MntFruits,0
5954,92,MntFruits,14
1137,87,MntFruits,190
2541,7,MntFruits,7
1142,91,MntFruits,7
2276,71,MntFruits,16
2807,24,MntFruits,38
6471,17,MntFruits,2
6131,87,MntFruits,70
6233,21,MntFruits,19
4148,90,MntFruits,24
4947,44,MntFruits,24
3225,71,MntFruits,11
7540,52,MntFruits,15
10648,78,MntFruits,96
1992,2,MntFruits,0
7851,60,MntFruits,0
8594,25,MntFruits,0
7059,47,MntFruits,84
2815,46,MntFruits,5
2416,83,MntFruits,25
7999,17,MntFruits,17
9213,13,MntFruits,1
9697,86,MntFruits,42
3916,92,MntFruits,8
2021,47,MntFruits,76
1581,18,MntFruits,0
564,81,MntFruits,8
6619,91,MntFruits,1
9081,58,MntFruits,1
178,40,MntFruits,0
916,67,MntFruits,3
5512,19,MntFruits,0
8970,93,MntFruits,22
10581,41,MntFruits,7
5300,60,MntFruits,7
5154,54,MntFruits,3
8346,26,MntFruits,15
1676,30,MntFruits,2
9286,93,MntFruits,28
2426,35,MntFruits,74
5172,4,MntFruits,0
5562,92,MntFruits,12
3436,24,MntFruits,0
3921,96,MntFruits,1
3403,11,MntFruits,19
22,99,MntFruits,2
10965,72,MntFruits,20
9426,77,MntFruits,0
6605,85,MntFruits,13
3136,88,MntFruits,25
8737,22,MntFruits,1
11088,83,MntFruits,0
716,63,MntFruits,0
466,9,MntFruits,14
9135,92,MntFruits,2
10623,2,MntFruits,0
8151,6,MntFruits,36
5140,66,MntFruits,0
10160,49,MntFruits,0
4945,29,MntFruits,10
10584,77,MntFruits,162
6071,77,MntFruits,70
3386,71,MntFruits,4
8939,49,MntFruits,138
9925,97,MntFruits,1
4320,6,MntFruits,83
5389,93,MntFruits,17
6036,78,MntFruits,92
182,62,MntFruits,0
203,47,MntFruits,20
11025,9,MntFruits,0
10203,77,MntFruits,7
4607,24,MntFruits,23
3711,19,MntFruits,134
3696,67,MntFruits,1
2532,95,MntFruits,73
9214,48,MntFruits,2
4943,73,MntFruits,33
35,35,MntFruits,1
2258,76,MntFruits,4
4322,20,MntFruits,38
713,72,MntFruits,15
4702,20,MntFruits,155
3281,69,MntFruits,10
702,80,MntFruits,61
2004,65,MntFruits,54
4769,52,MntFruits,4
4437,65,MntFruits,6
8724,57,MntFruits,3
10741,70,MntFruits,12
1991,0,MntFruits,0
6931,19,MntFruits,151
11096,50,MntFruits,4
304,67,MntFruits,3
3665,46,MntFruits,9
10591,37,MntFruits,10
5036,38,MntFruits,3
5547,9,MntFruits,19
7822,56,MntFruits,18
8541,98,MntFruits,4
10955,68,MntFruits,46
4368,72,MntFruits,7
9671,47,MntFruits,3
2256,33,MntFruits,0
4279,87,MntFruits,4
5371,0,MntFruits,16
9240,73,MntFruits,0
9460,74,MntFruits,3
9504,4,MntFruits,28
8692,50,MntFruits,17
448,57,MntFruits,85
8314,30,MntFruits,129
8420,27,MntFruits,4
3174,61,MntFruits,38
7685,4,MntFruits,8
3179,75,MntFruits,153
9780,12,MntFruits,25
10681,13,MntFruits,129
10232,9,MntFruits,18
4184,48,MntFruits,2
9120,80,MntFruits,10
891,60,MntFruits,0
10381,43,MntFruits,0
3525,19,MntFruits,0
6818,26,MntFruits,0
3526,58,MntFruits,0
8181,42,MntFruits,12
1029,27,MntFruits,5
7369,56,MntFruits,6
2574,27,MntFruits,12
8159,10,MntFruits,0
1160,48,MntFruits,4
10242,39,MntFruits,0
5253,85,MntFruits,13
5966,64,MntFruits,0
5314,69,MntFruits,3
5081,54,MntFruits,0
5123,57,MntFruits,12
5756,64,MntFruits,0
8036,10,MntFruits,1
9058,65,MntFruits,21
5057,74,MntFruits,47
254,4,MntFruits,4
4179,94,MntFruits,9
3710,41,MntFruits,0
7627,25,MntFruits,183
4501,94,MntFruits,127
6424,9,MntFruits,6
3075,47,MntFruits,30
4992,12,MntFruits,4
5252,80,MntFruits,12
7444,20,MntFruits,0
6919,39,MntFruits,7
3537,57,MntFruits,3
10277,27,MntFruits,0
2453,83,MntFruits,28
7972,79,MntFruits,32
895,69,MntFruits,16
1177,77,MntFruits,3
7141,15,MntFruits,10
7232,99,MntFruits,0
8477,61,MntFruits,1
2457,23,MntFruits,4
988,84,MntFruits,0
7930,74,MntFruits,13
4587,90,MntFruits,25
6682,41,MntFruits,8
6222,28,MntFruits,0
10299,73,MntFruits,91
3083,88,MntFruits,13
8953,94,MntFruits,0
1503,31,MntFruits,1
8650,31,MntFruits,6
10862,6,MntFruits,8
2782,23,MntFruits,0
6941,92,MntFruits,8
10972,52,MntFruits,35
10708,50,MntFruits,6
6583,54,MntFruits,22
3641,93,MntFruits,2
10156,56,MntFruits,63
4299,28,MntFruits,17
3469,94,MntFruits,18
5063,76,MntFruits,5
10727,43,MntFruits,107
9624,46,MntFruits,45
5156,13,MntFruits,129
4376,27,MntFruits,24
8923,12,MntFruits,22
8461,3,MntFruits,0
6945,72,MntFruits,20
944,6,MntFruits,103
1907,53,MntFruits,69
701,58,MntFruits,21
3856,78,MntFruits,50
4149,57,MntFruits,66
2131,37,MntFruits,89
2942,20,MntFruits,3
1173,73,MntFruits,105
4381,56,MntFruits,2
4611,36,MntFruits,181
3376,9,MntFruits,6
4679,42,MntFruits,0
10928,28,MntFruits,4
4248,23,MntFruits,19
6728,38,MntFruits,0
6661,63,MntFruits,80
4725,71,MntFruits,2
3277,9,MntFruits,3
5555,81,MntFruits,1
2564,87,MntFruits,3
946,92,MntFruits,47
3867,36,MntFruits,112
6940,86,MntFruits,1
55,83,MntFruits,0
7093,74,MntFruits,6
5084,87,MntFruits,53
1777,29,MntFruits,2
8162,88,MntFruits,1
10826,77,MntFruits,1
8754,25,MntFruits,0
1987,34,MntFruits,10
11007,43,MntFruits,0
7426,76,MntFruits,16
9153,81,MntFruits,61
10379,87,MntFruits,9
9204,33,MntFruits,159
3197,38,MntFruits,59
2920,63,MntFruits,0
6961,26,MntFruits,1
4673,17,MntFruits,12
9937,75,MntFruits,81
8779,13,MntFruits,4
9596,19,MntFruits,32
2891,51,MntFruits,23
4910,81,MntFruits,134
75,32,MntFruits,11
10120,84,MntFruits,6
6327,87,MntFruits,32
10142,99,MntFruits,18
9826,96,MntFruits,102
1501,21,MntFruits,16
10767,40,MntFruits,40
7279,3,MntFruits,86
7230,98,MntFruits,0
143,73,MntFruits,0
450,90,MntFruits,15
9316,29,MntFruits,0
6379,3,MntFruits,1
9239,94,MntFruits,4
8315,65,MntFruits,2
2868,33,MntFruits,1
10888,46,MntFruits,11
1277,29,MntFruits,22
9977,99,MntFruits,11
10196,26,MntFruits,123
6384,30,MntFruits,12
8029,27,MntFruits,32
968,24,MntFruits,19
6988,93,MntFruits,80
4472,34,MntFruits,0
6991,88,MntFruits,6
3336,96,MntFruits,0
4301,10,MntFruits,1
1940,26,MntFruits,3
1272,49,MntFruits,58
1388,11,MntFruits,10
1044,44,MntFruits,5
6969,75,MntFruits,13
10479,64,MntFruits,40
3619,19,MntFruits,25
1715,45,MntFruits,4
10159,77,MntFruits,81
1463,9,MntFruits,2
5114,1,MntFruits,9
4990,90,MntFruits,0
4329,43,MntFruits,0
10936,79,MntFruits,166
4692,19,MntFruits,0
7212,99,MntFruits,0
6086,62,MntFruits,25
437,41,MntFruits,142
11171,60,MntFruits,3
11101,17,MntFruits,22
5329,24,MntFruits,0
610,60,MntFruits,4
9384,57,MntFruits,9
5956,74,MntFruits,2
10430,22,MntFruits,28
7875,46,MntFruits,0
7072,69,MntFruits,79
6255,29,MntFruits,39
6516,37,MntFruits,0
5564,26,MntFruits,133
5682,8,MntFruits,10
7458,26,MntFruits,2
5237,79,MntFruits,1
7761,71,MntFruits,11
5278,83,MntFruits,26
3560,57,MntFruits,31
7235,37,MntFruits,5
10548,30,MntFruits,17
2281,34,MntFruits,3
4073,0,MntFruits,80
6974,89,MntFruits,42
7938,92,MntFruits,8
7094,87,MntFruits,53
3667,20,MntFruits,178
7723,56,MntFruits,93
3870,28,MntFruits,35
4012,55,MntFruits,12
5909,25,MntFruits,10
10470,0,MntFruits,2
6488,86,MntFruits,0
10270,8,MntFruits,5
6887,33,MntFruits,16
6406,13,MntFruits,107
7573,12,MntFruits,1
4508,92,MntFruits,35
221,90,MntFruits,3
5331,8,MntFruits,51
1911,6,MntFruits,97
20,91,MntFruits,12
8786,52,MntFruits,7
10582,3,MntFruits,32
1915,57,MntFruits,115
8897,9,MntFruits,5
2371,22,MntFruits,1
4303,76,MntFruits,2
6825,86,MntFruits,0
1072,64,MntFruits,0
4964,90,MntFruits,11
2461,79,MntFruits,1
10736,28,MntFruits,0
3194,86,MntFruits,12
10839,42,MntFruits,5
49,39,MntFruits,3
4290,8,MntFruits,3
10219,40,MntFruits,2
4211,5,MntFruits,12
1135,96,MntFruits,2
6299,28,MntFruits,48
10846,22,MntFruits,9
347,30,MntFruits,27
6543,45,MntFruits,168
10446,58,MntFruits,23
3479,49,MntFruits,8
11075,37,MntFruits,2
4442,70,MntFruits,19
199,33,MntFruits,3
6722,98,MntFruits,28
796,17,MntFruits,44
3749,54,MntFruits,91
8523,39,MntFruits,1
310,81,MntFruits,5
8629,71,MntFruits,1
236,62,MntFruits,23
9930,8,MntFruits,148
3483,76,MntFruits,43
4599,66,MntFruits,0
7326,83,MntFruits,1
7352,28,MntFruits,28
2350,87,MntFruits,53
9145,43,MntFruits,26
2964,0,MntFruits,10
5585,1,MntFruits,2
9687,1,MntFruits,174
3732,72,MntFruits,0
6303,72,MntFruits,73
11176,12,MntFruits,9
2986,89,MntFruits,2
7462,67,MntFruits,0
3900,54,MntFruits,14
7034,34,MntFruits,7
9493,15,MntFruits,53
1143,43,MntFruits,10
1,0,MntFruits,5
3855,74,MntFruits,3
5536,61,MntFruits,38
5989,51,MntFruits,122
9499,97,MntFruits,15
6768,75,MntFruits,1
2150,83,MntFruits,28
6646,23,MntFruits,0
4887,65,MntFruits,5
8560,94,MntFruits,16
3321,42,MntFruits,5
11003,10,MntFruits,5
10402,94,MntFruits,1
9904,50,MntFruits,123
6141,46,MntFruits,9
5687,98,MntFruits,50
10856,42,MntFruits,0
5121,30,MntFruits,5
4186,11,MntFruits,6
368,61,MntFruits,65
3312,12,MntFruits,7
11121,76,MntFruits,14
5332,2,MntFruits,50
5848,43,MntFruits,74
10343,27,MntFruits,91
5935,60,MntFruits,7
2895,79,MntFruits,1
10262,96,MntFruits,2
7848,17,MntFruits,2
9477,0,MntFruits,0
4856,38,MntFruits,54
7186,43,MntFruits,0
5794,1,MntFruits,0
1456,25,MntFruits,199
4877,2,MntFruits,0
425,66,MntFruits,64
3007,49,MntFruits,2
1031,5,MntFruits,20
4297,71,MntFruits,2
807,35,MntFruits,2
9553,94,MntFruits,2
4271,80,MntFruits,35
4120,61,MntFruits,39
2036,29,MntFruits,11
115,0,MntFruits,11
4259,80,MntFruits,0
8687,54,MntFruits,62
2447,71,MntFruits,12
10140,27,MntFruits,0
9353,61,MntFruits,47
3623,55,MntFruits,0
738,35,MntFruits,13
7631,34,MntFruits,58
4789,95,MntFruits,22
773,64,MntFruits,4
10602,30,MntFruits,12
1446,12,MntFruits,68
3270,96,MntFruits,23
8443,16,MntFruits,10
9653,16,MntFruits,1
8916,78,MntFruits,1
8017,83,MntFruits,0
5830,96,MntFruits,102
4597,67,MntFruits,55
7023,87,MntFruits,2
8086,34,MntFruits,0
8825,46,MntFruits,14
2930,7,MntFruits,60
1928,73,MntFruits,3
7108,54,MntFruits,20
10925,93,MntFruits,31
9960,52,MntFruits,0
8800,53,MntFruits,8
9224,81,MntFruits,8
5519,8,MntFruits,58
5046,97,MntFruits,138
7037,50,MntFruits,55
905,38,MntFruits,17
8624,61,MntFruits,33
8945,46,MntFruits,0
6445,73,MntFruits,101
2727,19,MntFruits,21
6404,10,MntFruits,7
11074,94,MntFruits,92
10150,10,MntFruits,28
1968,37,MntFruits,1
6534,94,MntFruits,0
9485,23,MntFruits,9
7053,75,MntFruits,28
4654,40,MntFruits,12
9760,24,MntFruits,0
1048,11,MntFruits,3
10619,29,MntFruits,29
9308,51,MntFruits,61
10505,86,MntFruits,19
8362,9,MntFruits,19
2625,30,MntFruits,29
4637,73,MntFruits,64
9972,25,MntFruits,0
4483,67,MntFruits,26
4487,67,MntFruits,20
4988,58,MntFruits,6
8931,82,MntFruits,99
5871,98,MntFruits,28
2008,93,MntFruits,23
3139,53,MntFruits,111
10037,66,MntFruits,152
10673,6,MntFruits,80
5303,42,MntFruits,0
538,78,MntFruits,9
7922,29,MntFruits,0
5692,82,MntFruits,4
4843,92,MntFruits,35
6383,78,MntFruits,0
1628,54,MntFruits,21
1204,45,MntFruits,0
3673,59,MntFruits,17
760,8,MntFruits,7
8957,51,MntFruits,86
4128,51,MntFruits,12
6810,76,MntFruits,98
5386,62,MntFruits,24
8700,86,MntFruits,7
3202,60,MntFruits,0
1328,56,MntFruits,42
8405,83,MntFruits,25
6515,92,MntFruits,2
2882,31,MntFruits,28
7574,80,MntFruits,0
6387,39,MntFruits,0
5320,20,MntFruits,7
5048,53,MntFruits,6
8146,84,MntFruits,0
10031,50,MntFruits,2
5748,96,MntFruits,27
2134,94,MntFruits,5
1523,25,MntFruits,2
9665,48,MntFruits,3
4640,65,MntFruits,85
3635,69,MntFruits,0
3547,12,MntFruits,7
2456,84,MntFruits,4
5633,47,MntFruits,12
7801,87,MntFruits,107
10489,35,MntFruits,21
7011,47,MntFruits,2
2620,48,MntFruits,0
3933,46,MntFruits,36
10981,27,MntFruits,137
1734,37,MntFruits,0
10995,8,MntFruits,5
6357,29,MntFruits,35
9209,85,MntFruits,138
10286,2,MntFruits,8
2611,66,MntFruits,55
1600,60,MntFruits,3
3308,54,MntFruits,9
5407,70,MntFruits,17
2166,55,MntFruits,1
3955,20,MntFruits,1
6634,78,MntFruits,3
3056,63,MntFruits,43
5718,17,MntFruits,168
6872,43,MntFruits,3
8164,13,MntFruits,93
4580,46,MntFruits,22
9305,65,MntFruits,26
453,1,MntFruits,0
8545,6,MntFruits,17
9850,32,MntFruits,6
7378,34,MntFruits,5
7646,70,MntFruits,63
1640,49,MntFruits,0
5184,65,MntFruits,2
8492,25,MntFruits,0
11188,84,MntFruits,10
1212,7,MntFruits,25
9097,34,MntFruits,8
10473,38,MntFruits,19
7962,1,MntFruits,21
9984,25,MntFruits,16
5527,25,MntFruits,12
6374,50,MntFruits,2
7453,46,MntFruits,43
8952,96,MntFruits,46
241,57,MntFruits,31
8975,47,MntFruits,3
6119,52,MntFruits,0
5236,30,MntFruits,0
5723,63,MntFruits,1
1710,51,MntFruits,20
1970,14,MntFruits,0
5313,20,MntFruits,0
10634,56,MntFruits,67
7010,41,MntFruits,114
8562,72,MntFruits,4
3158,1,MntFruits,3
4436,27,MntFruits,42
5287,77,MntFruits,2
2445,87,MntFruits,1
6059,81,MntFruits,36
4550,51,MntFruits,0
4240,79,MntFruits,9
8911,11,MntFruits,53
3706,54,MntFruits,8
3628,93,MntFruits,8
10175,0,MntFruits,0
8985,54,MntFruits,80
5204,21,MntFruits,98
9220,58,MntFruits,172
9888,3,MntFruits,81
5263,99,MntFruits,10
1020,70,MntFruits,60
9503,65,MntFruits,33
10613,44,MntFruits,1
67,6,MntFruits,0
6019,9,MntFruits,3
5863,95,MntFruits,0
3717,70,MntFruits,24
6730,92,MntFruits,1
10749,62,MntFruits,18
4998,85,MntFruits,30
6287,2,MntFruits,0
5985,0,MntFruits,1
4754,91,MntFruits,11
4002,3,MntFruits,96
8870,68,MntFruits,12
966,98,MntFruits,13
4767,41,MntFruits,114
9725,16,MntFruits,0
4475,82,MntFruits,22
5740,1,MntFruits,2
5731,64,MntFruits,0
7290,68,MntFruits,44
3846,98,MntFruits,5
8104,32,MntFruits,0
4507,87,MntFruits,28
11013,84,MntFruits,28
4491,3,MntFruits,0
3759,34,MntFruits,19
1162,23,MntFruits,83
2055,37,MntFruits,0
10766,22,MntFruits,19
4415,19,MntFruits,4
3005,7,MntFruits,117
2223,52,MntFruits,33
4817,91,MntFruits,2
2875,93,MntFruits,44
10536,78,MntFruits,0
11112,23,MntFruits,114
3807,83,MntFruits,21
9197,92,MntFruits,0
10832,4,MntFruits,10
6421,32,MntFruits,178
4207,27,MntFruits,44
577,10,MntFruits,1
10855,9,MntFruits,14
3081,65,MntFruits,2
3535,68,MntFruits,108
247,16,MntFruits,10
8707,12,MntFruits,42
9523,95,MntFruits,0
6072,16,MntFruits,57
6295,46,MntFruits,8
10914,3,MntFruits,1
1509,80,MntFruits,27
5577,77,MntFruits,0
7348,0,MntFruits,130
1127,62,MntFruits,19
1833,91,MntFruits,8
4944,24,MntFruits,23
9080,2,MntFruits,4
6466,22,MntFruits,0
9964,56,MntFruits,50
4790,54,MntFruits,8
10245,71,MntFruits,80
1109,38,MntFruits,0
6001,62,MntFruits,35
5538,78,MntFruits,161
10552,18,MntFruits,54
1545,95,MntFruits,19
7409,66,MntFruits,2
4444,28,MntFruits,0
146,78,MntFruits,53
6271,13,MntFruits,0
10065,27,MntFruits,4
4741,17,MntFruits,32
246,71,MntFruits,9
375,79,MntFruits,56
1524,1,MntFruits,45
10022,78,MntFruits,0
7451,23,MntFruits,19
11010,75,MntFruits,3
4356,70,MntFruits,28
3885,10,MntFruits,2
1175,24,MntFruits,39
880,47,MntFruits,23
2320,98,MntFruits,11
850,4,MntFruits,28
4713,15,MntFruits,0
675,67,MntFruits,0
5025,32,MntFruits,17
2308,40,MntFruits,5
5995,54,MntFruits,3
6749,78,MntFruits,47
1010,94,MntFruits,0
8977,51,MntFruits,3
4756,42,MntFruits,29
3412,67,MntFruits,8
606,87,MntFruits,1
5961,29,MntFruits,4
2975,89,MntFruits,42
2894,74,MntFruits,138
7613,97,MntFruits,5
10542,63,MntFruits,4
8015,88,MntFruits,76
10617,34,MntFruits,4
11166,81,MntFruits,5
849,65,MntFruits,48
523,51,MntFruits,0
4066,76,MntFruits,5
8414,76,MntFruits,0
819,84,MntFruits,124
4961,56,MntFruits,0
749,31,MntFruits,7
5430,0,MntFruits,0
7755,91,MntFruits,3
10525,40,MntFruits,0
1453,59,MntFruits,40
8310,96,MntFruits,126
10710,61,MntFruits,2
5031,14,MntFruits,35
2613,16,MntFruits,6
213,98,MntFruits,0
967,11,MntFruits,9
1077,52,MntFruits,105
7959,19,MntFruits,80
640,61,MntFruits,80
4252,73,MntFruits,5
8432,0,MntFruits,0
6218,74,MntFruits,4
6905,55,MntFruits,45
5922,48,MntFruits,0
3598,53,MntFruits,35
6116,13,MntFruits,13
6263,34,MntFruits,9
10486,54,MntFruits,75
2410,69,MntFruits,40
193,81,MntFruits,0
3363,99,MntFruits,6
8278,3,MntFruits,83
10660,61,MntFruits,7
8686,65,MntFruits,23
1604,93,MntFruits,2
5907,24,MntFruits,0
10669,8,MntFruits,21
2918,72,MntFruits,5
5735,29,MntFruits,120
359,33,MntFruits,14
8387,68,MntFruits,8
1829,55,MntFruits,0
3839,76,MntFruits,12
9392,17,MntFruits,1
2292,94,MntFruits,4
10466,86,MntFruits,2
9855,25,MntFruits,0
4088,22,MntFruits,1
5231,15,MntFruits,2
590,35,MntFruits,66
8732,81,MntFruits,0
2315,55,MntFruits,0
3515,94,MntFruits,13
2245,50,MntFruits,2
6283,64,MntFruits,15
2246,91,MntFruits,12
6606,11,MntFruits,34
5545,72,MntFruits,8
7342,6,MntFruits,142
837,0,MntFruits,6
9500,66,MntFruits,104
3602,42,MntFruits,3
234,60,MntFruits,2
2995,64,MntFruits,10
1118,87,MntFruits,13
7789,96,MntFruits,100
3068,1,MntFruits,12
8955,54,MntFruits,0
945,53,MntFruits,3
5644,96,MntFruits,3
7192,58,MntFruits,73
2324,12,MntFruits,38
697,78,MntFruits,59
3439,64,MntFruits,6
1506,26,MntFruits,9
232,8,MntFruits,83
8876,49,MntFruits,0
4500,56,MntFruits,0
9739,55,MntFruits,0
10395,25,MntFruits,45
1176,50,MntFruits,6
1627,84,MntFruits,61
938,30,MntFruits,1
2740,81,MntFruits,1
257,74,MntFruits,12
4058,76,MntFruits,15
7736,36,MntFruits,7
8210,64,MntFruits,3
833,62,MntFruits,0
6230,53,MntFruits,5
7325,86,MntFruits,0
1307,15,MntFruits,5
1502,67,MntFruits,3
6211,47,MntFruits,0
843,47,MntFruits,0
4174,81,MntFruits,1
9757,98,MntFruits,15
6918,56,MntFruits,4
286,48,MntFruits,11
11086,18,MntFruits,6
1921,74,MntFruits,1
4138,68,MntFruits,106
7718,36,MntFruits,51
1291,90,MntFruits,9
6862,65,MntFruits,1
4136,63,MntFruits,17
803,82,MntFruits,0
4298,63,MntFruits,0
10833,55,MntFruits,19
9606,64,MntFruits,29
8534,51,MntFruits,28
5153,97,MntFruits,59
961,92,MntFruits,27
5011,51,MntFruits,23
6653,72,MntFruits,0
9094,39,MntFruits,15
810,49,MntFruits,81
5493,21,MntFruits,0
2147,91,MntFruits,63
5107,37,MntFruits,0
3979,98,MntFruits,17
6049,85,MntFruits,51
8147,40,MntFruits,0
1857,2,MntFruits,0
3910,78,MntFruits,161
5207,41,MntFruits,6
11114,94,MntFruits,4
5429,10,MntFruits,1
9400,73,MntFruits,26
1740,22,MntFruits,38
7488,30,MntFruits,15
195,21,MntFruits,17
635,51,MntFruits,5
7527,97,MntFruits,6
10319,56,MntFruits,12
2296,4,MntFruits,2
10637,77,MntFruits,0
2931,95,MntFruits,21
907,36,MntFruits,6
3698,13,MntFruits,185
9516,90,MntFruits,54
679,49,MntFruits,4
7384,18,MntFruits,61
5043,89,MntFruits,23
5267,43,MntFruits,2
339,82,MntFruits,0
2516,84,MntFruits,2
9010,80,MntFruits,147
378,68,MntFruits,112
4808,12,MntFruits,2
5068,75,MntFruits,1
7628,10,MntFruits,5
7128,91,MntFruits,0
2811,21,MntFruits,0
3551,28,MntFruits,1
1663,97,MntFruits,2
5543,49,MntFruits,7
1577,14,MntFruits,79
10641,5,MntFruits,5
5336,37,MntFruits,1
6024,62,MntFruits,24
1878,83,MntFruits,6
3099,48,MntFruits,5
6055,94,MntFruits,72
5841,61,MntFruits,7
3972,70,MntFruits,6
4394,43,MntFruits,29
5758,23,MntFruits,0
6658,37,MntFruits,51
4603,50,MntFruits,32
8427,78,MntFruits,14
10260,74,MntFruits,5
7143,14,MntFruits,162
8789,77,MntFruits,40
6197,39,MntFruits,0
4554,89,MntFruits,45
4937,62,MntFruits,2
1920,59,MntFruits,4
8749,68,MntFruits,2
1650,13,MntFruits,86
10377,37,MntFruits,6
9206,36,MntFruits,48
10971,28,MntFruits,8
6398,2,MntFruits,10
9212,17,MntFruits,0
7937,86,MntFruits,7
839,54,MntFruits,4
4246,2,MntFruits,11
158,3,MntFruits,53
4832,84,MntFruits,5
5621,8,MntFruits,57
1945,4,MntFruits,36
5147,57,MntFruits,70
2535,24,MntFruits,0
11039,51,MntFruits,33
9495,29,MntFruits,108
9635,13,MntFruits,2
2173,23,MntFruits,6
942,36,MntFruits,13
9386,88,MntFruits,0
5510,2,MntFruits,6
873,3,MntFruits,0
2253,15,MntFruits,0
5181,58,MntFruits,4
979,11,MntFruits,10
10390,27,MntFruits,7
4698,32,MntFruits,46
7793,12,MntFruits,7
1745,88,MntFruits,76
10590,91,MntFruits,73
5080,12,MntFruits,0
8369,21,MntFruits,2
5232,23,MntFruits,12
2407,10,MntFruits,25
3834,35,MntFruits,161
7912,69,MntFruits,15
7712,68,MntFruits,17
1065,85,MntFruits,129
7275,34,MntFruits,1
1343,55,MntFruits,24
1384,10,MntFruits,4
9967,30,MntFruits,15
6181,36,MntFruits,21
10507,14,MntFruits,7
2674,79,MntFruits,10
2698,52,MntFruits,7
3231,97,MntFruits,4
4096,24,MntFruits,19
10476,0,MntFruits,11
5948,96,MntFruits,6
9140,89,MntFruits,4
10258,94,MntFruits,0
5675,98,MntFruits,0
4743,72,MntFruits,8
8805,1,MntFruits,10
1542,26,MntFruits,0
6770,5,MntFruits,13
8773,22,MntFruits,0
10475,39,MntFruits,5
10420,56,MntFruits,14
7514,74,MntFruits,10
2902,87,MntFruits,4
4345,49,MntFruits,1
793,24,MntFruits,3
10909,9,MntFruits,24
3769,17,MntFruits,1
8702,10,MntFruits,1
4791,35,MntFruits,1
2963,56,MntFruits,93
8216,7,MntFruits,0
8140,51,MntFruits,14
10146,17,MntFruits,1
5289,30,MntFruits,4
2587,21,MntFruits,0
4405,2,MntFruits,7
8663,85,MntFruits,0
2589,65,MntFruits,3
3421,64,MntFruits,15
10490,11,MntFruits,64
4094,92,MntFruits,2
9958,54,MntFruits,14
2534,4,MntFruits,1
4188,53,MntFruits,5
6613,39,MntFruits,7
10827,49,MntFruits,3
5491,70,MntFruits,12
8402,40,MntFruits,35
8783,40,MntFruits,13
10010,43,MntFruits,2
618,17,MntFruits,7
9121,40,MntFruits,16
361,84,MntFruits,1
4310,25,MntFruits,93
2678,62,MntFruits,12
6376,83,MntFruits,56
524,47,MntFruits,23
10341,45,MntFruits,28
5654,34,MntFruits,4
4098,3,MntFruits,3
5824,1,MntFruits,0
7000,18,MntFruits,172
2561,45,MntFruits,12
5229,81,MntFruits,1
4086,77,MntFruits,1
2428,23,MntFruits,18
8254,48,MntFruits,0
2836,61,MntFruits,1
8418,60,MntFruits,10
1362,75,MntFruits,87
7152,64,MntFruits,0
10033,54,MntFruits,3
9349,84,MntFruits,21
274,75,MntFruits,3
3388,16,MntFruits,26
922,79,MntFruits,2
8588,92,MntFruits,2
2518,16,MntFruits,4
574,96,MntFruits,36
3220,30,MntFruits,12
5967,60,MntFruits,2
1183,11,MntFruits,1
6856,75,MntFruits,0
4530,36,MntFruits,19
1553,71,MntFruits,168
4682,88,MntFruits,27
8204,93,MntFruits,35
5221,93,MntFruits,8
1232,54,MntFruits,54
1927,41,MntFruits,27
5788,46,MntFruits,10
6652,28,MntFruits,151
6246,40,MntFruits,102
5975,82,MntFruits,0
6875,38,MntFruits,13
4399,3,MntFruits,81
4042,87,MntFruits,3
2157,49,MntFruits,8
10133,16,MntFruits,68
2525,65,MntFruits,64
8233,9,MntFruits,5
9483,24,MntFruits,59
2945,25,MntFruits,0
10403,43,MntFruits,13
5074,10,MntFruits,0
10524,29,MntFruits,23
4690,45,MntFruits,10
7521,57,MntFruits,31
7196,20,MntFruits,0
4406,29,MntFruits,84
9672,82,MntFruits,3
4864,68,MntFruits,7
4706,65,MntFruits,0
4070,99,MntFruits,24
25,9,MntFruits,35
3697,20,MntFruits,8
217,78,MntFruits,14
4220,26,MntFruits,0
5286,68,MntFruits,1
9559,79,MntFruits,0
2849,25,MntFruits,199
7787,83,MntFruits,28
3102,32,MntFruits,3
5868,49,MntFruits,4
8370,50,MntFruits,97
9988,84,MntFruits,25
2939,96,MntFruits,127
5529,56,MntFruits,0
9743,85,MntFruits,89
5763,63,MntFruits,17
3478,17,MntFruits,42
7494,11,MntFruits,0
1763,62,MntFruits,172
7250,48,MntFruits,35
2005,86,MntFruits,3
10770,73,MntFruits,161
6885,36,MntFruits,0
2072,34,MntFruits,10
9463,16,MntFruits,56
6318,48,MntFruits,12
4093,61,MntFruits,9
5751,54,MntFruits,3
3340,56,MntFruits,15
3594,74,MntFruits,6
3584,35,MntFruits,26
3643,65,MntFruits,8
851,48,MntFruits,5
7706,88,MntFruits,104
3967,19,MntFruits,197
10128,21,MntFruits,16
486,27,MntFruits,137
9,86,MntFruits,0
9451,92,MntFruits,76
9264,1,MntFruits,42
3865,14,MntFruits,12
2853,74,MntFruits,51
1490,84,MntFruits,0
6310,4,MntFruits,8
10380,50,MntFruits,1
3887,2,MntFruits,17
4278,73,MntFruits,111
8643,21,MntFruits,98
1998,82,MntFruits,6
10795,14,MntFruits,3
11110,56,MntFruits,1
2408,20,MntFruits,0
202,54,MntFruits,194
7998,77,MntFruits,8
830,5,MntFruits,48
3536,65,MntFruits,11
6050,33,MntFruits,43
125,65,MntFruits,7
3463,41,MntFruits,62
2804,86,MntFruits,0
3745,92,MntFruits,36
9771,97,MntFruits,20
451,91,MntFruits,0
10530,0,MntFruits,82
1079,59,MntFruits,0
8920,4,MntFruits,40
6678,5,MntFruits,4
3852,48,MntFruits,72
528,99,MntFruits,38
73,81,MntFruits,0
5589,95,MntFruits,0
10212,43,MntFruits,4
6365,5,MntFruits,12
5636,50,MntFruits,4
591,76,MntFruits,35
2217,46,MntFruits,1
2544,68,MntFruits,1
7725,33,MntFruits,26
8091,50,MntFruits,184
7321,85,MntFruits,30
5462,63,MntFruits,80
7791,89,MntFruits,1
955,81,MntFruits,2
4037,77,MntFruits,1
6642,50,MntFruits,5
2793,10,MntFruits,88
5424,30,MntFruits,12
879,66,MntFruits,0
9530,16,MntFruits,3
4828,12,MntFruits,99
10699,30,MntFruits,0
1497,8,MntFruits,11
7476,93,MntFruits,63
4390,14,MntFruits,15
10478,53,MntFruits,0
1081,26,MntFruits,9
4261,23,MntFruits,22
9916,92,MntFruits,1
5350,29,MntFruits,120
8135,41,MntFruits,4
8685,56,MntFruits,15
4967,19,MntFruits,0
2130,4,MntFruits,3
9298,89,MntFruits,0
8175,71,MntFruits,4
6257,81,MntFruits,43
3790,31,MntFruits,1
9952,53,MntFruits,32
3503,78,MntFruits,47
5223,80,MntFruits,8
4608,18,MntFruits,23
1626,37,MntFruits,0
4764,52,MntFruits,12
2471,39,MntFruits,58
5892,11,MntFruits,6
2612,33,MntFruits,160
4971,22,MntFruits,1
5185,83,MntFruits,66
10069,43,MntFruits,7
2262,74,MntFruits,5
1131,54,MntFruits,0
1041,3,MntFruits,3
24,96,MntFruits,2
3409,68,MntFruits,8
7022,2,MntFruits,107
7943,40,MntFruits,0
5272,64,MntFruits,0
5453,26,MntFruits,108
2565,69,MntFruits,12
800,57,MntFruits,1
11092,78,MntFruits,1
5062,71,MntFruits,0
8969,59,MntFruits,31
4656,28,MntFruits,32
4480,61,MntFruits,3
9971,22,MntFruits,19
6729,95,MntFruits,19
1773,38,MntFruits,6
9242,19,MntFruits,185
1764,92,MntFruits,2
6215,24,MntFruits,0
10099,21,MntFruits,115
5423,35,MntFruits,0
940,9,MntFruits,11
3011,23,MntFruits,12
3298,92,MntFruits,0
8286,55,MntFruits,1
9668,14,MntFruits,16
5120,78,MntFruits,96
6097,64,MntFruits,8
7019,49,MntFruits,18
7408,8,MntFruits,2
8041,35,MntFruits,71
252,11,MntFruits,133
9986,8,MntFruits,0
3276,53,MntFruits,12
3859,36,MntFruits,112
3570,64,MntFruits,2
3783,43,MntFruits,0
10207,40,MntFruits,1
10906,52,MntFruits,15
3427,11,MntFruits,0
5209,21,MntFruits,5
10711,23,MntFruits,77
10785,17,MntFruits,1
2814,6,MntFruits,1
6866,56,MntFruits,0
1665,71,MntFruits,0
6575,51,MntFruits,48
3829,94,MntFruits,3
3091,27,MntFruits,21
10141,1,MntFruits,1
5177,56,MntFruits,7
7005,71,MntFruits,35
6409,18,MntFruits,140
7485,48,MntFruits,4
8079,86,MntFruits,1
8395,48,MntFruits,37
10352,2,MntFruits,4
4931,13,MntFruits,0
13,57,MntFruits,0
1834,77,MntFruits,5
2285,0,MntFruits,9
2295,57,MntFruits,30
1378,24,MntFruits,16
2781,55,MntFruits,34
1165,62,MntFruits,13
1404,89,MntFruits,23
6457,77,MntFruits,24
2639,45,MntFruits,5
8299,46,MntFruits,2
6437,80,MntFruits,8
6912,60,MntFruits,30
7327,71,MntFruits,5
5299,43,MntFruits,107
4127,97,MntFruits,59
8143,49,MntFruits,2
1964,66,MntFruits,107
3690,20,MntFruits,102
3433,54,MntFruits,22
3389,61,MntFruits,53
4712,18,MntFruits,8
1170,45,MntFruits,15
6347,26,MntFruits,1
4065,0,MntFruits,0
8230,28,MntFruits,2
1215,49,MntFruits,117
5939,84,MntFruits,5
2156,38,MntFruits,0
7788,53,MntFruits,0
10323,88,MntFruits,7
7947,99,MntFruits,0
1891,12,MntFruits,50
2570,35,MntFruits,7
9256,5,MntFruits,26
295,77,MntFruits,70
7397,45,MntFruits,5
6349,71,MntFruits,73
10790,40,MntFruits,0
10398,82,MntFruits,6
2431,70,MntFruits,4
550,87,MntFruits,131
1890,95,MntFruits,1
10742,72,MntFruits,21
10356,5,MntFruits,0
4676,86,MntFruits,91
8852,80,MntFruits,126
3565,62,MntFruits,0
5294,49,MntFruits,8
1958,85,MntFruits,0
7349,7,MntFruits,17
8799,6,MntFruits,6
1351,25,MntFruits,12
1045,55,MntFruits,10
7732,81,MntFruits,0
8070,98,MntFruits,12
477,31,MntFruits,61
7832,30,MntFruits,44
2202,98,MntFruits,2
7396,92,MntFruits,51
4055,41,MntFruits,10
10340,68,MntFruits,12
10091,78,MntFruits,20
7629,46,MntFruits,3
10640,71,MntFruits,5
3498,6,MntFruits,61
6742,82,MntFruits,2
1172,71,MntFruits,44
569,32,MntFruits,129
4686,28,MntFruits,31
1381,20,MntFruits,3
2634,10,MntFruits,7
10905,7,MntFruits,2
1744,67,MntFruits,7
1000,48,MntFruits,72
3828,61,MntFruits,10
8605,36,MntFruits,0
10304,77,MntFruits,1
4351,90,MntFruits,2
10129,35,MntFruits,147
2499,38,MntFruits,97
10092,46,MntFruits,0
7500,33,MntFruits,16
5796,70,MntFruits,21
10556,51,MntFruits,13
1064,18,MntFruits,1
48,97,MntFruits,1
7610,32,MntFruits,0
263,9,MntFruits,19
10814,6,MntFruits,23
9710,80,MntFruits,7
9292,74,MntFruits,132
10250,49,MntFruits,5
7881,21,MntFruits,26
5847,95,MntFruits,21
737,56,MntFruits,86
3571,48,MntFruits,21
7807,26,MntFruits,0
3878,3,MntFruits,4
5092,39,MntFruits,0
2154,33,MntFruits,0
5394,42,MntFruits,9
3798,80,MntFruits,2
3524,9,MntFruits,1
5247,52,MntFruits,0
5883,78,MntFruits,120
2118,68,MntFruits,75
8812,45,MntFruits,3
6616,47,MntFruits,3
2797,34,MntFruits,20
4328,81,MntFruits,1
9167,72,MntFruits,71
10560,23,MntFruits,1
2631,29,MntFruits,108
8312,80,MntFruits,9
5534,30,MntFruits,1
5093,15,MntFruits,3
7592,86,MntFruits,9
8895,68,MntFruits,44
8584,54,MntFruits,53
2694,44,MntFruits,0
8910,7,MntFruits,2
7433,87,MntFruits,4
164,59,MntFruits,0
10477,16,MntFruits,0
2681,1,MntFruits,22
5150,64,MntFruits,4
5283,72,MntFruits,1
9645,98,MntFruits,138
10678,91,MntFruits,17
7261,8,MntFruits,33
9648,20,MntFruits,4
2870,6,MntFruits,0
8008,54,MntFruits,0
1513,72,MntFruits,21
6173,46,MntFruits,115
1419,11,MntFruits,6
9150,21,MntFruits,0
7960,89,MntFruits,22
1250,82,MntFruits,6
9905,69,MntFruits,1
10691,55,MntFruits,0
7002,13,MntFruits,48
2952,80,MntFruits,3
8439,97,MntFruits,26
762,27,MntFruits,21
2831,99,MntFruits,38
6977,87,MntFruits,0
6289,85,MntFruits,0
4168,30,MntFruits,7
8397,82,MntFruits,0
9284,21,MntFruits,16
6237,92,MntFruits,4
3130,95,MntFruits,4
1619,2,MntFruits,51
1990,74,MntFruits,34
5513,49,MntFruits,2
269,71,MntFruits,30
8093,72,MntFruits,8
10513,68,MntFruits,169
10177,4,MntFruits,69
2549,80,MntFruits,0
5782,15,MntFruits,35
10057,70,MntFruits,27
10307,91,MntFruits,9
8566,10,MntFruits,0
2415,99,MntFruits,17
5684,25,MntFruits,0
8334,34,MntFruits,1
9166,57,MntFruits,84
1440,84,MntFruits,17
78,51,MntFruits,0
5441,97,MntFruits,6
5302,13,MntFruits,27
4687,92,MntFruits,92
1087,30,MntFruits,14
6859,30,MntFruits,4
9860,11,MntFruits,0
7129,72,MntFruits,17
5866,39,MntFruits,3
10521,0,MntFruits,6
7393,15,MntFruits,5
7849,12,MntFruits,19
332,56,MntFruits,2
9847,39,MntFruits,15
531,55,MntFruits,14
9576,60,MntFruits,4
6906,73,MntFruits,48
7419,90,MntFruits,3
3170,86,MntFruits,66
8527,37,MntFruits,7
7872,7,MntFruits,21
9931,29,MntFruits,0
10595,19,MntFruits,6
4609,14,MntFruits,0
5010,72,MntFruits,8
4427,56,MntFruits,27
11148,85,MntFruits,1
1168,62,MntFruits,53
9595,1,MntFruits,169
10163,28,MntFruits,50
2886,70,MntFruits,0
6710,84,MntFruits,1
5316,89,MntFruits,4
9029,73,MntFruits,44
521,42,MntFruits,77
1459,16,MntFruits,35
10241,16,MntFruits,0
1630,56,MntFruits,50
3254,65,MntFruits,70
9064,10,MntFruits,25
3678,13,MntFruits,23
4227,78,MntFruits,0
9467,51,MntFruits,2
8486,27,MntFruits,0
2186,30,MntFruits,142
3286,71,MntFruits,2
8602,97,MntFruits,172
3722,83,MntFruits,1
6715,3,MntFruits,19
4796,71,MntFruits,10
9612,3,MntFruits,8
3766,15,MntFruits,71
1399,52,MntFruits,114
1570,8,MntFruits,9
3426,89,MntFruits,61
3074,66,MntFruits,107
8341,22,MntFruits,0
5180,56,MntFruits,0
6461,74,MntFruits,49
7679,48,MntFruits,3
10702,67,MntFruits,8
7505,24,MntFruits,1
5113,67,MntFruits,100
10858,38,MntFruits,30
2961,86,MntFruits,10
2747,90,MntFruits,134
3010,87,MntFruits,153
5790,62,MntFruits,6
6892,23,MntFruits,7
1743,99,MntFruits,86
3578,29,MntFruits,21
8462,52,MntFruits,4
5558,90,MntFruits,31
4619,9,MntFruits,2
8780,71,MntFruits,14
10789,13,MntFruits,1
10779,16,MntFruits,5
5896,94,MntFruits,7
2337,77,MntFruits,1
10951,20,MntFruits,0
544,51,MntFruits,61
17,81,MntFruits,47
10680,71,MntFruits,0
3265,36,MntFruits,1
5623,95,MntFruits,4
5832,32,MntFruits,183
5544,32,MntFruits,40
6417,85,MntFruits,138
5831,93,MntFruits,50
7101,24,MntFruits,0
10176,44,MntFruits,0
2326,15,MntFruits,0
4385,82,MntFruits,0
2929,27,MntFruits,42
10686,72,MntFruits,0
2546,7,MntFruits,4
3283,57,MntFruits,193
3138,84,MntFruits,27
4994,53,MntFruits,33
7966,48,MntFruits,137
3112,2,MntFruits,4
10872,65,MntFruits,0
2181,45,MntFruits,61
1867,42,MntFruits,48
1518,29,MntFruits,6
5734,83,MntFruits,4
2878,93,MntFruits,31
1458,40,MntFruits,3
7007,47,MntFruits,3
6200,50,MntFruits,108
1403,40,MntFruits,4
4827,3,MntFruits,22
6250,62,MntFruits,15
9291,25,MntFruits,2
2478,48,MntFruits,2
1139,56,MntFruits,14
5138,68,MntFruits,1
5393,64,MntFruits,0
10413,67,MntFruits,83
5015,94,MntFruits,6
10868,82,MntFruits,45
10676,3,MntFruits,193
2495,24,MntFruits,38
7842,54,MntFruits,7
9955,20,MntFruits,8
6663,96,MntFruits,0
2162,19,MntFruits,34
3434,60,MntFruits,72
7919,2,MntFruits,105
5626,13,MntFruits,4
6428,37,MntFruits,10
8514,59,MntFruits,0
10448,55,MntFruits,41
2109,60,MntFruits,71
7530,48,MntFruits,4
8925,38,MntFruits,53
3009,8,MntFruits,16
6355,19,MntFruits,0
3517,32,MntFruits,4
1158,27,MntFruits,1
6203,58,MntFruits,149
7165,59,MntFruits,35
3595,29,MntFruits,43
8537,60,MntFruits,80
4331,41,MntFruits,26
6281,27,MntFruits,0
4338,28,MntFruits,0
2452,8,MntFruits,33
9507,18,MntFruits,23
8360,76,MntFruits,16
10311,0,MntFruits,4
5117,32,MntFruits,151
4867,2,MntFruits,0
9289,16,MntFruits,1
10913,56,MntFruits,2
3032,97,MntFruits,34
8524,15,MntFruits,3
3334,35,MntFruits,143
4470,3,MntFruits,1
1406,49,MntFruits,7
8619,4,MntFruits,0
10821,45,MntFruits,4
4552,37,MntFruits,2
898,39,MntFruits,15
9797,38,MntFruits,19
10949,8,MntFruits,37
8212,89,MntFruits,15
6248,47,MntFruits,24
10164,75,MntFruits,33
4547,86,MntFruits,2
6815,4,MntFruits,21
4122,73,MntFruits,23
10841,46,MntFruits,22
5370,38,MntFruits,3
176,73,MntFruits,38
4860,66,MntFruits,2
10757,36,MntFruits,2
4023,29,MntFruits,17
6679,29,MntFruits,3
9923,6,MntFruits,0
7181,97,MntFruits,0
3599,61,MntFruits,80
405,68,MntFruits,0
6870,73,MntFruits,2
832,90,MntFruits,14
2002,81,MntFruits,51
3657,1,MntFruits,1
500,79,MntFruits,43
1951,92,MntFruits,122
3262,31,MntFruits,112
4102,46,MntFruits,1
7042,14,MntFruits,3
10598,89,MntFruits,1
255,31,MntFruits,0
2375,75,MntFruits,0
9829,42,MntFruits,4
6214,53,MntFruits,10
4954,53,MntFruits,27
7861,23,MntFruits,57
4837,57,MntFruits,43
9423,49,MntFruits,3
4198,6,MntFruits,1
153,29,MntFruits,3
9323,5,MntFruits,8
10001,98,MntFruits,17
3945,80,MntFruits,44
3799,4,MntFruits,35
8625,70,MntFruits,1
3491,32,MntFruits,60
983,82,MntFruits,29
9119,27,MntFruits,17
4786,94,MntFruits,82
5872,23,MntFruits,90
6568,97,MntFruits,0
5628,25,MntFruits,154
5631,92,MntFruits,47
4974,98,MntFruits,89
8416,19,MntFruits,6
5454,80,MntFruits,0
4095,80,MntFruits,37
5474,79,MntFruits,7
4268,50,MntFruits,0
10701,60,MntFruits,0
3507,44,MntFruits,161
2079,0,MntFruits,26
626,28,MntFruits,2
4426,35,MntFruits,4
2591,49,MntFruits,35
10509,46,MntFruits,0
6382,97,MntFruits,0
6673,51,MntFruits,6
7441,80,MntFruits,159
1071,10,MntFruits,88
10061,29,MntFruits,17
7187,52,MntFruits,42
8775,74,MntFruits,0
1612,82,MntFruits,0
2345,54,MntFruits,54
322,93,MntFruits,1
10897,63,MntFruits,80
123,92,MntFruits,35
6103,40,MntFruits,15
7899,70,MntFruits,33
10500,96,MntFruits,1
1655,81,MntFruits,3
2406,63,MntFruits,4
2712,85,MntFruits,178
5517,51,MntFruits,0
10643,23,MntFruits,83
2254,95,MntFruits,120
10281,11,MntFruits,60
6958,42,MntFruits,0
954,77,MntFruits,3
5079,82,MntFruits,1
10339,83,MntFruits,0
4643,40,MntFruits,26
3117,95,MntFruits,0
6497,32,MntFruits,6
5396,48,MntFruits,12
5250,75,MntFruits,126
1052,24,MntFruits,38
2802,61,MntFruits,25
6343,6,MntFruits,73
6507,16,MntFruits,11
7901,39,MntFruits,1
4865,2,MntFruits,7
2686,49,MntFruits,1
3107,31,MntFruits,24
7734,58,MntFruits,102
1146,5,MntFruits,8
11031,90,MntFruits,1
7428,47,MntFruits,132
975,25,MntFruits,4
1103,60,MntFruits,55
3422,67,MntFruits,12
1055,40,MntFruits,0
6544,63,MntFruits,0
1241,1,MntFruits,3
2909,89,MntFruits,24
5802,40,MntFruits,7
1407,5,MntFruits,12
6183,3,MntFruits,1
340,1,MntFruits,35
5991,24,MntFruits,2
3104,89,MntFruits,59
9729,48,MntFruits,10
1008,31,MntFruits,17
11091,68,MntFruits,2
3969,46,MntFruits,4
1916,92,MntFruits,3
9907,80,MntFruits,28
87,16,MntFruits,7
8659,50,MntFruits,71
6262,93,MntFruits,42
6147,51,MntFruits,2
8832,24,MntFruits,5
10067,79,MntFruits,0
7532,26,MntFruits,2
4915,86,MntFruits,72
2115,68,MntFruits,0
2088,98,MntFruits,15
2493,34,MntFruits,0
6292,60,MntFruits,0
1631,3,MntFruits,63
10104,65,MntFruits,0
3006,83,MntFruits,0
3919,64,MntFruits,0
11181,85,MntFruits,1
642,69,MntFruits,3
4369,48,MntFruits,67
10127,21,MntFruits,11
271,30,MntFruits,0
4973,39,MntFruits,3
2948,76,MntFruits,12
2715,11,MntFruits,3
10432,26,MntFruits,0
9216,34,MntFruits,2
7124,72,MntFruits,4
9727,13,MntFruits,24
5136,58,MntFruits,7
9790,12,MntFruits,72
1818,23,MntFruits,0
1100,33,MntFruits,4
7873,30,MntFruits,11
10609,15,MntFruits,0
6950,25,MntFruits,1
7233,4,MntFruits,32
9481,80,MntFruits,9
7699,30,MntFruits,0
2711,6,MntFruits,1
8933,16,MntFruits,3
8726,57,MntFruits,8
1515,9,MntFruits,2
5186,59,MntFruits,7
10157,78,MntFruits,15
5667,90,MntFruits,30
902,74,MntFruits,12
977,10,MntFruits,19
7313,63,MntFruits,73
7600,13,MntFruits,3
9706,98,MntFruits,1
2429,4,MntFruits,69
3520,94,MntFruits,28
10394,91,MntFruits,144
4548,66,MntFruits,4
9362,14,MntFruits,5
3968,77,MntFruits,10
4084,41,MntFruits,155
6721,21,MntFruits,19
2829,25,MntFruits,0
1772,2,MntFruits,37
1544,51,MntFruits,68
492,3,MntFruits,3
4377,32,MntFruits,10
4541,84,MntFruits,6
1321,49,MntFruits,2
8858,69,MntFruits,0
3266,96,MntFruits,36
11187,23,MntFruits,8
8207,18,MntFruits,0
9723,8,MntFruits,142
2666,21,MntFruits,50
5721,60,MntFruits,76
10652,48,MntFruits,67
1646,36,MntFruits,9
4418,36,MntFruits,47
2656,63,MntFruits,1
7990,2,MntFruits,1
8722,38,MntFruits,54
7118,61,MntFruits,80
2980,52,MntFruits,0
1839,25,MntFruits,7
10722,63,MntFruits,8
2632,10,MntFruits,0
9014,65,MntFruits,1
7620,71,MntFruits,11
10968,0,MntFruits,21
11133,3,MntFruits,3
2736,88,MntFruits,124
1876,15,MntFruits,0
5959,80,MntFruits,0
1092,17,MntFruits,129
4333,76,MntFruits,0
3850,52,MntFruits,3
6168,28,MntFruits,0
607,31,MntFruits,29
10469,42,MntFruits,71
6983,24,MntFruits,2
3661,42,MntFruits,51
9303,12,MntFruits,4
692,88,MntFruits,2
736,67,MntFruits,3
9589,54,MntFruits,194
4838,40,MntFruits,1
9246,73,MntFruits,3
6261,81,MntFruits,31
7366,12,MntFruits,26
10659,7,MntFruits,8
1448,33,MntFruits,12
4286,24,MntFruits,6
4749,55,MntFruits,24
4478,87,MntFruits,5
4201,39,MntFruits,7
8720,53,MntFruits,2
10084,9,MntFruits,2
7004,82,MntFruits,3
9817,71,MntFruits,10
8080,50,MntFruits,1
9432,23,MntFruits,14
8372,81,MntFruits,3
10870,46,MntFruits,43
4001,56,MntFruits,0
7270,91,MntFruits,48
8235,8,MntFruits,30
9405,40,MntFruits,3
5524,58,MntMeatProducts,546
2174,38,MntMeatProducts,6
4141,26,MntMeatProducts,127
6182,26,MntMeatProducts,20
5324,94,MntMeatProducts,118
7446,16,MntMeatProducts,98
965,34,MntMeatProducts,164
6177,32,MntMeatProducts,56
4855,19,MntMeatProducts,24
5899,68,MntMeatProducts,6
1994,11,MntMeatProducts,6
387,59,MntMeatProducts,11
2125,82,MntMeatProducts,480
8180,53,MntMeatProducts,53
2569,38,MntMeatProducts,17
2114,23,MntMeatProducts,115
9736,51,MntMeatProducts,19
4939,20,MntMeatProducts,38
6565,91,MntMeatProducts,498
2278,86,MntMeatProducts,19
9360,41,MntMeatProducts,73
5376,42,MntMeatProducts,1725
1993,63,MntMeatProducts,86
4047,0,MntMeatProducts,102
1409,69,MntMeatProducts,27
7892,89,MntMeatProducts,25
2404,4,MntMeatProducts,30
5255,19,MntMeatProducts,3
9422,26,MntMeatProducts,42
1966,96,MntMeatProducts,801
6864,34,MntMeatProducts,10
3033,56,MntMeatProducts,44
5710,31,MntMeatProducts,5
7373,8,MntMeatProducts,96
8755,4,MntMeatProducts,471
10738,55,MntMeatProducts,19
4339,37,MntMeatProducts,151
10755,76,MntMeatProducts,14
8595,99,MntMeatProducts,6
2968,53,MntMeatProducts,206
8601,3,MntMeatProducts,536
503,88,MntMeatProducts,29
8430,4,MntMeatProducts,6
7281,80,MntMeatProducts,50
2139,19,MntMeatProducts,10
1371,72,MntMeatProducts,266
9909,24,MntMeatProducts,14
7286,92,MntMeatProducts,15
7244,96,MntMeatProducts,48
6566,39,MntMeatProducts,317
8614,29,MntMeatProducts,125
4114,2,MntMeatProducts,780
1331,54,MntMeatProducts,20
2225,54,MntMeatProducts,550
9381,57,MntMeatProducts,124
6260,55,MntMeatProducts,432
10383,30,MntMeatProducts,482
7437,31,MntMeatProducts,8
8557,57,MntMeatProducts,22
8375,63,MntMeatProducts,28
6853,12,MntMeatProducts,538
3076,18,MntMeatProducts,102
1012,26,MntMeatProducts,134
6518,8,MntMeatProducts,48
4137,29,MntMeatProducts,367
8082,75,MntMeatProducts,6
1386,0,MntMeatProducts,1
9369,19,MntMeatProducts,309
4477,4,MntMeatProducts,159
1357,90,MntMeatProducts,487
1402,1,MntMeatProducts,460
10629,25,MntMeatProducts,43
6312,29,MntMeatProducts,291
8132,88,MntMeatProducts,65
1050,58,MntMeatProducts,13
5846,68,MntMeatProducts,6
1859,34,MntMeatProducts,925
7503,40,MntMeatProducts,779
10401,12,MntMeatProducts,5
1618,9,MntMeatProducts,64
3332,87,MntMeatProducts,68
2261,5,MntMeatProducts,5
5346,87,MntMeatProducts,19
4119,56,MntMeatProducts,44
535,18,MntMeatProducts,424
5268,95,MntMeatProducts,14
273,48,MntMeatProducts,16
4452,3,MntMeatProducts,37
8504,70,MntMeatProducts,568
771,79,MntMeatProducts,39
8996,4,MntMeatProducts,192
9235,45,MntMeatProducts,8
5798,87,MntMeatProducts,359
11178,69,MntMeatProducts,10
2230,84,MntMeatProducts,14
7516,30,MntMeatProducts,11
7247,72,MntMeatProducts,26
11100,37,MntMeatProducts,7
4646,44,MntMeatProducts,447
3037,32,MntMeatProducts,92
1473,0,MntMeatProducts,5
1016,43,MntMeatProducts,6
4518,59,MntMeatProducts,183
9370,68,MntMeatProducts,276
8908,35,MntMeatProducts,690
8373,94,MntMeatProducts,6
7533,15,MntMeatProducts,32
2683,56,MntMeatProducts,271
3629,17,MntMeatProducts,31
10991,18,MntMeatProducts,106
5077,46,MntMeatProducts,292
7431,40,MntMeatProducts,311
3267,27,MntMeatProducts,21
999,95,MntMeatProducts,125
9215,19,MntMeatProducts,101
2286,27,MntMeatProducts,21
1592,25,MntMeatProducts,812
367,74,MntMeatProducts,94
5234,85,MntMeatProducts,25
9862,37,MntMeatProducts,7
9805,65,MntMeatProducts,133
6205,13,MntMeatProducts,29
8442,63,MntMeatProducts,7
7386,83,MntMeatProducts,14
7215,69,MntMeatProducts,102
1491,87,MntMeatProducts,124
11071,37,MntMeatProducts,951
3381,51,MntMeatProducts,16
8268,23,MntMeatProducts,27
11051,72,MntMeatProducts,110
8026,10,MntMeatProducts,73
433,42,MntMeatProducts,47
9597,10,MntMeatProducts,189
1295,96,MntMeatProducts,196
5290,51,MntMeatProducts,33
1685,21,MntMeatProducts,590
5342,31,MntMeatProducts,3
9579,61,MntMeatProducts,34
7660,37,MntMeatProducts,8
1461,74,MntMeatProducts,12
821,46,MntMeatProducts,921
11084,4,MntMeatProducts,232
8690,73,MntMeatProducts,756
2937,47,MntMeatProducts,132
9701,13,MntMeatProducts,41
9949,36,MntMeatProducts,141
10837,47,MntMeatProducts,18
3120,49,MntMeatProducts,10
5885,94,MntMeatProducts,90
4050,65,MntMeatProducts,29
3830,59,MntMeatProducts,78
7987,96,MntMeatProducts,48
7798,28,MntMeatProducts,57
92,12,MntMeatProducts,24
7055,57,MntMeatProducts,57
10240,10,MntMeatProducts,269
3025,4,MntMeatProducts,69
9283,49,MntMeatProducts,7
9970,3,MntMeatProducts,57
2730,64,MntMeatProducts,387
2795,0,MntMeatProducts,3
9260,20,MntMeatProducts,249
8182,91,MntMeatProducts,49
10095,9,MntMeatProducts,240
8475,98,MntMeatProducts,1582
4370,83,MntMeatProducts,32
10573,27,MntMeatProducts,98
3712,63,MntMeatProducts,33
6637,46,MntMeatProducts,305
3152,84,MntMeatProducts,19
5610,58,MntMeatProducts,10
6460,78,MntMeatProducts,6
1349,4,MntMeatProducts,24
1880,17,MntMeatProducts,6
641,77,MntMeatProducts,12
8717,56,MntMeatProducts,449
10314,79,MntMeatProducts,119
10854,90,MntMeatProducts,14
10492,96,MntMeatProducts,5
6935,44,MntMeatProducts,447
7698,81,MntMeatProducts,22
3559,77,MntMeatProducts,10
10562,21,MntMeatProducts,195
10796,16,MntMeatProducts,6
2563,80,MntMeatProducts,7
3518,45,MntMeatProducts,18
5823,63,MntMeatProducts,2
3934,34,MntMeatProducts,107
6982,14,MntMeatProducts,537
6431,13,MntMeatProducts,18
9733,52,MntMeatProducts,10
5602,98,MntMeatProducts,432
7829,99,MntMeatProducts,8
1324,93,MntMeatProducts,21
326,38,MntMeatProducts,45
7224,24,MntMeatProducts,10
6999,80,MntMeatProducts,106
9938,82,MntMeatProducts,813
6422,20,MntMeatProducts,482
3182,81,MntMeatProducts,79
7300,50,MntMeatProducts,34
10424,60,MntMeatProducts,553
8727,63,MntMeatProducts,337
2798,54,MntMeatProducts,138
1030,72,MntMeatProducts,13
624,5,MntMeatProducts,1
5176,88,MntMeatProducts,13
5552,50,MntMeatProducts,113
868,99,MntMeatProducts,7
380,17,MntMeatProducts,320
2677,11,MntMeatProducts,68
6521,18,MntMeatProducts,319
6927,70,MntMeatProducts,30
2877,21,MntMeatProducts,59
0,66,MntMeatProducts,554
1584,79,MntMeatProducts,171
7264,2,MntMeatProducts,4
6274,81,MntMeatProducts,417
1377,24,MntMeatProducts,33
454,48,MntMeatProducts,162
1755,93,MntMeatProducts,25
2075,56,MntMeatProducts,540
4785,3,MntMeatProducts,154
9076,44,MntMeatProducts,25
7079,38,MntMeatProducts,207
4653,46,MntMeatProducts,16
7375,84,MntMeatProducts,79
709,27,MntMeatProducts,204
460,72,MntMeatProducts,740
3726,66,MntMeatProducts,9
6798,30,MntMeatProducts,137
5341,2,MntMeatProducts,184
1606,65,MntMeatProducts,8
9617,37,MntMeatProducts,5
3233,89,MntMeatProducts,464
89,49,MntMeatProducts,20
2936,46,MntMeatProducts,4
9449,32,MntMeatProducts,124
7297,54,MntMeatProducts,10
11004,23,MntMeatProducts,5
313,98,MntMeatProducts,757
9940,97,MntMeatProducts,276
10735,75,MntMeatProducts,7
9529,8,MntMeatProducts,503
6439,37,MntMeatProducts,133
7411,31,MntMeatProducts,5
2176,40,MntMeatProducts,272
9265,74,MntMeatProducts,179
8867,90,MntMeatProducts,768
8932,57,MntMeatProducts,183
10236,59,MntMeatProducts,25
6340,52,MntMeatProducts,7
10089,5,MntMeatProducts,444
2227,92,MntMeatProducts,52
10992,77,MntMeatProducts,353
5304,35,MntMeatProducts,8
309,48,MntMeatProducts,118
3406,97,MntMeatProducts,87
2661,95,MntMeatProducts,2
3153,24,MntMeatProducts,4
10264,60,MntMeatProducts,8
1184,46,MntMeatProducts,215
4200,85,MntMeatProducts,62
9396,31,MntMeatProducts,6
2387,9,MntMeatProducts,71
6690,30,MntMeatProducts,22
1225,47,MntMeatProducts,398
9703,70,MntMeatProducts,35
291,13,MntMeatProducts,298
4557,11,MntMeatProducts,19
2379,31,MntMeatProducts,499
5726,15,MntMeatProducts,23
3066,2,MntMeatProducts,43
6336,55,MntMeatProducts,14
10967,38,MntMeatProducts,40
2304,86,MntMeatProducts,99
3445,56,MntMeatProducts,224
7828,29,MntMeatProducts,396
3762,30,MntMeatProducts,512
4391,64,MntMeatProducts,100
4669,46,MntMeatProducts,9
10144,84,MntMeatProducts,79
8652,20,MntMeatProducts,38
1672,74,MntMeatProducts,149
8962,18,MntMeatProducts,8
9974,75,MntMeatProducts,20
10983,17,MntMeatProducts,230
8148,88,MntMeatProducts,242
10102,19,MntMeatProducts,565
4697,62,MntMeatProducts,81
9262,11,MntMeatProducts,5
7254,74,MntMeatProducts,56
4543,32,MntMeatProducts,573
4927,76,MntMeatProducts,22
10451,6,MntMeatProducts,3
2926,62,MntMeatProducts,80
2874,20,MntMeatProducts,7
9738,43,MntMeatProducts,16
7119,45,MntMeatProducts,263
3924,34,MntMeatProducts,80
5827,53,MntMeatProducts,12
5596,44,MntMeatProducts,154
10812,89,MntMeatProducts,46
1717,43,MntMeatProducts,93
9491,68,MntMeatProducts,21
9274,44,MntMeatProducts,112
6609,64,MntMeatProducts,25
6963,85,MntMeatProducts,400
4440,93,MntMeatProducts,27
1379,12,MntMeatProducts,46
10032,86,MntMeatProducts,14
2826,28,MntMeatProducts,8
2437,69,MntMeatProducts,461
6320,42,MntMeatProducts,561
3050,13,MntMeatProducts,28
231,86,MntMeatProducts,7
2392,59,MntMeatProducts,21
9478,30,MntMeatProducts,128
113,33,MntMeatProducts,7
2863,67,MntMeatProducts,172
1802,23,MntMeatProducts,119
520,81,MntMeatProducts,7
8275,6,MntMeatProducts,3
9750,41,MntMeatProducts,353
2607,78,MntMeatProducts,118
7214,49,MntMeatProducts,275
5835,39,MntMeatProducts,28
3896,3,MntMeatProducts,11
10350,37,MntMeatProducts,5
7786,22,MntMeatProducts,59
2861,79,MntMeatProducts,6
663,46,MntMeatProducts,15
10675,82,MntMeatProducts,218
2521,10,MntMeatProducts,13
9592,51,MntMeatProducts,9
10151,38,MntMeatProducts,247
7381,10,MntMeatProducts,293
4099,14,MntMeatProducts,16
9560,18,MntMeatProducts,570
1150,36,MntMeatProducts,562
10172,95,MntMeatProducts,832
11191,11,MntMeatProducts,38
9707,65,MntMeatProducts,45
6245,71,MntMeatProducts,68
8234,13,MntMeatProducts,7
1411,58,MntMeatProducts,204
8553,65,MntMeatProducts,9
1826,0,MntMeatProducts,379
8842,33,MntMeatProducts,12
11030,90,MntMeatProducts,3
2579,95,MntMeatProducts,255
175,93,MntMeatProducts,455
9185,38,MntMeatProducts,514
11056,18,MntMeatProducts,410
9365,57,MntMeatProducts,217
6201,45,MntMeatProducts,14
2061,61,MntMeatProducts,11
6184,6,MntMeatProducts,785
6142,65,MntMeatProducts,177
4107,52,MntMeatProducts,69
7274,87,MntMeatProducts,818
9336,38,MntMeatProducts,83
2958,53,MntMeatProducts,10
933,31,MntMeatProducts,6
5837,67,MntMeatProducts,160
10704,65,MntMeatProducts,92
5125,64,MntMeatProducts,815
4432,82,MntMeatProducts,20
5955,27,MntMeatProducts,549
2928,63,MntMeatProducts,142
5680,66,MntMeatProducts,7
10313,69,MntMeatProducts,45
2557,52,MntMeatProducts,6
1245,45,MntMeatProducts,253
1519,2,MntMeatProducts,22
10703,86,MntMeatProducts,27
1726,23,MntMeatProducts,15
4459,13,MntMeatProducts,14
1729,14,MntMeatProducts,97
1517,92,MntMeatProducts,13
2098,38,MntMeatProducts,5
9543,74,MntMeatProducts,5
6878,14,MntMeatProducts,96
3310,94,MntMeatProducts,90
2724,33,MntMeatProducts,1
948,32,MntMeatProducts,7
6720,11,MntMeatProducts,53
6202,78,MntMeatProducts,142
2066,56,MntMeatProducts,11
9799,57,MntMeatProducts,151
8318,7,MntMeatProducts,786
5642,0,MntMeatProducts,61
2669,66,MntMeatProducts,335
455,86,MntMeatProducts,63
7683,80,MntMeatProducts,113
3428,56,MntMeatProducts,505
7414,18,MntMeatProducts,42
6354,51,MntMeatProducts,16
798,71,MntMeatProducts,6
8213,71,MntMeatProducts,9
2488,80,MntMeatProducts,25
9999,2,MntMeatProducts,125
7617,83,MntMeatProducts,61
615,29,MntMeatProducts,74
2552,11,MntMeatProducts,26
194,55,MntMeatProducts,11
3645,19,MntMeatProducts,26
8890,1,MntMeatProducts,80
5049,19,MntMeatProducts,24
9973,28,MntMeatProducts,92
7301,76,MntMeatProducts,11
10882,50,MntMeatProducts,221
7030,1,MntMeatProducts,204
7422,90,MntMeatProducts,54
3523,83,MntMeatProducts,309
7106,73,MntMeatProducts,591
6504,24,MntMeatProducts,9
5067,11,MntMeatProducts,282
4216,33,MntMeatProducts,108
8581,4,MntMeatProducts,100
5929,14,MntMeatProducts,19
3129,30,MntMeatProducts,11
6528,75,MntMeatProducts,2
1361,26,MntMeatProducts,103
6932,77,MntMeatProducts,716
7284,8,MntMeatProducts,7
1340,42,MntMeatProducts,792
8746,28,MntMeatProducts,297
5987,52,MntMeatProducts,11
3767,1,MntMeatProducts,189
3725,1,MntMeatProducts,349
4324,42,MntMeatProducts,235
238,76,MntMeatProducts,181
6694,27,MntMeatProducts,400
498,28,MntMeatProducts,22
9347,49,MntMeatProducts,7
9699,12,MntMeatProducts,271
10664,14,MntMeatProducts,35
5455,89,MntMeatProducts,15
456,96,MntMeatProducts,5
5012,56,MntMeatProducts,13
7495,72,MntMeatProducts,31
5029,14,MntMeatProducts,2
10642,13,MntMeatProducts,14
2106,99,MntMeatProducts,3
10364,72,MntMeatProducts,1
5954,92,MntMeatProducts,74
1137,87,MntMeatProducts,537
2541,7,MntMeatProducts,11
1142,91,MntMeatProducts,82
2276,71,MntMeatProducts,322
2807,24,MntMeatProducts,161
6471,17,MntMeatProducts,30
6131,87,MntMeatProducts,106
6233,21,MntMeatProducts,364
4148,90,MntMeatProducts,103
4947,44,MntMeatProducts,974
3225,71,MntMeatProducts,72
7540,52,MntMeatProducts,60
10648,78,MntMeatProducts,447
1992,2,MntMeatProducts,257
7851,60,MntMeatProducts,253
8594,25,MntMeatProducts,6
7059,47,MntMeatProducts,398
2815,46,MntMeatProducts,39
2416,83,MntMeatProducts,420
7999,17,MntMeatProducts,413
9213,13,MntMeatProducts,5
9697,86,MntMeatProducts,127
3916,92,MntMeatProducts,166
2021,47,MntMeatProducts,384
1581,18,MntMeatProducts,8
564,81,MntMeatProducts,125
6619,91,MntMeatProducts,13
9081,58,MntMeatProducts,6
178,40,MntMeatProducts,193
916,67,MntMeatProducts,4
5512,19,MntMeatProducts,39
8970,93,MntMeatProducts,39
10581,41,MntMeatProducts,84
5300,60,MntMeatProducts,19
5154,54,MntMeatProducts,13
8346,26,MntMeatProducts,35
1676,30,MntMeatProducts,44
9286,93,MntMeatProducts,100
2426,35,MntMeatProducts,114
5172,4,MntMeatProducts,232
5562,92,MntMeatProducts,109
3436,24,MntMeatProducts,5
3921,96,MntMeatProducts,108
3403,11,MntMeatProducts,594
22,99,MntMeatProducts,88
10965,72,MntMeatProducts,389
9426,77,MntMeatProducts,69
6605,85,MntMeatProducts,131
3136,88,MntMeatProducts,265
8737,22,MntMeatProducts,9
11088,83,MntMeatProducts,322
716,63,MntMeatProducts,356
466,9,MntMeatProducts,218
9135,92,MntMeatProducts,21
10623,2,MntMeatProducts,4
8151,6,MntMeatProducts,21
5140,66,MntMeatProducts,140
10160,49,MntMeatProducts,7
4945,29,MntMeatProducts,239
10584,77,MntMeatProducts,387
6071,77,MntMeatProducts,324
3386,71,MntMeatProducts,66
8939,49,MntMeatProducts,65
9925,97,MntMeatProducts,56
4320,6,MntMeatProducts,300
5389,93,MntMeatProducts,68
6036,78,MntMeatProducts,408
182,62,MntMeatProducts,55
203,47,MntMeatProducts,613
11025,9,MntMeatProducts,46
10203,77,MntMeatProducts,9
4607,24,MntMeatProducts,389
3711,19,MntMeatProducts,670
3696,67,MntMeatProducts,12
2532,95,MntMeatProducts,351
9214,48,MntMeatProducts,64
4943,73,MntMeatProducts,216
35,35,MntMeatProducts,64
2258,76,MntMeatProducts,15
4322,20,MntMeatProducts,319
713,72,MntMeatProducts,153
4702,20,MntMeatProducts,379
3281,69,MntMeatProducts,67
702,80,MntMeatProducts,83
2004,65,MntMeatProducts,260
4769,52,MntMeatProducts,24
4437,65,MntMeatProducts,92
8724,57,MntMeatProducts,22
10741,70,MntMeatProducts,112
1991,0,MntMeatProducts,11
6931,19,MntMeatProducts,292
11096,50,MntMeatProducts,32
304,67,MntMeatProducts,19
3665,46,MntMeatProducts,8
10591,37,MntMeatProducts,83
5036,38,MntMeatProducts,42
5547,9,MntMeatProducts,403
7822,56,MntMeatProducts,252
8541,98,MntMeatProducts,10
10955,68,MntMeatProducts,925
4368,72,MntMeatProducts,43
9671,47,MntMeatProducts,21
2256,33,MntMeatProducts,3
4279,87,MntMeatProducts,10
5371,0,MntMeatProducts,24
9240,73,MntMeatProducts,24
9460,74,MntMeatProducts,47
9504,4,MntMeatProducts,520
8692,50,MntMeatProducts,97
448,57,MntMeatProducts,137
8314,30,MntMeatProducts,761
8420,27,MntMeatProducts,13
3174,61,MntMeatProducts,287
7685,4,MntMeatProducts,12
3179,75,MntMeatProducts,940
9780,12,MntMeatProducts,132
10681,13,MntMeatProducts,259
10232,9,MntMeatProducts,81
4184,48,MntMeatProducts,29
9120,80,MntMeatProducts,161
891,60,MntMeatProducts,2
10381,43,MntMeatProducts,3
3525,19,MntMeatProducts,4
6818,26,MntMeatProducts,106
3526,58,MntMeatProducts,5
8181,42,MntMeatProducts,49
1029,27,MntMeatProducts,44
7369,56,MntMeatProducts,25
2574,27,MntMeatProducts,144
8159,10,MntMeatProducts,22
1160,48,MntMeatProducts,17
10242,39,MntMeatProducts,11
5253,85,MntMeatProducts,46
5966,64,MntMeatProducts,10
5314,69,MntMeatProducts,27
5081,54,MntMeatProducts,16
5123,57,MntMeatProducts,23
5756,64,MntMeatProducts,7
8036,10,MntMeatProducts,13
9058,65,MntMeatProducts,530
5057,74,MntMeatProducts,188
254,4,MntMeatProducts,30
4179,94,MntMeatProducts,9
3710,41,MntMeatProducts,35
7627,25,MntMeatProducts,797
4501,94,MntMeatProducts,635
6424,9,MntMeatProducts,2
3075,47,MntMeatProducts,168
4992,12,MntMeatProducts,16
5252,80,MntMeatProducts,18
7444,20,MntMeatProducts,9
6919,39,MntMeatProducts,15
3537,57,MntMeatProducts,31
10277,27,MntMeatProducts,2
2453,83,MntMeatProducts,135
7972,79,MntMeatProducts,519
895,69,MntMeatProducts,114
1177,77,MntMeatProducts,26
7141,15,MntMeatProducts,46
7232,99,MntMeatProducts,6
8477,61,MntMeatProducts,13
2457,23,MntMeatProducts,5
988,84,MntMeatProducts,592
7930,74,MntMeatProducts,76
4587,90,MntMeatProducts,53
6682,41,MntMeatProducts,1
6222,28,MntMeatProducts,8
10299,73,MntMeatProducts,248
3083,88,MntMeatProducts,87
8953,94,MntMeatProducts,5
1503,31,MntMeatProducts,16
8650,31,MntMeatProducts,10
10862,6,MntMeatProducts,83
2782,23,MntMeatProducts,27
6941,92,MntMeatProducts,12
10972,52,MntMeatProducts,169
10708,50,MntMeatProducts,11
6583,54,MntMeatProducts,323
3641,93,MntMeatProducts,15
10156,56,MntMeatProducts,507
4299,28,MntMeatProducts,572
3469,94,MntMeatProducts,33
5063,76,MntMeatProducts,129
10727,43,MntMeatProducts,199
9624,46,MntMeatProducts,207
5156,13,MntMeatProducts,259
4376,27,MntMeatProducts,15
8923,12,MntMeatProducts,732
8461,3,MntMeatProducts,1
6945,72,MntMeatProducts,713
944,6,MntMeatProducts,69
1907,53,MntMeatProducts,279
701,58,MntMeatProducts,250
3856,78,MntMeatProducts,142
4149,57,MntMeatProducts,653
2131,37,MntMeatProducts,102
2942,20,MntMeatProducts,27
1173,73,MntMeatProducts,758
4381,56,MntMeatProducts,40
4611,36,MntMeatProducts,104
3376,9,MntMeatProducts,73
4679,42,MntMeatProducts,152
10928,28,MntMeatProducts,62
4248,23,MntMeatProducts,711
6728,38,MntMeatProducts,17
6661,63,MntMeatProducts,217
4725,71,MntMeatProducts,25
3277,9,MntMeatProducts,100
5555,81,MntMeatProducts,1
2564,87,MntMeatProducts,28
946,92,MntMeatProducts,52
3867,36,MntMeatProducts,420
6940,86,MntMeatProducts,39
55,83,MntMeatProducts,65
7093,74,MntMeatProducts,5
5084,87,MntMeatProducts,213
1777,29,MntMeatProducts,11
8162,88,MntMeatProducts,11
10826,77,MntMeatProducts,7
8754,25,MntMeatProducts,3
1987,34,MntMeatProducts,11
11007,43,MntMeatProducts,6
7426,76,MntMeatProducts,37
9153,81,MntMeatProducts,428
10379,87,MntMeatProducts,122
9204,33,MntMeatProducts,194
3197,38,MntMeatProducts,107
2920,63,MntMeatProducts,142
6961,26,MntMeatProducts,5
4673,17,MntMeatProducts,145
9937,75,MntMeatProducts,149
8779,13,MntMeatProducts,76
9596,19,MntMeatProducts,117
2891,51,MntMeatProducts,123
4910,81,MntMeatProducts,384
75,32,MntMeatProducts,137
10120,84,MntMeatProducts,82
6327,87,MntMeatProducts,435
10142,99,MntMeatProducts,126
9826,96,MntMeatProducts,838
1501,21,MntMeatProducts,1622
10767,40,MntMeatProducts,480
7279,3,MntMeatProducts,559
7230,98,MntMeatProducts,24
143,73,MntMeatProducts,224
450,90,MntMeatProducts,80
9316,29,MntMeatProducts,7
6379,3,MntMeatProducts,20
9239,94,MntMeatProducts,18
8315,65,MntMeatProducts,11
2868,33,MntMeatProducts,28
10888,46,MntMeatProducts,178
1277,29,MntMeatProducts,388
9977,99,MntMeatProducts,309
10196,26,MntMeatProducts,177
6384,30,MntMeatProducts,278
8029,27,MntMeatProducts,352
968,24,MntMeatProducts,21
6988,93,MntMeatProducts,455
4472,34,MntMeatProducts,8
6991,88,MntMeatProducts,42
3336,96,MntMeatProducts,45
4301,10,MntMeatProducts,13
1940,26,MntMeatProducts,4
1272,49,MntMeatProducts,83
1388,11,MntMeatProducts,21
1044,44,MntMeatProducts,201
6969,75,MntMeatProducts,66
10479,64,MntMeatProducts,294
3619,19,MntMeatProducts,501
1715,45,MntMeatProducts,18
10159,77,MntMeatProducts,368
1463,9,MntMeatProducts,5
5114,1,MntMeatProducts,249
4990,90,MntMeatProducts,134
4329,43,MntMeatProducts,6
10936,79,MntMeatProducts,597
4692,19,MntMeatProducts,12
7212,99,MntMeatProducts,7
6086,62,MntMeatProducts,706
437,41,MntMeatProducts,218
11171,60,MntMeatProducts,77
11101,17,MntMeatProducts,132
5329,24,MntMeatProducts,3
610,60,MntMeatProducts,78
9384,57,MntMeatProducts,124
5956,74,MntMeatProducts,99
10430,22,MntMeatProducts,211
7875,46,MntMeatProducts,617
7072,69,MntMeatProducts,341
6255,29,MntMeatProducts,63
6516,37,MntMeatProducts,1
5564,26,MntMeatProducts,497
5682,8,MntMeatProducts,86
7458,26,MntMeatProducts,25
5237,79,MntMeatProducts,21
7761,71,MntMeatProducts,24
5278,83,MntMeatProducts,360
3560,57,MntMeatProducts,345
7235,37,MntMeatProducts,12
10548,30,MntMeatProducts,372
2281,34,MntMeatProducts,7
4073,0,MntMeatProducts,252
6974,89,MntMeatProducts,742
7938,92,MntMeatProducts,66
7094,87,MntMeatProducts,213
3667,20,MntMeatProducts,689
7723,56,MntMeatProducts,374
3870,28,MntMeatProducts,314
4012,55,MntMeatProducts,375
5909,25,MntMeatProducts,101
10470,0,MntMeatProducts,23
6488,86,MntMeatProducts,7
10270,8,MntMeatProducts,22
6887,33,MntMeatProducts,223
6406,13,MntMeatProducts,391
7573,12,MntMeatProducts,9
4508,92,MntMeatProducts,305
221,90,MntMeatProducts,38
5331,8,MntMeatProducts,898
1911,6,MntMeatProducts,291
20,91,MntMeatProducts,23
8786,52,MntMeatProducts,74
10582,3,MntMeatProducts,348
1915,57,MntMeatProducts,243
8897,9,MntMeatProducts,91
2371,22,MntMeatProducts,22
4303,76,MntMeatProducts,12
6825,86,MntMeatProducts,3
1072,64,MntMeatProducts,17
4964,90,MntMeatProducts,392
2461,79,MntMeatProducts,11
10736,28,MntMeatProducts,522
3194,86,MntMeatProducts,546
10839,42,MntMeatProducts,5
49,39,MntMeatProducts,6
4290,8,MntMeatProducts,8
10219,40,MntMeatProducts,15
4211,5,MntMeatProducts,5
1135,96,MntMeatProducts,19
6299,28,MntMeatProducts,186
10846,22,MntMeatProducts,125
347,30,MntMeatProducts,71
6543,45,MntMeatProducts,706
10446,58,MntMeatProducts,446
3479,49,MntMeatProducts,11
11075,37,MntMeatProducts,64
4442,70,MntMeatProducts,35
199,33,MntMeatProducts,60
6722,98,MntMeatProducts,136
796,17,MntMeatProducts,212
3749,54,MntMeatProducts,597
8523,39,MntMeatProducts,16
310,81,MntMeatProducts,159
8629,71,MntMeatProducts,10
236,62,MntMeatProducts,29
9930,8,MntMeatProducts,228
3483,76,MntMeatProducts,204
4599,66,MntMeatProducts,26
7326,83,MntMeatProducts,19
7352,28,MntMeatProducts,136
2350,87,MntMeatProducts,178
9145,43,MntMeatProducts,470
2964,0,MntMeatProducts,8
5585,1,MntMeatProducts,17
9687,1,MntMeatProducts,256
3732,72,MntMeatProducts,239
6303,72,MntMeatProducts,747
11176,12,MntMeatProducts,83
2986,89,MntMeatProducts,4
7462,67,MntMeatProducts,226
3900,54,MntMeatProducts,49
7034,34,MntMeatProducts,9
9493,15,MntMeatProducts,804
1143,43,MntMeatProducts,13
1,0,MntMeatProducts,64
3855,74,MntMeatProducts,47
5536,61,MntMeatProducts,287
5989,51,MntMeatProducts,476
9499,97,MntMeatProducts,287
6768,75,MntMeatProducts,8
2150,83,MntMeatProducts,409
6646,23,MntMeatProducts,5
4887,65,MntMeatProducts,28
8560,94,MntMeatProducts,156
3321,42,MntMeatProducts,90
11003,10,MntMeatProducts,7
10402,94,MntMeatProducts,9
9904,50,MntMeatProducts,274
6141,46,MntMeatProducts,97
5687,98,MntMeatProducts,774
10856,42,MntMeatProducts,6
5121,30,MntMeatProducts,82
4186,11,MntMeatProducts,15
368,61,MntMeatProducts,52
3312,12,MntMeatProducts,24
11121,76,MntMeatProducts,28
5332,2,MntMeatProducts,431
5848,43,MntMeatProducts,929
10343,27,MntMeatProducts,399
5935,60,MntMeatProducts,140
2895,79,MntMeatProducts,54
10262,96,MntMeatProducts,15
7848,17,MntMeatProducts,25
9477,0,MntMeatProducts,102
4856,38,MntMeatProducts,845
7186,43,MntMeatProducts,2
5794,1,MntMeatProducts,21
1456,25,MntMeatProducts,303
4877,2,MntMeatProducts,7
425,66,MntMeatProducts,116
3007,49,MntMeatProducts,10
1031,5,MntMeatProducts,350
4297,71,MntMeatProducts,18
807,35,MntMeatProducts,89
9553,94,MntMeatProducts,3
4271,80,MntMeatProducts,69
4120,61,MntMeatProducts,78
2036,29,MntMeatProducts,119
115,0,MntMeatProducts,68
4259,80,MntMeatProducts,4
8687,54,MntMeatProducts,90
2447,71,MntMeatProducts,15
10140,27,MntMeatProducts,396
9353,61,MntMeatProducts,267
3623,55,MntMeatProducts,16
738,35,MntMeatProducts,57
7631,34,MntMeatProducts,168
4789,95,MntMeatProducts,500
773,64,MntMeatProducts,93
10602,30,MntMeatProducts,59
1446,12,MntMeatProducts,569
3270,96,MntMeatProducts,38
8443,16,MntMeatProducts,12
9653,16,MntMeatProducts,14
8916,78,MntMeatProducts,5
8017,83,MntMeatProducts,19
5830,96,MntMeatProducts,838
4597,67,MntMeatProducts,685
7023,87,MntMeatProducts,55
8086,34,MntMeatProducts,2
8825,46,MntMeatProducts,156
2930,7,MntMeatProducts,207
1928,73,MntMeatProducts,20
7108,54,MntMeatProducts,47
10925,93,MntMeatProducts,446
9960,52,MntMeatProducts,1
8800,53,MntMeatProducts,206
9224,81,MntMeatProducts,53
5519,8,MntMeatProducts,161
5046,97,MntMeatProducts,354
7037,50,MntMeatProducts,134
905,38,MntMeatProducts,18
8624,61,MntMeatProducts,493
8945,46,MntMeatProducts,11
6445,73,MntMeatProducts,405
2727,19,MntMeatProducts,69
6404,10,MntMeatProducts,89
11074,94,MntMeatProducts,391
10150,10,MntMeatProducts,873
1968,37,MntMeatProducts,5
6534,94,MntMeatProducts,29
9485,23,MntMeatProducts,49
7053,75,MntMeatProducts,674
4654,40,MntMeatProducts,523
9760,24,MntMeatProducts,71
1048,11,MntMeatProducts,67
10619,29,MntMeatProducts,890
9308,51,MntMeatProducts,265
10505,86,MntMeatProducts,154
8362,9,MntMeatProducts,403
2625,30,MntMeatProducts,56
4637,73,MntMeatProducts,464
9972,25,MntMeatProducts,2
4483,67,MntMeatProducts,473
4487,67,MntMeatProducts,25
4988,58,MntMeatProducts,20
8931,82,MntMeatProducts,431
5871,98,MntMeatProducts,217
2008,93,MntMeatProducts,384
3139,53,MntMeatProducts,704
10037,66,MntMeatProducts,335
10673,6,MntMeatProducts,466
5303,42,MntMeatProducts,510
538,78,MntMeatProducts,27
7922,29,MntMeatProducts,72
5692,82,MntMeatProducts,3
4843,92,MntMeatProducts,305
6383,78,MntMeatProducts,15
1628,54,MntMeatProducts,311
1204,45,MntMeatProducts,447
3673,59,MntMeatProducts,238
760,8,MntMeatProducts,76
8957,51,MntMeatProducts,249
4128,51,MntMeatProducts,54
6810,76,MntMeatProducts,606
5386,62,MntMeatProducts,790
8700,86,MntMeatProducts,14
3202,60,MntMeatProducts,48
1328,56,MntMeatProducts,144
8405,83,MntMeatProducts,51
6515,92,MntMeatProducts,18
2882,31,MntMeatProducts,142
7574,80,MntMeatProducts,13
6387,39,MntMeatProducts,17
5320,20,MntMeatProducts,58
5048,53,MntMeatProducts,43
8146,84,MntMeatProducts,8
10031,50,MntMeatProducts,23
5748,96,MntMeatProducts,44
2134,94,MntMeatProducts,233
1523,25,MntMeatProducts,15
9665,48,MntMeatProducts,30
4640,65,MntMeatProducts,171
3635,69,MntMeatProducts,37
3547,12,MntMeatProducts,9
2456,84,MntMeatProducts,46
5633,47,MntMeatProducts,84
7801,87,MntMeatProducts,227
10489,35,MntMeatProducts,925
7011,47,MntMeatProducts,27
2620,48,MntMeatProducts,2
3933,46,MntMeatProducts,234
10981,27,MntMeatProducts,400
1734,37,MntMeatProducts,11
10995,8,MntMeatProducts,30
6357,29,MntMeatProducts,75
9209,85,MntMeatProducts,430
10286,2,MntMeatProducts,407
2611,66,MntMeatProducts,445
1600,60,MntMeatProducts,77
3308,54,MntMeatProducts,12
5407,70,MntMeatProducts,133
2166,55,MntMeatProducts,3
3955,20,MntMeatProducts,1
6634,78,MntMeatProducts,18
3056,63,MntMeatProducts,337
5718,17,MntMeatProducts,108
6872,43,MntMeatProducts,84
8164,13,MntMeatProducts,651
4580,46,MntMeatProducts,708
9305,65,MntMeatProducts,640
453,1,MntMeatProducts,12
8545,6,MntMeatProducts,311
9850,32,MntMeatProducts,7
7378,34,MntMeatProducts,136
7646,70,MntMeatProducts,282
1640,49,MntMeatProducts,16
5184,65,MntMeatProducts,11
8492,25,MntMeatProducts,545
11188,84,MntMeatProducts,19
1212,7,MntMeatProducts,292
9097,34,MntMeatProducts,32
10473,38,MntMeatProducts,288
7962,1,MntMeatProducts,449
9984,25,MntMeatProducts,144
5527,25,MntMeatProducts,11
6374,50,MntMeatProducts,31
7453,46,MntMeatProducts,127
8952,96,MntMeatProducts,288
241,57,MntMeatProducts,345
8975,47,MntMeatProducts,21
6119,52,MntMeatProducts,3
5236,30,MntMeatProducts,396
5723,63,MntMeatProducts,31
1710,51,MntMeatProducts,66
1970,14,MntMeatProducts,21
5313,20,MntMeatProducts,11
10634,56,MntMeatProducts,165
7010,41,MntMeatProducts,254
8562,72,MntMeatProducts,73
3158,1,MntMeatProducts,6
4436,27,MntMeatProducts,24
5287,77,MntMeatProducts,26
2445,87,MntMeatProducts,24
6059,81,MntMeatProducts,168
4550,51,MntMeatProducts,3
4240,79,MntMeatProducts,16
8911,11,MntMeatProducts,172
3706,54,MntMeatProducts,29
3628,93,MntMeatProducts,11
10175,0,MntMeatProducts,2
8985,54,MntMeatProducts,161
5204,21,MntMeatProducts,733
9220,58,MntMeatProducts,961
9888,3,MntMeatProducts,356
5263,99,MntMeatProducts,13
1020,70,MntMeatProducts,568
9503,65,MntMeatProducts,130
10613,44,MntMeatProducts,16
67,6,MntMeatProducts,16
6019,9,MntMeatProducts,9
5863,95,MntMeatProducts,134
3717,70,MntMeatProducts,29
6730,92,MntMeatProducts,14
10749,62,MntMeatProducts,66
4998,85,MntMeatProducts,415
6287,2,MntMeatProducts,16
5985,0,MntMeatProducts,37
4754,91,MntMeatProducts,33
4002,3,MntMeatProducts,333
8870,68,MntMeatProducts,141
966,98,MntMeatProducts,91
4767,41,MntMeatProducts,254
9725,16,MntMeatProducts,3
4475,82,MntMeatProducts,780
5740,1,MntMeatProducts,12
5731,64,MntMeatProducts,13
7290,68,MntMeatProducts,534
3846,98,MntMeatProducts,53
8104,32,MntMeatProducts,12
4507,87,MntMeatProducts,491
11013,84,MntMeatProducts,282
4491,3,MntMeatProducts,45
3759,34,MntMeatProducts,181
1162,23,MntMeatProducts,267
2055,37,MntMeatProducts,8
10766,22,MntMeatProducts,69
4415,19,MntMeatProducts,4
3005,7,MntMeatProducts,678
2223,52,MntMeatProducts,249
4817,91,MntMeatProducts,7
2875,93,MntMeatProducts,382
10536,78,MntMeatProducts,15
11112,23,MntMeatProducts,279
3807,83,MntMeatProducts,176
9197,92,MntMeatProducts,5
10832,4,MntMeatProducts,30
6421,32,MntMeatProducts,555
4207,27,MntMeatProducts,107
577,10,MntMeatProducts,7
10855,9,MntMeatProducts,77
3081,65,MntMeatProducts,6
3535,68,MntMeatProducts,334
247,16,MntMeatProducts,125
8707,12,MntMeatProducts,548
9523,95,MntMeatProducts,8
6072,16,MntMeatProducts,842
6295,46,MntMeatProducts,158
10914,3,MntMeatProducts,7
1509,80,MntMeatProducts,103
5577,77,MntMeatProducts,9
7348,0,MntMeatProducts,411
1127,62,MntMeatProducts,843
1833,91,MntMeatProducts,18
4944,24,MntMeatProducts,389
9080,2,MntMeatProducts,22
6466,22,MntMeatProducts,9
9964,56,MntMeatProducts,100
4790,54,MntMeatProducts,216
10245,71,MntMeatProducts,369
1109,38,MntMeatProducts,5
6001,62,MntMeatProducts,160
5538,78,MntMeatProducts,430
10552,18,MntMeatProducts,109
1545,95,MntMeatProducts,206
7409,66,MntMeatProducts,30
4444,28,MntMeatProducts,16
146,78,MntMeatProducts,400
6271,13,MntMeatProducts,8
10065,27,MntMeatProducts,13
4741,17,MntMeatProducts,70
246,71,MntMeatProducts,57
375,79,MntMeatProducts,449
1524,1,MntMeatProducts,115
10022,78,MntMeatProducts,4
7451,23,MntMeatProducts,711
11010,75,MntMeatProducts,18
4356,70,MntMeatProducts,140
3885,10,MntMeatProducts,18
1175,24,MntMeatProducts,54
880,47,MntMeatProducts,11
2320,98,MntMeatProducts,59
850,4,MntMeatProducts,215
4713,15,MntMeatProducts,42
675,67,MntMeatProducts,93
5025,32,MntMeatProducts,23
2308,40,MntMeatProducts,137
5995,54,MntMeatProducts,147
6749,78,MntMeatProducts,494
1010,94,MntMeatProducts,17
8977,51,MntMeatProducts,4
4756,42,MntMeatProducts,818
3412,67,MntMeatProducts,53
606,87,MntMeatProducts,2
5961,29,MntMeatProducts,20
2975,89,MntMeatProducts,864
2894,74,MntMeatProducts,750
7613,97,MntMeatProducts,107
10542,63,MntMeatProducts,34
8015,88,MntMeatProducts,395
10617,34,MntMeatProducts,10
11166,81,MntMeatProducts,56
849,65,MntMeatProducts,133
523,51,MntMeatProducts,26
4066,76,MntMeatProducts,8
8414,76,MntMeatProducts,12
819,84,MntMeatProducts,249
4961,56,MntMeatProducts,25
749,31,MntMeatProducts,59
5430,0,MntMeatProducts,171
7755,91,MntMeatProducts,39
10525,40,MntMeatProducts,8
1453,59,MntMeatProducts,183
8310,96,MntMeatProducts,196
10710,61,MntMeatProducts,3
5031,14,MntMeatProducts,731
2613,16,MntMeatProducts,37
213,98,MntMeatProducts,11
967,11,MntMeatProducts,112
1077,52,MntMeatProducts,239
7959,19,MntMeatProducts,483
640,61,MntMeatProducts,329
4252,73,MntMeatProducts,28
8432,0,MntMeatProducts,171
6218,74,MntMeatProducts,29
6905,55,MntMeatProducts,604
5922,48,MntMeatProducts,6
3598,53,MntMeatProducts,83
6116,13,MntMeatProducts,18
6263,34,MntMeatProducts,37
10486,54,MntMeatProducts,162
2410,69,MntMeatProducts,425
193,81,MntMeatProducts,2
3363,99,MntMeatProducts,3
8278,3,MntMeatProducts,547
10660,61,MntMeatProducts,35
8686,65,MntMeatProducts,15
1604,93,MntMeatProducts,19
5907,24,MntMeatProducts,8
10669,8,MntMeatProducts,64
2918,72,MntMeatProducts,19
5735,29,MntMeatProducts,915
359,33,MntMeatProducts,83
8387,68,MntMeatProducts,76
1829,55,MntMeatProducts,60
3839,76,MntMeatProducts,3
9392,17,MntMeatProducts,11
2292,94,MntMeatProducts,8
10466,86,MntMeatProducts,20
9855,25,MntMeatProducts,101
4088,22,MntMeatProducts,28
5231,15,MntMeatProducts,7
590,35,MntMeatProducts,549
8732,81,MntMeatProducts,70
2315,55,MntMeatProducts,11
3515,94,MntMeatProducts,34
2245,50,MntMeatProducts,51
6283,64,MntMeatProducts,100
2246,91,MntMeatProducts,23
6606,11,MntMeatProducts,137
5545,72,MntMeatProducts,259
7342,6,MntMeatProducts,113
837,0,MntMeatProducts,57
9500,66,MntMeatProducts,169
3602,42,MntMeatProducts,29
234,60,MntMeatProducts,8
2995,64,MntMeatProducts,689
1118,87,MntMeatProducts,85
7789,96,MntMeatProducts,801
3068,1,MntMeatProducts,9
8955,54,MntMeatProducts,4
945,53,MntMeatProducts,25
5644,96,MntMeatProducts,24
7192,58,MntMeatProducts,93
2324,12,MntMeatProducts,242
697,78,MntMeatProducts,913
3439,64,MntMeatProducts,39
1506,26,MntMeatProducts,45
232,8,MntMeatProducts,88
8876,49,MntMeatProducts,16
4500,56,MntMeatProducts,505
9739,55,MntMeatProducts,22
10395,25,MntMeatProducts,3
1176,50,MntMeatProducts,4
1627,84,MntMeatProducts,109
938,30,MntMeatProducts,7
2740,81,MntMeatProducts,16
257,74,MntMeatProducts,180
4058,76,MntMeatProducts,106
7736,36,MntMeatProducts,12
8210,64,MntMeatProducts,17
833,62,MntMeatProducts,14
6230,53,MntMeatProducts,59
7325,86,MntMeatProducts,11
1307,15,MntMeatProducts,8
1502,67,MntMeatProducts,19
6211,47,MntMeatProducts,9
843,47,MntMeatProducts,280
4174,81,MntMeatProducts,19
9757,98,MntMeatProducts,414
6918,56,MntMeatProducts,13
286,48,MntMeatProducts,35
11086,18,MntMeatProducts,2
1921,74,MntMeatProducts,12
4138,68,MntMeatProducts,147
7718,36,MntMeatProducts,270
1291,90,MntMeatProducts,121
6862,65,MntMeatProducts,3
4136,63,MntMeatProducts,18
803,82,MntMeatProducts,5
4298,63,MntMeatProducts,4
10833,55,MntMeatProducts,133
9606,64,MntMeatProducts,514
8534,51,MntMeatProducts,259
5153,97,MntMeatProducts,265
961,92,MntMeatProducts,421
5011,51,MntMeatProducts,123
6653,72,MntMeatProducts,87
9094,39,MntMeatProducts,47
810,49,MntMeatProducts,86
5493,21,MntMeatProducts,2
2147,91,MntMeatProducts,946
5107,37,MntMeatProducts,8
3979,98,MntMeatProducts,672
6049,85,MntMeatProducts,415
8147,40,MntMeatProducts,11
1857,2,MntMeatProducts,12
3910,78,MntMeatProducts,430
5207,41,MntMeatProducts,152
11114,94,MntMeatProducts,9
5429,10,MntMeatProducts,33
9400,73,MntMeatProducts,611
1740,22,MntMeatProducts,104
7488,30,MntMeatProducts,186
195,21,MntMeatProducts,52
635,51,MntMeatProducts,64
7527,97,MntMeatProducts,29
10319,56,MntMeatProducts,96
2296,4,MntMeatProducts,11
10637,77,MntMeatProducts,27
2931,95,MntMeatProducts,106
907,36,MntMeatProducts,71
3698,13,MntMeatProducts,687
9516,90,MntMeatProducts,239
679,49,MntMeatProducts,20
7384,18,MntMeatProducts,204
5043,89,MntMeatProducts,78
5267,43,MntMeatProducts,18
339,82,MntMeatProducts,24
2516,84,MntMeatProducts,10
9010,80,MntMeatProducts,842
378,68,MntMeatProducts,151
4808,12,MntMeatProducts,5
5068,75,MntMeatProducts,7
7628,10,MntMeatProducts,24
7128,91,MntMeatProducts,5
2811,21,MntMeatProducts,9
3551,28,MntMeatProducts,57
1663,97,MntMeatProducts,14
5543,49,MntMeatProducts,114
1577,14,MntMeatProducts,622
10641,5,MntMeatProducts,4
5336,37,MntMeatProducts,9
6024,62,MntMeatProducts,790
1878,83,MntMeatProducts,8
3099,48,MntMeatProducts,65
6055,94,MntMeatProducts,376
5841,61,MntMeatProducts,155
3972,70,MntMeatProducts,51
4394,43,MntMeatProducts,249
5758,23,MntMeatProducts,69
6658,37,MntMeatProducts,154
4603,50,MntMeatProducts,189
8427,78,MntMeatProducts,717
10260,74,MntMeatProducts,74
7143,14,MntMeatProducts,209
8789,77,MntMeatProducts,111
6197,39,MntMeatProducts,17
4554,89,MntMeatProducts,73
4937,62,MntMeatProducts,20
1920,59,MntMeatProducts,21
8749,68,MntMeatProducts,9
1650,13,MntMeatProducts,537
10377,37,MntMeatProducts,97
9206,36,MntMeatProducts,231
10971,28,MntMeatProducts,107
6398,2,MntMeatProducts,13
9212,17,MntMeatProducts,235
7937,86,MntMeatProducts,25
839,54,MntMeatProducts,44
4246,2,MntMeatProducts,26
158,3,MntMeatProducts,528
4832,84,MntMeatProducts,17
5621,8,MntMeatProducts,100
1945,4,MntMeatProducts,217
5147,57,MntMeatProducts,118
2535,24,MntMeatProducts,480
11039,51,MntMeatProducts,54
9495,29,MntMeatProducts,413
9635,13,MntMeatProducts,40
2173,23,MntMeatProducts,7
942,36,MntMeatProducts,78
9386,88,MntMeatProducts,21
5510,2,MntMeatProducts,61
873,3,MntMeatProducts,45
2253,15,MntMeatProducts,8
5181,58,MntMeatProducts,2
979,11,MntMeatProducts,21
10390,27,MntMeatProducts,4
4698,32,MntMeatProducts,92
7793,12,MntMeatProducts,84
1745,88,MntMeatProducts,395
10590,91,MntMeatProducts,573
5080,12,MntMeatProducts,452
8369,21,MntMeatProducts,7
5232,23,MntMeatProducts,75
2407,10,MntMeatProducts,459
3834,35,MntMeatProducts,215
7912,69,MntMeatProducts,27
7712,68,MntMeatProducts,259
1065,85,MntMeatProducts,984
7275,34,MntMeatProducts,31
1343,55,MntMeatProducts,68
1384,10,MntMeatProducts,14
9967,30,MntMeatProducts,196
6181,36,MntMeatProducts,238
10507,14,MntMeatProducts,69
2674,79,MntMeatProducts,205
2698,52,MntMeatProducts,108
3231,97,MntMeatProducts,10
4096,24,MntMeatProducts,21
10476,0,MntMeatProducts,59
5948,96,MntMeatProducts,52
9140,89,MntMeatProducts,24
10258,94,MntMeatProducts,5
5675,98,MntMeatProducts,24
4743,72,MntMeatProducts,167
8805,1,MntMeatProducts,38
1542,26,MntMeatProducts,35
6770,5,MntMeatProducts,14
8773,22,MntMeatProducts,18
10475,39,MntMeatProducts,65
10420,56,MntMeatProducts,64
7514,74,MntMeatProducts,34
2902,87,MntMeatProducts,12
4345,49,MntMeatProducts,9
793,24,MntMeatProducts,17
10909,9,MntMeatProducts,694
3769,17,MntMeatProducts,13
8702,10,MntMeatProducts,7
4791,35,MntMeatProducts,17
2963,56,MntMeatProducts,374
8216,7,MntMeatProducts,76
8140,51,MntMeatProducts,29
10146,17,MntMeatProducts,13
5289,30,MntMeatProducts,12
2587,21,MntMeatProducts,6
4405,2,MntMeatProducts,115
8663,85,MntMeatProducts,3
2589,65,MntMeatProducts,16
3421,64,MntMeatProducts,100
10490,11,MntMeatProducts,79
4094,92,MntMeatProducts,43
9958,54,MntMeatProducts,49
2534,4,MntMeatProducts,41
4188,53,MntMeatProducts,39
6613,39,MntMeatProducts,133
10827,49,MntMeatProducts,21
5491,70,MntMeatProducts,112
8402,40,MntMeatProducts,222
8783,40,MntMeatProducts,104
10010,43,MntMeatProducts,16
618,17,MntMeatProducts,238
9121,40,MntMeatProducts,272
361,84,MntMeatProducts,7
4310,25,MntMeatProducts,520
2678,62,MntMeatProducts,50
6376,83,MntMeatProducts,139
524,47,MntMeatProducts,11
10341,45,MntMeatProducts,39
5654,34,MntMeatProducts,10
4098,3,MntMeatProducts,16
5824,1,MntMeatProducts,1
7000,18,MntMeatProducts,74
2561,45,MntMeatProducts,253
5229,81,MntMeatProducts,8
4086,77,MntMeatProducts,7
2428,23,MntMeatProducts,26
8254,48,MntMeatProducts,2
2836,61,MntMeatProducts,7
8418,60,MntMeatProducts,17
1362,75,MntMeatProducts,64
7152,64,MntMeatProducts,13
10033,54,MntMeatProducts,10
9349,84,MntMeatProducts,118
274,75,MntMeatProducts,15
3388,16,MntMeatProducts,67
922,79,MntMeatProducts,11
8588,92,MntMeatProducts,43
2518,16,MntMeatProducts,5
574,96,MntMeatProducts,11
3220,30,MntMeatProducts,59
5967,60,MntMeatProducts,19
1183,11,MntMeatProducts,4
6856,75,MntMeatProducts,23
4530,36,MntMeatProducts,595
1553,71,MntMeatProducts,672
4682,88,MntMeatProducts,102
8204,93,MntMeatProducts,553
5221,93,MntMeatProducts,99
1232,54,MntMeatProducts,348
1927,41,MntMeatProducts,159
5788,46,MntMeatProducts,92
6652,28,MntMeatProducts,573
6246,40,MntMeatProducts,601
5975,82,MntMeatProducts,17
6875,38,MntMeatProducts,180
4399,3,MntMeatProducts,356
4042,87,MntMeatProducts,52
2157,49,MntMeatProducts,16
10133,16,MntMeatProducts,731
2525,65,MntMeatProducts,123
8233,9,MntMeatProducts,21
9483,24,MntMeatProducts,177
2945,25,MntMeatProducts,2
10403,43,MntMeatProducts,6
5074,10,MntMeatProducts,10
10524,29,MntMeatProducts,95
4690,45,MntMeatProducts,75
7521,57,MntMeatProducts,345
7196,20,MntMeatProducts,3
4406,29,MntMeatProducts,352
9672,82,MntMeatProducts,9
4864,68,MntMeatProducts,58
4706,65,MntMeatProducts,5
4070,99,MntMeatProducts,553
25,9,MntMeatProducts,422
3697,20,MntMeatProducts,26
217,78,MntMeatProducts,717
4220,26,MntMeatProducts,13
5286,68,MntMeatProducts,54
9559,79,MntMeatProducts,60
2849,25,MntMeatProducts,303
7787,83,MntMeatProducts,135
3102,32,MntMeatProducts,12
5868,49,MntMeatProducts,9
8370,50,MntMeatProducts,259
9988,84,MntMeatProducts,142
2939,96,MntMeatProducts,687
5529,56,MntMeatProducts,30
9743,85,MntMeatProducts,161
5763,63,MntMeatProducts,171
3478,17,MntMeatProducts,309
7494,11,MntMeatProducts,40
1763,62,MntMeatProducts,815
7250,48,MntMeatProducts,178
2005,86,MntMeatProducts,30
10770,73,MntMeatProducts,295
6885,36,MntMeatProducts,12
2072,34,MntMeatProducts,101
9463,16,MntMeatProducts,253
6318,48,MntMeatProducts,385
4093,61,MntMeatProducts,57
5751,54,MntMeatProducts,10
3340,56,MntMeatProducts,108
3594,74,MntMeatProducts,91
3584,35,MntMeatProducts,120
3643,65,MntMeatProducts,125
851,48,MntMeatProducts,109
7706,88,MntMeatProducts,189
3967,19,MntMeatProducts,170
10128,21,MntMeatProducts,165
486,27,MntMeatProducts,400
9,86,MntMeatProducts,27
9451,92,MntMeatProducts,428
9264,1,MntMeatProducts,706
3865,14,MntMeatProducts,10
2853,74,MntMeatProducts,87
1490,84,MntMeatProducts,85
6310,4,MntMeatProducts,12
10380,50,MntMeatProducts,40
3887,2,MntMeatProducts,26
4278,73,MntMeatProducts,724
8643,21,MntMeatProducts,827
1998,82,MntMeatProducts,21
10795,14,MntMeatProducts,19
11110,56,MntMeatProducts,1
2408,20,MntMeatProducts,184
202,54,MntMeatProducts,377
7998,77,MntMeatProducts,17
830,5,MntMeatProducts,560
3536,65,MntMeatProducts,3
6050,33,MntMeatProducts,219
125,65,MntMeatProducts,33
3463,41,MntMeatProducts,134
2804,86,MntMeatProducts,27
3745,92,MntMeatProducts,7
9771,97,MntMeatProducts,101
451,91,MntMeatProducts,7
10530,0,MntMeatProducts,441
1079,59,MntMeatProducts,76
8920,4,MntMeatProducts,469
6678,5,MntMeatProducts,24
3852,48,MntMeatProducts,270
528,99,MntMeatProducts,701
73,81,MntMeatProducts,3
5589,95,MntMeatProducts,115
10212,43,MntMeatProducts,16
6365,5,MntMeatProducts,12
5636,50,MntMeatProducts,50
591,76,MntMeatProducts,179
2217,46,MntMeatProducts,2
2544,68,MntMeatProducts,27
7725,33,MntMeatProducts,255
8091,50,MntMeatProducts,368
7321,85,MntMeatProducts,415
5462,63,MntMeatProducts,217
7791,89,MntMeatProducts,6
955,81,MntMeatProducts,44
4037,77,MntMeatProducts,3
6642,50,MntMeatProducts,22
2793,10,MntMeatProducts,168
5424,30,MntMeatProducts,59
879,66,MntMeatProducts,26
9530,16,MntMeatProducts,4
4828,12,MntMeatProducts,278
10699,30,MntMeatProducts,40
1497,8,MntMeatProducts,88
7476,93,MntMeatProducts,254
4390,14,MntMeatProducts,171
10478,53,MntMeatProducts,108
1081,26,MntMeatProducts,180
4261,23,MntMeatProducts,115
9916,92,MntMeatProducts,14
5350,29,MntMeatProducts,915
8135,41,MntMeatProducts,23
8685,56,MntMeatProducts,108
4967,19,MntMeatProducts,23
2130,4,MntMeatProducts,67
9298,89,MntMeatProducts,465
8175,71,MntMeatProducts,66
6257,81,MntMeatProducts,134
3790,31,MntMeatProducts,5
9952,53,MntMeatProducts,639
3503,78,MntMeatProducts,573
5223,80,MntMeatProducts,10
4608,18,MntMeatProducts,424
1626,37,MntMeatProducts,8
4764,52,MntMeatProducts,52
2471,39,MntMeatProducts,68
5892,11,MntMeatProducts,45
2612,33,MntMeatProducts,625
4971,22,MntMeatProducts,28
5185,83,MntMeatProducts,315
10069,43,MntMeatProducts,5
2262,74,MntMeatProducts,74
1131,54,MntMeatProducts,3
1041,3,MntMeatProducts,50
24,96,MntMeatProducts,19
3409,68,MntMeatProducts,129
7022,2,MntMeatProducts,309
7943,40,MntMeatProducts,6
5272,64,MntMeatProducts,88
5453,26,MntMeatProducts,649
2565,69,MntMeatProducts,215
800,57,MntMeatProducts,6
11092,78,MntMeatProducts,21
5062,71,MntMeatProducts,4
8969,59,MntMeatProducts,422
4656,28,MntMeatProducts,230
4480,61,MntMeatProducts,15
9971,22,MntMeatProducts,69
6729,95,MntMeatProducts,832
1773,38,MntMeatProducts,15
9242,19,MntMeatProducts,575
1764,92,MntMeatProducts,128
6215,24,MntMeatProducts,10
10099,21,MntMeatProducts,215
5423,35,MntMeatProducts,5
940,9,MntMeatProducts,99
3011,23,MntMeatProducts,75
3298,92,MntMeatProducts,76
8286,55,MntMeatProducts,17
9668,14,MntMeatProducts,20
5120,78,MntMeatProducts,447
6097,64,MntMeatProducts,104
7019,49,MntMeatProducts,16
7408,8,MntMeatProducts,6
8041,35,MntMeatProducts,153
252,11,MntMeatProducts,142
9986,8,MntMeatProducts,23
3276,53,MntMeatProducts,35
3859,36,MntMeatProducts,420
3570,64,MntMeatProducts,51
3783,43,MntMeatProducts,10
10207,40,MntMeatProducts,8
10906,52,MntMeatProducts,69
3427,11,MntMeatProducts,70
5209,21,MntMeatProducts,71
10711,23,MntMeatProducts,373
10785,17,MntMeatProducts,10
2814,6,MntMeatProducts,5
6866,56,MntMeatProducts,14
1665,71,MntMeatProducts,61
6575,51,MntMeatProducts,214
3829,94,MntMeatProducts,6
3091,27,MntMeatProducts,134
10141,1,MntMeatProducts,6
5177,56,MntMeatProducts,68
7005,71,MntMeatProducts,179
6409,18,MntMeatProducts,599
7485,48,MntMeatProducts,32
8079,86,MntMeatProducts,8
8395,48,MntMeatProducts,265
10352,2,MntMeatProducts,28
4931,13,MntMeatProducts,1725
13,57,MntMeatProducts,5
1834,77,MntMeatProducts,23
2285,0,MntMeatProducts,76
2295,57,MntMeatProducts,92
1378,24,MntMeatProducts,160
2781,55,MntMeatProducts,536
1165,62,MntMeatProducts,143
1404,89,MntMeatProducts,82
6457,77,MntMeatProducts,230
2639,45,MntMeatProducts,12
8299,46,MntMeatProducts,15
6437,80,MntMeatProducts,20
6912,60,MntMeatProducts,91
7327,71,MntMeatProducts,3
5299,43,MntMeatProducts,199
4127,97,MntMeatProducts,265
8143,49,MntMeatProducts,46
1964,66,MntMeatProducts,768
3690,20,MntMeatProducts,673
3433,54,MntMeatProducts,323
3389,61,MntMeatProducts,363
4712,18,MntMeatProducts,22
1170,45,MntMeatProducts,110
6347,26,MntMeatProducts,4
4065,0,MntMeatProducts,73
8230,28,MntMeatProducts,31
1215,49,MntMeatProducts,499
5939,84,MntMeatProducts,28
2156,38,MntMeatProducts,10
7788,53,MntMeatProducts,3
10323,88,MntMeatProducts,41
7947,99,MntMeatProducts,8
1891,12,MntMeatProducts,850
2570,35,MntMeatProducts,61
9256,5,MntMeatProducts,206
295,77,MntMeatProducts,324
7397,45,MntMeatProducts,82
6349,71,MntMeatProducts,414
10790,40,MntMeatProducts,5
10398,82,MntMeatProducts,2
2431,70,MntMeatProducts,19
550,87,MntMeatProducts,217
1890,95,MntMeatProducts,4
10742,72,MntMeatProducts,127
10356,5,MntMeatProducts,2
4676,86,MntMeatProducts,520
8852,80,MntMeatProducts,342
3565,62,MntMeatProducts,14
5294,49,MntMeatProducts,19
1958,85,MntMeatProducts,65
7349,7,MntMeatProducts,16
8799,6,MntMeatProducts,69
1351,25,MntMeatProducts,194
1045,55,MntMeatProducts,107
7732,81,MntMeatProducts,124
8070,98,MntMeatProducts,31
477,31,MntMeatProducts,835
7832,30,MntMeatProducts,396
2202,98,MntMeatProducts,11
7396,92,MntMeatProducts,936
4055,41,MntMeatProducts,11
10340,68,MntMeatProducts,141
10091,78,MntMeatProducts,367
7629,46,MntMeatProducts,9
10640,71,MntMeatProducts,71
3498,6,MntMeatProducts,184
6742,82,MntMeatProducts,1
1172,71,MntMeatProducts,935
569,32,MntMeatProducts,853
4686,28,MntMeatProducts,558
1381,20,MntMeatProducts,115
2634,10,MntMeatProducts,31
10905,7,MntMeatProducts,56
1744,67,MntMeatProducts,13
1000,48,MntMeatProducts,270
3828,61,MntMeatProducts,217
8605,36,MntMeatProducts,14
10304,77,MntMeatProducts,7
4351,90,MntMeatProducts,10
10129,35,MntMeatProducts,509
2499,38,MntMeatProducts,97
10092,46,MntMeatProducts,250
7500,33,MntMeatProducts,223
5796,70,MntMeatProducts,442
10556,51,MntMeatProducts,131
1064,18,MntMeatProducts,11
48,97,MntMeatProducts,12
7610,32,MntMeatProducts,86
263,9,MntMeatProducts,29
10814,6,MntMeatProducts,751
9710,80,MntMeatProducts,62
9292,74,MntMeatProducts,693
10250,49,MntMeatProducts,3
7881,21,MntMeatProducts,195
5847,95,MntMeatProducts,206
737,56,MntMeatProducts,454
3571,48,MntMeatProducts,118
7807,26,MntMeatProducts,106
3878,3,MntMeatProducts,7
5092,39,MntMeatProducts,47
2154,33,MntMeatProducts,12
5394,42,MntMeatProducts,4
3798,80,MntMeatProducts,23
3524,9,MntMeatProducts,60
5247,52,MntMeatProducts,6
5883,78,MntMeatProducts,204
2118,68,MntMeatProducts,96
8812,45,MntMeatProducts,8
6616,47,MntMeatProducts,85
2797,34,MntMeatProducts,171
4328,81,MntMeatProducts,7
9167,72,MntMeatProducts,250
10560,23,MntMeatProducts,2
2631,29,MntMeatProducts,413
8312,80,MntMeatProducts,7
5534,30,MntMeatProducts,26
5093,15,MntMeatProducts,30
7592,86,MntMeatProducts,63
8895,68,MntMeatProducts,534
8584,54,MntMeatProducts,462
2694,44,MntMeatProducts,3
8910,7,MntMeatProducts,56
7433,87,MntMeatProducts,68
164,59,MntMeatProducts,46
10477,16,MntMeatProducts,18
2681,1,MntMeatProducts,112
5150,64,MntMeatProducts,7
5283,72,MntMeatProducts,21
9645,98,MntMeatProducts,168
10678,91,MntMeatProducts,170
7261,8,MntMeatProducts,60
9648,20,MntMeatProducts,56
2870,6,MntMeatProducts,38
8008,54,MntMeatProducts,30
1513,72,MntMeatProducts,128
6173,46,MntMeatProducts,292
1419,11,MntMeatProducts,15
9150,21,MntMeatProducts,9
7960,89,MntMeatProducts,350
1250,82,MntMeatProducts,21
9905,69,MntMeatProducts,41
10691,55,MntMeatProducts,10
7002,13,MntMeatProducts,90
2952,80,MntMeatProducts,30
8439,97,MntMeatProducts,70
762,27,MntMeatProducts,134
2831,99,MntMeatProducts,279
6977,87,MntMeatProducts,629
6289,85,MntMeatProducts,10
4168,30,MntMeatProducts,137
8397,82,MntMeatProducts,5
9284,21,MntMeatProducts,165
6237,92,MntMeatProducts,33
3130,95,MntMeatProducts,2
1619,2,MntMeatProducts,981
1990,74,MntMeatProducts,586
5513,49,MntMeatProducts,10
269,71,MntMeatProducts,163
8093,72,MntMeatProducts,232
10513,68,MntMeatProducts,565
10177,4,MntMeatProducts,300
2549,80,MntMeatProducts,9
5782,15,MntMeatProducts,106
10057,70,MntMeatProducts,419
10307,91,MntMeatProducts,87
8566,10,MntMeatProducts,3
2415,99,MntMeatProducts,398
5684,25,MntMeatProducts,9
8334,34,MntMeatProducts,31
9166,57,MntMeatProducts,141
1440,84,MntMeatProducts,241
78,51,MntMeatProducts,11
5441,97,MntMeatProducts,54
5302,13,MntMeatProducts,697
4687,92,MntMeatProducts,736
1087,30,MntMeatProducts,36
6859,30,MntMeatProducts,24
9860,11,MntMeatProducts,22
7129,72,MntMeatProducts,142
5866,39,MntMeatProducts,66
10521,0,MntMeatProducts,57
7393,15,MntMeatProducts,24
7849,12,MntMeatProducts,456
332,56,MntMeatProducts,43
9847,39,MntMeatProducts,47
531,55,MntMeatProducts,397
9576,60,MntMeatProducts,56
6906,73,MntMeatProducts,602
7419,90,MntMeatProducts,19
3170,86,MntMeatProducts,408
8527,37,MntMeatProducts,119
7872,7,MntMeatProducts,273
9931,29,MntMeatProducts,1
10595,19,MntMeatProducts,28
4609,14,MntMeatProducts,53
5010,72,MntMeatProducts,8
4427,56,MntMeatProducts,590
11148,85,MntMeatProducts,4
1168,62,MntMeatProducts,899
9595,1,MntMeatProducts,816
10163,28,MntMeatProducts,420
2886,70,MntMeatProducts,72
6710,84,MntMeatProducts,13
5316,89,MntMeatProducts,18
9029,73,MntMeatProducts,603
521,42,MntMeatProducts,203
1459,16,MntMeatProducts,124
10241,16,MntMeatProducts,0
1630,56,MntMeatProducts,100
3254,65,MntMeatProducts,239
9064,10,MntMeatProducts,459
3678,13,MntMeatProducts,71
4227,78,MntMeatProducts,13
9467,51,MntMeatProducts,10
8486,27,MntMeatProducts,52
2186,30,MntMeatProducts,754
3286,71,MntMeatProducts,15
8602,97,MntMeatProducts,153
3722,83,MntMeatProducts,8
6715,3,MntMeatProducts,132
4796,71,MntMeatProducts,3
9612,3,MntMeatProducts,6
3766,15,MntMeatProducts,243
1399,52,MntMeatProducts,445
1570,8,MntMeatProducts,240
3426,89,MntMeatProducts,338
3074,66,MntMeatProducts,304
8341,22,MntMeatProducts,6
5180,56,MntMeatProducts,16
6461,74,MntMeatProducts,157
7679,48,MntMeatProducts,12
10702,67,MntMeatProducts,133
7505,24,MntMeatProducts,9
5113,67,MntMeatProducts,835
10858,38,MntMeatProducts,177
2961,86,MntMeatProducts,110
2747,90,MntMeatProducts,768
3010,87,MntMeatProducts,612
5790,62,MntMeatProducts,16
6892,23,MntMeatProducts,56
1743,99,MntMeatProducts,208
3578,29,MntMeatProducts,43
8462,52,MntMeatProducts,10
5558,90,MntMeatProducts,430
4619,9,MntMeatProducts,3
8780,71,MntMeatProducts,68
10789,13,MntMeatProducts,18
10779,16,MntMeatProducts,14
5896,94,MntMeatProducts,80
2337,77,MntMeatProducts,24
10951,20,MntMeatProducts,18
544,51,MntMeatProducts,265
17,81,MntMeatProducts,237
10680,71,MntMeatProducts,16
3265,36,MntMeatProducts,9
5623,95,MntMeatProducts,13
5832,32,MntMeatProducts,352
5544,32,MntMeatProducts,175
6417,85,MntMeatProducts,430
5831,93,MntMeatProducts,500
7101,24,MntMeatProducts,71
10176,44,MntMeatProducts,120
2326,15,MntMeatProducts,8
4385,82,MntMeatProducts,15
2929,27,MntMeatProducts,24
10686,72,MntMeatProducts,4
2546,7,MntMeatProducts,5
3283,57,MntMeatProducts,100
3138,84,MntMeatProducts,119
4994,53,MntMeatProducts,281
7966,48,MntMeatProducts,401
3112,2,MntMeatProducts,9
10872,65,MntMeatProducts,45
2181,45,MntMeatProducts,753
1867,42,MntMeatProducts,350
1518,29,MntMeatProducts,157
5734,83,MntMeatProducts,36
2878,93,MntMeatProducts,127
1458,40,MntMeatProducts,19
7007,47,MntMeatProducts,18
6200,50,MntMeatProducts,185
1403,40,MntMeatProducts,15
4827,3,MntMeatProducts,202
6250,62,MntMeatProducts,30
9291,25,MntMeatProducts,4
2478,48,MntMeatProducts,4
1139,56,MntMeatProducts,322
5138,68,MntMeatProducts,14
5393,64,MntMeatProducts,6
10413,67,MntMeatProducts,216
5015,94,MntMeatProducts,38
10868,82,MntMeatProducts,654
10676,3,MntMeatProducts,459
2495,24,MntMeatProducts,350
7842,54,MntMeatProducts,34
9955,20,MntMeatProducts,26
6663,96,MntMeatProducts,7
2162,19,MntMeatProducts,103
3434,60,MntMeatProducts,567
7919,2,MntMeatProducts,653
5626,13,MntMeatProducts,89
6428,37,MntMeatProducts,345
8514,59,MntMeatProducts,7
10448,55,MntMeatProducts,86
2109,60,MntMeatProducts,951
7530,48,MntMeatProducts,32
8925,38,MntMeatProducts,98
3009,8,MntMeatProducts,128
6355,19,MntMeatProducts,14
3517,32,MntMeatProducts,44
1158,27,MntMeatProducts,15
6203,58,MntMeatProducts,815
7165,59,MntMeatProducts,172
3595,29,MntMeatProducts,239
8537,60,MntMeatProducts,553
4331,41,MntMeatProducts,376
6281,27,MntMeatProducts,199
4338,28,MntMeatProducts,9
2452,8,MntMeatProducts,60
9507,18,MntMeatProducts,73
8360,76,MntMeatProducts,37
10311,0,MntMeatProducts,12
5117,32,MntMeatProducts,137
4867,2,MntMeatProducts,18
9289,16,MntMeatProducts,17
10913,56,MntMeatProducts,12
3032,97,MntMeatProducts,62
8524,15,MntMeatProducts,30
3334,35,MntMeatProducts,797
4470,3,MntMeatProducts,44
1406,49,MntMeatProducts,81
8619,4,MntMeatProducts,6
10821,45,MntMeatProducts,33
4552,37,MntMeatProducts,101
898,39,MntMeatProducts,54
9797,38,MntMeatProducts,130
10949,8,MntMeatProducts,592
8212,89,MntMeatProducts,27
6248,47,MntMeatProducts,746
10164,75,MntMeatProducts,417
4547,86,MntMeatProducts,9
6815,4,MntMeatProducts,125
4122,73,MntMeatProducts,117
10841,46,MntMeatProducts,133
5370,38,MntMeatProducts,141
176,73,MntMeatProducts,67
4860,66,MntMeatProducts,8
10757,36,MntMeatProducts,5
4023,29,MntMeatProducts,19
6679,29,MntMeatProducts,3
9923,6,MntMeatProducts,16
7181,97,MntMeatProducts,13
3599,61,MntMeatProducts,428
405,68,MntMeatProducts,31
6870,73,MntMeatProducts,49
832,90,MntMeatProducts,113
2002,81,MntMeatProducts,932
3657,1,MntMeatProducts,33
500,79,MntMeatProducts,735
1951,92,MntMeatProducts,122
3262,31,MntMeatProducts,417
4102,46,MntMeatProducts,2
7042,14,MntMeatProducts,14
10598,89,MntMeatProducts,16
255,31,MntMeatProducts,2
2375,75,MntMeatProducts,5
9829,42,MntMeatProducts,17
6214,53,MntMeatProducts,29
4954,53,MntMeatProducts,68
7861,23,MntMeatProducts,242
4837,57,MntMeatProducts,226
9423,49,MntMeatProducts,17
4198,6,MntMeatProducts,3
153,29,MntMeatProducts,6
9323,5,MntMeatProducts,223
10001,98,MntMeatProducts,17
3945,80,MntMeatProducts,215
3799,4,MntMeatProducts,322
8625,70,MntMeatProducts,23
3491,32,MntMeatProducts,364
983,82,MntMeatProducts,92
9119,27,MntMeatProducts,76
4786,94,MntMeatProducts,257
5872,23,MntMeatProducts,216
6568,97,MntMeatProducts,36
5628,25,MntMeatProducts,323
5631,92,MntMeatProducts,197
4974,98,MntMeatProducts,650
8416,19,MntMeatProducts,15
5454,80,MntMeatProducts,7
4095,80,MntMeatProducts,64
5474,79,MntMeatProducts,99
4268,50,MntMeatProducts,21
10701,60,MntMeatProducts,264
3507,44,MntMeatProducts,426
2079,0,MntMeatProducts,535
626,28,MntMeatProducts,12
4426,35,MntMeatProducts,51
2591,49,MntMeatProducts,214
10509,46,MntMeatProducts,16
6382,97,MntMeatProducts,11
6673,51,MntMeatProducts,27
7441,80,MntMeatProducts,447
1071,10,MntMeatProducts,168
10061,29,MntMeatProducts,143
7187,52,MntMeatProducts,48
8775,74,MntMeatProducts,56
1612,82,MntMeatProducts,15
2345,54,MntMeatProducts,348
322,93,MntMeatProducts,11
10897,63,MntMeatProducts,217
123,92,MntMeatProducts,133
6103,40,MntMeatProducts,15
7899,70,MntMeatProducts,332
10500,96,MntMeatProducts,20
1655,81,MntMeatProducts,15
2406,63,MntMeatProducts,94
2712,85,MntMeatProducts,178
5517,51,MntMeatProducts,11
10643,23,MntMeatProducts,267
2254,95,MntMeatProducts,414
10281,11,MntMeatProducts,241
6958,42,MntMeatProducts,4
954,77,MntMeatProducts,24
5079,82,MntMeatProducts,16
10339,83,MntMeatProducts,22
4643,40,MntMeatProducts,46
3117,95,MntMeatProducts,21
6497,32,MntMeatProducts,23
5396,48,MntMeatProducts,385
5250,75,MntMeatProducts,490
1052,24,MntMeatProducts,161
2802,61,MntMeatProducts,607
6343,6,MntMeatProducts,380
6507,16,MntMeatProducts,15
7901,39,MntMeatProducts,5
4865,2,MntMeatProducts,140
2686,49,MntMeatProducts,4
3107,31,MntMeatProducts,124
7734,58,MntMeatProducts,125
1146,5,MntMeatProducts,223
11031,90,MntMeatProducts,10
7428,47,MntMeatProducts,445
975,25,MntMeatProducts,26
1103,60,MntMeatProducts,278
3422,67,MntMeatProducts,128
1055,40,MntMeatProducts,8
6544,63,MntMeatProducts,356
1241,1,MntMeatProducts,8
2909,89,MntMeatProducts,230
5802,40,MntMeatProducts,11
1407,5,MntMeatProducts,5
6183,3,MntMeatProducts,44
340,1,MntMeatProducts,179
5991,24,MntMeatProducts,39
3104,89,MntMeatProducts,968
9729,48,MntMeatProducts,253
1008,31,MntMeatProducts,133
11091,68,MntMeatProducts,9
3969,46,MntMeatProducts,17
1916,92,MntMeatProducts,180
9907,80,MntMeatProducts,152
87,16,MntMeatProducts,5
8659,50,MntMeatProducts,174
6262,93,MntMeatProducts,450
6147,51,MntMeatProducts,8
8832,24,MntMeatProducts,56
10067,79,MntMeatProducts,4
7532,26,MntMeatProducts,11
4915,86,MntMeatProducts,98
2115,68,MntMeatProducts,10
2088,98,MntMeatProducts,414
2493,34,MntMeatProducts,107
6292,60,MntMeatProducts,359
1631,3,MntMeatProducts,292
10104,65,MntMeatProducts,2
3006,83,MntMeatProducts,14
3919,64,MntMeatProducts,883
11181,85,MntMeatProducts,2
642,69,MntMeatProducts,2
4369,48,MntMeatProducts,500
10127,21,MntMeatProducts,61
271,30,MntMeatProducts,50
4973,39,MntMeatProducts,6
2948,76,MntMeatProducts,48
2715,11,MntMeatProducts,37
10432,26,MntMeatProducts,9
9216,34,MntMeatProducts,11
7124,72,MntMeatProducts,12
9727,13,MntMeatProducts,11
5136,58,MntMeatProducts,92
9790,12,MntMeatProducts,170
1818,23,MntMeatProducts,8
1100,33,MntMeatProducts,22
7873,30,MntMeatProducts,114
10609,15,MntMeatProducts,13
6950,25,MntMeatProducts,16
7233,4,MntMeatProducts,849
9481,80,MntMeatProducts,11
7699,30,MntMeatProducts,50
2711,6,MntMeatProducts,5
8933,16,MntMeatProducts,23
8726,57,MntMeatProducts,44
1515,9,MntMeatProducts,7
5186,59,MntMeatProducts,115
10157,78,MntMeatProducts,89
5667,90,MntMeatProducts,399
902,74,MntMeatProducts,48
977,10,MntMeatProducts,111
7313,63,MntMeatProducts,614
7600,13,MntMeatProducts,3
9706,98,MntMeatProducts,20
2429,4,MntMeatProducts,300
3520,94,MntMeatProducts,818
10394,91,MntMeatProducts,133
4548,66,MntMeatProducts,10
9362,14,MntMeatProducts,32
3968,77,MntMeatProducts,129
4084,41,MntMeatProducts,155
6721,21,MntMeatProducts,286
2829,25,MntMeatProducts,70
1772,2,MntMeatProducts,518
1544,51,MntMeatProducts,689
492,3,MntMeatProducts,50
4377,32,MntMeatProducts,44
4541,84,MntMeatProducts,82
1321,49,MntMeatProducts,18
8858,69,MntMeatProducts,21
3266,96,MntMeatProducts,11
11187,23,MntMeatProducts,10
8207,18,MntMeatProducts,9
9723,8,MntMeatProducts,217
2666,21,MntMeatProducts,167
5721,60,MntMeatProducts,749
10652,48,MntMeatProducts,500
1646,36,MntMeatProducts,12
4418,36,MntMeatProducts,655
2656,63,MntMeatProducts,7
7990,2,MntMeatProducts,2
8722,38,MntMeatProducts,845
7118,61,MntMeatProducts,363
2980,52,MntMeatProducts,13
1839,25,MntMeatProducts,48
10722,63,MntMeatProducts,124
2632,10,MntMeatProducts,38
9014,65,MntMeatProducts,16
7620,71,MntMeatProducts,16
10968,0,MntMeatProducts,300
11133,3,MntMeatProducts,50
2736,88,MntMeatProducts,156
1876,15,MntMeatProducts,8
5959,80,MntMeatProducts,23
1092,17,MntMeatProducts,495
4333,76,MntMeatProducts,10
3850,52,MntMeatProducts,3
6168,28,MntMeatProducts,5
607,31,MntMeatProducts,131
10469,42,MntMeatProducts,860
6983,24,MntMeatProducts,17
3661,42,MntMeatProducts,631
9303,12,MntMeatProducts,7
692,88,MntMeatProducts,5
736,67,MntMeatProducts,19
9589,54,MntMeatProducts,377
4838,40,MntMeatProducts,8
9246,73,MntMeatProducts,129
6261,81,MntMeatProducts,88
7366,12,MntMeatProducts,538
10659,7,MntMeatProducts,11
1448,33,MntMeatProducts,12
4286,24,MntMeatProducts,58
4749,55,MntMeatProducts,68
4478,87,MntMeatProducts,106
4201,39,MntMeatProducts,137
8720,53,MntMeatProducts,1607
10084,9,MntMeatProducts,8
7004,82,MntMeatProducts,26
9817,71,MntMeatProducts,143
8080,50,MntMeatProducts,6
9432,23,MntMeatProducts,18
8372,81,MntMeatProducts,7
10870,46,MntMeatProducts,182
4001,56,MntMeatProducts,30
7270,91,MntMeatProducts,217
8235,8,MntMeatProducts,214
9405,40,MntMeatProducts,61
5524,58,MntFishProducts,172
2174,38,MntFishProducts,2
4141,26,MntFishProducts,111
6182,26,MntFishProducts,10
5324,94,MntFishProducts,46
7446,16,MntFishProducts,0
965,34,MntFishProducts,50
6177,32,MntFishProducts,3
4855,19,MntFishProducts,3
5899,68,MntFishProducts,1
1994,11,MntFishProducts,0
387,59,MntFishProducts,11
2125,82,MntFishProducts,225
8180,53,MntFishProducts,3
2569,38,MntFishProducts,6
2114,23,MntFishProducts,59
9736,51,MntFishProducts,2
4939,20,MntFishProducts,150
6565,91,MntFishProducts,0
2278,86,MntFishProducts,30
9360,41,MntFishProducts,69
5376,42,MntFishProducts,1
1993,63,MntFishProducts,0
4047,0,MntFishProducts,21
1409,69,MntFishProducts,39
7892,89,MntFishProducts,15
2404,4,MntFishProducts,3
5255,19,MntFishProducts,3
9422,26,MntFishProducts,20
1966,96,MntFishProducts,21
6864,34,MntFishProducts,2
3033,56,MntFishProducts,34
5710,31,MntFishProducts,2
7373,8,MntFishProducts,33
8755,4,MntFishProducts,119
10738,55,MntFishProducts,2
4339,37,MntFishProducts,0
10755,76,MntFishProducts,15
8595,99,MntFishProducts,2
2968,53,MntFishProducts,160
8601,3,MntFishProducts,82
503,88,MntFishProducts,3
8430,4,MntFishProducts,3
7281,80,MntFishProducts,3
2139,19,MntFishProducts,3
1371,72,MntFishProducts,227
9909,24,MntFishProducts,15
7286,92,MntFishProducts,3
7244,96,MntFishProducts,6
6566,39,MntFishProducts,50
8614,29,MntFishProducts,37
4114,2,MntFishProducts,27
1331,54,MntFishProducts,30
2225,54,MntFishProducts,156
9381,57,MntFishProducts,12
6260,55,MntFishProducts,180
10383,30,MntFishProducts,121
7437,31,MntFishProducts,2
8557,57,MntFishProducts,2
8375,63,MntFishProducts,0
6853,12,MntFishProducts,69
3076,18,MntFishProducts,16
1012,26,MntFishProducts,37
6518,8,MntFishProducts,0
4137,29,MntFishProducts,119
8082,75,MntFishProducts,3
1386,0,MntFishProducts,0
9369,19,MntFishProducts,201
4477,4,MntFishProducts,7
1357,90,MntFishProducts,58
1402,1,MntFishProducts,189
10629,25,MntFishProducts,17
6312,29,MntFishProducts,84
8132,88,MntFishProducts,0
1050,58,MntFishProducts,4
5846,68,MntFishProducts,2
1859,34,MntFishProducts,97
7503,40,MntFishProducts,137
10401,12,MntFishProducts,0
1618,9,MntFishProducts,0
3332,87,MntFishProducts,7
2261,5,MntFishProducts,2
5346,87,MntFishProducts,7
4119,56,MntFishProducts,34
535,18,MntFishProducts,27
5268,95,MntFishProducts,10
273,48,MntFishProducts,0
4452,3,MntFishProducts,0
8504,70,MntFishProducts,110
771,79,MntFishProducts,4
8996,4,MntFishProducts,49
9235,45,MntFishProducts,2
5798,87,MntFishProducts,98
11178,69,MntFishProducts,0
2230,84,MntFishProducts,0
7516,30,MntFishProducts,12
7247,72,MntFishProducts,0
11100,37,MntFishProducts,0
4646,44,MntFishProducts,75
3037,32,MntFishProducts,65
1473,0,MntFishProducts,2
1016,43,MntFishProducts,2
4518,59,MntFishProducts,185
9370,68,MntFishProducts,80
8908,35,MntFishProducts,50
8373,94,MntFishProducts,10
7533,15,MntFishProducts,2
2683,56,MntFishProducts,75
3629,17,MntFishProducts,4
10991,18,MntFishProducts,31
5077,46,MntFishProducts,23
7431,40,MntFishProducts,23
3267,27,MntFishProducts,0
999,95,MntFishProducts,29
9215,19,MntFishProducts,0
2286,27,MntFishProducts,0
1592,25,MntFishProducts,151
367,74,MntFishProducts,123
5234,85,MntFishProducts,0
9862,37,MntFishProducts,11
9805,65,MntFishProducts,39
6205,13,MntFishProducts,0
8442,63,MntFishProducts,3
7386,83,MntFishProducts,7
7215,69,MntFishProducts,44
1491,87,MntFishProducts,40
11071,37,MntFishProducts,173
3381,51,MntFishProducts,0
8268,23,MntFishProducts,10
11051,72,MntFishProducts,16
8026,10,MntFishProducts,65
433,42,MntFishProducts,0
9597,10,MntFishProducts,23
1295,96,MntFishProducts,38
5290,51,MntFishProducts,3
1685,21,MntFishProducts,38
5342,31,MntFishProducts,10
9579,61,MntFishProducts,2
7660,37,MntFishProducts,4
1461,74,MntFishProducts,3
821,46,MntFishProducts,52
11084,4,MntFishProducts,13
8690,73,MntFishProducts,36
2937,47,MntFishProducts,43
9701,13,MntFishProducts,73
9949,36,MntFishProducts,32
10837,47,MntFishProducts,20
3120,49,MntFishProducts,0
5885,94,MntFishProducts,12
4050,65,MntFishProducts,12
3830,59,MntFishProducts,39
7987,96,MntFishProducts,23
7798,28,MntFishProducts,8
92,12,MntFishProducts,19
7055,57,MntFishProducts,0
10240,10,MntFishProducts,34
3025,4,MntFishProducts,4
9283,49,MntFishProducts,2
9970,3,MntFishProducts,10
2730,64,MntFishProducts,149
2795,0,MntFishProducts,0
9260,20,MntFishProducts,43
8182,91,MntFishProducts,7
10095,9,MntFishProducts,16
8475,98,MntFishProducts,1
4370,83,MntFishProducts,6
10573,27,MntFishProducts,134
3712,63,MntFishProducts,7
6637,46,MntFishProducts,173
3152,84,MntFishProducts,8
5610,58,MntFishProducts,8
6460,78,MntFishProducts,11
1349,4,MntFishProducts,2
1880,17,MntFishProducts,0
641,77,MntFishProducts,0
8717,56,MntFishProducts,69
10314,79,MntFishProducts,86
10854,90,MntFishProducts,0
10492,96,MntFishProducts,2
6935,44,MntFishProducts,75
7698,81,MntFishProducts,2
3559,77,MntFishProducts,3
10562,21,MntFishProducts,34
10796,16,MntFishProducts,0
2563,80,MntFishProducts,2
3518,45,MntFishProducts,10
5823,63,MntFishProducts,0
3934,34,MntFishProducts,19
6982,14,MntFishProducts,140
6431,13,MntFishProducts,3
9733,52,MntFishProducts,29
5602,98,MntFishProducts,147
7829,99,MntFishProducts,7
1324,93,MntFishProducts,3
326,38,MntFishProducts,8
7224,24,MntFishProducts,3
6999,80,MntFishProducts,32
9938,82,MntFishProducts,27
6422,20,MntFishProducts,50
3182,81,MntFishProducts,7
7300,50,MntFishProducts,6
10424,60,MntFishProducts,224
8727,63,MntFishProducts,42
2798,54,MntFishProducts,76
1030,72,MntFishProducts,0
624,5,MntFishProducts,7
5176,88,MntFishProducts,7
5552,50,MntFishProducts,47
868,99,MntFishProducts,0
380,17,MntFishProducts,42
2677,11,MntFishProducts,65
6521,18,MntFishProducts,33
6927,70,MntFishProducts,0
2877,21,MntFishProducts,19
0,66,MntFishProducts,254
1584,79,MntFishProducts,25
7264,2,MntFishProducts,0
6274,81,MntFishProducts,42
1377,24,MntFishProducts,0
454,48,MntFishProducts,42
1755,93,MntFishProducts,29
2075,56,MntFishProducts,80
4785,3,MntFishProducts,19
9076,44,MntFishProducts,0
7079,38,MntFishProducts,15
4653,46,MntFishProducts,2
7375,84,MntFishProducts,0
709,27,MntFishProducts,0
460,72,MntFishProducts,67
3726,66,MntFishProducts,3
6798,30,MntFishProducts,4
5341,2,MntFishProducts,180
1606,65,MntFishProducts,4
9617,37,MntFishProducts,6
3233,89,MntFishProducts,28
89,49,MntFishProducts,6
2936,46,MntFishProducts,0
9449,32,MntFishProducts,15
7297,54,MntFishProducts,12
11004,23,MntFishProducts,7
313,98,MntFishProducts,186
9940,97,MntFishProducts,75
10735,75,MntFishProducts,2
9529,8,MntFishProducts,218
6439,37,MntFishProducts,0
7411,31,MntFishProducts,0
2176,40,MntFishProducts,104
9265,74,MntFishProducts,133
8867,90,MntFishProducts,150
8932,57,MntFishProducts,220
10236,59,MntFishProducts,6
6340,52,MntFishProducts,0
10089,5,MntFishProducts,32
2227,92,MntFishProducts,21
10992,77,MntFishProducts,45
5304,35,MntFishProducts,0
309,48,MntFishProducts,13
3406,97,MntFishProducts,28
2661,95,MntFishProducts,10
3153,24,MntFishProducts,0
10264,60,MntFishProducts,4
1184,46,MntFishProducts,11
4200,85,MntFishProducts,24
9396,31,MntFishProducts,4
2387,9,MntFishProducts,3
6690,30,MntFishProducts,4
1225,47,MntFishProducts,205
9703,70,MntFishProducts,0
291,13,MntFishProducts,162
4557,11,MntFishProducts,8
2379,31,MntFishProducts,95
5726,15,MntFishProducts,0
3066,2,MntFishProducts,6
6336,55,MntFishProducts,8
10967,38,MntFishProducts,3
2304,86,MntFishProducts,10
3445,56,MntFishProducts,101
7828,29,MntFishProducts,188
3762,30,MntFishProducts,33
4391,64,MntFishProducts,20
4669,46,MntFishProducts,28
10144,84,MntFishProducts,0
8652,20,MntFishProducts,150
1672,74,MntFishProducts,20
8962,18,MntFishProducts,0
9974,75,MntFishProducts,4
10983,17,MntFishProducts,150
8148,88,MntFishProducts,55
10102,19,MntFishProducts,166
4697,62,MntFishProducts,4
9262,11,MntFishProducts,0
7254,74,MntFishProducts,20
4543,32,MntFishProducts,216
4927,76,MntFishProducts,21
10451,6,MntFishProducts,0
2926,62,MntFishProducts,0
2874,20,MntFishProducts,4
9738,43,MntFishProducts,0
7119,45,MntFishProducts,60
3924,34,MntFishProducts,0
5827,53,MntFishProducts,2
5596,44,MntFishProducts,19
10812,89,MntFishProducts,4
1717,43,MntFishProducts,20
9491,68,MntFishProducts,2
9274,44,MntFishProducts,219
6609,64,MntFishProducts,17
6963,85,MntFishProducts,15
4440,93,MntFishProducts,0
1379,12,MntFishProducts,20
10032,86,MntFishProducts,2
2826,28,MntFishProducts,2
2437,69,MntFishProducts,60
6320,42,MntFishProducts,77
3050,13,MntFishProducts,3
231,86,MntFishProducts,0
2392,59,MntFishProducts,6
9478,30,MntFishProducts,65
113,33,MntFishProducts,3
2863,67,MntFishProducts,52
1802,23,MntFishProducts,38
520,81,MntFishProducts,6
8275,6,MntFishProducts,0
9750,41,MntFishProducts,78
2607,78,MntFishProducts,7
7214,49,MntFishProducts,45
5835,39,MntFishProducts,3
3896,3,MntFishProducts,0
10350,37,MntFishProducts,0
7786,22,MntFishProducts,10
2861,79,MntFishProducts,3
663,46,MntFishProducts,8
10675,82,MntFishProducts,0
2521,10,MntFishProducts,2
9592,51,MntFishProducts,3
10151,38,MntFishProducts,151
7381,10,MntFishProducts,72
4099,14,MntFishProducts,11
9560,18,MntFishProducts,40
1150,36,MntFishProducts,104
10172,95,MntFishProducts,75
11191,11,MntFishProducts,11
9707,65,MntFishProducts,0
6245,71,MntFishProducts,19
8234,13,MntFishProducts,0
1411,58,MntFishProducts,172
8553,65,MntFishProducts,0
1826,0,MntFishProducts,111
8842,33,MntFishProducts,7
11030,90,MntFishProducts,0
2579,95,MntFishProducts,11
175,93,MntFishProducts,52
9185,38,MntFishProducts,13
11056,18,MntFishProducts,119
9365,57,MntFishProducts,0
6201,45,MntFishProducts,0
2061,61,MntFishProducts,0
6184,6,MntFishProducts,84
6142,65,MntFishProducts,69
4107,52,MntFishProducts,15
7274,87,MntFishProducts,212
9336,38,MntFishProducts,0
2958,53,MntFishProducts,11
933,31,MntFishProducts,4
5837,67,MntFishProducts,6
10704,65,MntFishProducts,28
5125,64,MntFishProducts,129
4432,82,MntFishProducts,6
5955,27,MntFishProducts,151
2928,63,MntFishProducts,12
5680,66,MntFishProducts,0
10313,69,MntFishProducts,6
2557,52,MntFishProducts,3
1245,45,MntFishProducts,16
1519,2,MntFishProducts,3
10703,86,MntFishProducts,0
1726,23,MntFishProducts,13
4459,13,MntFishProducts,4
1729,14,MntFishProducts,32
1517,92,MntFishProducts,2
2098,38,MntFishProducts,0
9543,74,MntFishProducts,0
6878,14,MntFishProducts,78
3310,94,MntFishProducts,12
2724,33,MntFishProducts,0
948,32,MntFishProducts,6
6720,11,MntFishProducts,4
6202,78,MntFishProducts,33
2066,56,MntFishProducts,2
9799,57,MntFishProducts,28
8318,7,MntFishProducts,33
5642,0,MntFishProducts,0
2669,66,MntFishProducts,93
455,86,MntFishProducts,2
7683,80,MntFishProducts,0
3428,56,MntFishProducts,99
7414,18,MntFishProducts,12
6354,51,MntFishProducts,3
798,71,MntFishProducts,8
8213,71,MntFishProducts,6
2488,80,MntFishProducts,0
9999,2,MntFishProducts,137
7617,83,MntFishProducts,3
615,29,MntFishProducts,38
2552,11,MntFishProducts,0
194,55,MntFishProducts,3
3645,19,MntFishProducts,10
8890,1,MntFishProducts,13
5049,19,MntFishProducts,3
9973,28,MntFishProducts,6
7301,76,MntFishProducts,3
10882,50,MntFishProducts,58
7030,1,MntFishProducts,38
7422,90,MntFishProducts,102
3523,83,MntFishProducts,0
7106,73,MntFishProducts,156
6504,24,MntFishProducts,28
5067,11,MntFishProducts,52
4216,33,MntFishProducts,179
8581,4,MntFishProducts,19
5929,14,MntFishProducts,3
3129,30,MntFishProducts,12
6528,75,MntFishProducts,2
1361,26,MntFishProducts,29
6932,77,MntFishProducts,55
7284,8,MntFishProducts,2
1340,42,MntFishProducts,179
8746,28,MntFishProducts,0
5987,52,MntFishProducts,10
3767,1,MntFishProducts,97
3725,1,MntFishProducts,43
4324,42,MntFishProducts,19
238,76,MntFishProducts,149
6694,27,MntFishProducts,12
498,28,MntFishProducts,2
9347,49,MntFishProducts,2
9699,12,MntFishProducts,28
10664,14,MntFishProducts,6
5455,89,MntFishProducts,2
456,96,MntFishProducts,4
5012,56,MntFishProducts,8
7495,72,MntFishProducts,16
5029,14,MntFishProducts,4
10642,13,MntFishProducts,4
2106,99,MntFishProducts,7
10364,72,MntFishProducts,2
5954,92,MntFishProducts,13
1137,87,MntFishProducts,61
2541,7,MntFishProducts,11
1142,91,MntFishProducts,30
2276,71,MntFishProducts,43
2807,24,MntFishProducts,62
6471,17,MntFishProducts,8
6131,87,MntFishProducts,72
6233,21,MntFishProducts,25
4148,90,MntFishProducts,12
4947,44,MntFishProducts,197
3225,71,MntFishProducts,3
7540,52,MntFishProducts,24
10648,78,MntFishProducts,220
1992,2,MntFishProducts,32
7851,60,MntFishProducts,199
8594,25,MntFishProducts,2
7059,47,MntFishProducts,205
2815,46,MntFishProducts,17
2416,83,MntFishProducts,16
7999,17,MntFishProducts,23
9213,13,MntFishProducts,2
9697,86,MntFishProducts,28
3916,92,MntFishProducts,11
2021,47,MntFishProducts,84
1581,18,MntFishProducts,2
564,81,MntFishProducts,11
6619,91,MntFishProducts,4
9081,58,MntFishProducts,4
178,40,MntFishProducts,110
916,67,MntFishProducts,2
5512,19,MntFishProducts,0
8970,93,MntFishProducts,6
10581,41,MntFishProducts,15
5300,60,MntFishProducts,0
5154,54,MntFishProducts,2
8346,26,MntFishProducts,25
1676,30,MntFishProducts,0
9286,93,MntFishProducts,120
2426,35,MntFishProducts,169
5172,4,MntFishProducts,13
5562,92,MntFishProducts,16
3436,24,MntFishProducts,2
3921,96,MntFishProducts,29
3403,11,MntFishProducts,99
22,99,MntFishProducts,15
10965,72,MntFishProducts,240
9426,77,MntFishProducts,10
6605,85,MntFishProducts,8
3136,88,MntFishProducts,25
8737,22,MntFishProducts,2
11088,83,MntFishProducts,46
716,63,MntFishProducts,63
466,9,MntFishProducts,91
9135,92,MntFishProducts,4
10623,2,MntFishProducts,0
8151,6,MntFishProducts,20
5140,66,MntFishProducts,67
10160,49,MntFishProducts,2
4945,29,MntFishProducts,28
10584,77,MntFishProducts,106
6071,77,MntFishProducts,146
3386,71,MntFishProducts,3
8939,49,MntFishProducts,60
9925,97,MntFishProducts,0
4320,6,MntFishProducts,86
5389,93,MntFishProducts,8
6036,78,MntFishProducts,72
182,62,MntFishProducts,0
203,47,MntFishProducts,80
11025,9,MntFishProducts,4
10203,77,MntFishProducts,3
4607,24,MntFishProducts,42
3711,19,MntFishProducts,25
3696,67,MntFishProducts,2
2532,95,MntFishProducts,56
9214,48,MntFishProducts,38
4943,73,MntFishProducts,0
35,35,MntFishProducts,16
2258,76,MntFishProducts,7
4322,20,MntFishProducts,16
713,72,MntFishProducts,67
4702,20,MntFishProducts,224
3281,69,MntFishProducts,30
702,80,MntFishProducts,97
2004,65,MntFishProducts,127
4769,52,MntFishProducts,0
4437,65,MntFishProducts,3
8724,57,MntFishProducts,2
10741,70,MntFishProducts,8
1991,0,MntFishProducts,0
6931,19,MntFishProducts,65
11096,50,MntFishProducts,37
304,67,MntFishProducts,4
3665,46,MntFishProducts,11
10591,37,MntFishProducts,7
5036,38,MntFishProducts,4
5547,9,MntFishProducts,0
7822,56,MntFishProducts,32
8541,98,MntFishProducts,6
10955,68,MntFishProducts,60
4368,72,MntFishProducts,20
9671,47,MntFishProducts,2
2256,33,MntFishProducts,0
4279,87,MntFishProducts,3
5371,0,MntFishProducts,11
9240,73,MntFishProducts,6
9460,74,MntFishProducts,19
9504,4,MntFishProducts,111
8692,50,MntFishProducts,15
448,57,MntFishProducts,102
8314,30,MntFishProducts,29
8420,27,MntFishProducts,15
3174,61,MntFishProducts,50
7685,4,MntFishProducts,8
3179,75,MntFishProducts,58
9780,12,MntFishProducts,136
10681,13,MntFishProducts,168
10232,9,MntFishProducts,28
4184,48,MntFishProducts,3
9120,80,MntFishProducts,65
891,60,MntFishProducts,2
10381,43,MntFishProducts,0
3525,19,MntFishProducts,0
6818,26,MntFishProducts,49
3526,58,MntFishProducts,0
8181,42,MntFishProducts,17
1029,27,MntFishProducts,0
7369,56,MntFishProducts,6
2574,27,MntFishProducts,0
8159,10,MntFishProducts,13
1160,48,MntFishProducts,10
10242,39,MntFishProducts,0
5253,85,MntFishProducts,17
5966,64,MntFishProducts,0
5314,69,MntFishProducts,39
5081,54,MntFishProducts,6
5123,57,MntFishProducts,8
5756,64,MntFishProducts,0
8036,10,MntFishProducts,7
9058,65,MntFishProducts,32
5057,74,MntFishProducts,54
254,4,MntFishProducts,6
4179,94,MntFishProducts,2
3710,41,MntFishProducts,6
7627,25,MntFishProducts,106
4501,94,MntFishProducts,132
6424,9,MntFishProducts,11
3075,47,MntFishProducts,20
4992,12,MntFishProducts,3
5252,80,MntFishProducts,7
7444,20,MntFishProducts,0
6919,39,MntFishProducts,13
3537,57,MntFishProducts,2
10277,27,MntFishProducts,0
2453,83,MntFishProducts,10
7972,79,MntFishProducts,71
895,69,MntFishProducts,0
1177,77,MntFishProducts,4
7141,15,MntFishProducts,2
7232,99,MntFishProducts,2
8477,61,MntFishProducts,3
2457,23,MntFishProducts,15
988,84,MntFishProducts,147
7930,74,MntFishProducts,20
4587,90,MntFishProducts,16
6682,41,MntFishProducts,4
6222,28,MntFishProducts,2
10299,73,MntFishProducts,64
3083,88,MntFishProducts,17
8953,94,MntFishProducts,0
1503,31,MntFishProducts,2
8650,31,MntFishProducts,6
10862,6,MntFishProducts,19
2782,23,MntFishProducts,10
6941,92,MntFishProducts,11
10972,52,MntFishProducts,58
10708,50,MntFishProducts,0
6583,54,MntFishProducts,104
3641,93,MntFishProducts,2
10156,56,MntFishProducts,231
4299,28,MntFishProducts,93
3469,94,MntFishProducts,24
5063,76,MntFishProducts,10
10727,43,MntFishProducts,39
9624,46,MntFishProducts,36
5156,13,MntFishProducts,168
4376,27,MntFishProducts,13
8923,12,MntFishProducts,42
8461,3,MntFishProducts,0
6945,72,MntFishProducts,38
944,6,MntFishProducts,8
1907,53,MntFishProducts,54
701,58,MntFishProducts,85
3856,78,MntFishProducts,33
4149,57,MntFishProducts,17
2131,37,MntFishProducts,16
2942,20,MntFishProducts,4
1173,73,MntFishProducts,0
4381,56,MntFishProducts,8
4611,36,MntFishProducts,202
3376,9,MntFishProducts,8
4679,42,MntFishProducts,119
10928,28,MntFishProducts,41
4248,23,MntFishProducts,125
6728,38,MntFishProducts,6
6661,63,MntFishProducts,29
4725,71,MntFishProducts,0
3277,9,MntFishProducts,26
5555,81,MntFishProducts,1
2564,87,MntFishProducts,2
946,92,MntFishProducts,21
3867,36,MntFishProducts,0
6940,86,MntFishProducts,6
55,83,MntFishProducts,7
7093,74,MntFishProducts,0
5084,87,MntFishProducts,104
1777,29,MntFishProducts,41
8162,88,MntFishProducts,6
10826,77,MntFishProducts,23
8754,25,MntFishProducts,0
1987,34,MntFishProducts,19
11007,43,MntFishProducts,0
7426,76,MntFishProducts,7
9153,81,MntFishProducts,80
10379,87,MntFishProducts,19
9204,33,MntFishProducts,58
3197,38,MntFishProducts,69
2920,63,MntFishProducts,12
6961,26,MntFishProducts,0
4673,17,MntFishProducts,32
9937,75,MntFishProducts,25
8779,13,MntFishProducts,17
9596,19,MntFishProducts,34
2891,51,MntFishProducts,10
4910,81,MntFishProducts,175
75,32,MntFishProducts,179
10120,84,MntFishProducts,6
6327,87,MntFishProducts,28
10142,99,MntFishProducts,47
9826,96,MntFishProducts,133
1501,21,MntFishProducts,17
10767,40,MntFishProducts,0
7279,3,MntFishProducts,63
7230,98,MntFishProducts,6
143,73,MntFishProducts,119
450,90,MntFishProducts,17
9316,29,MntFishProducts,3
6379,3,MntFishProducts,0
9239,94,MntFishProducts,3
8315,65,MntFishProducts,2
2868,33,MntFishProducts,3
10888,46,MntFishProducts,62
1277,29,MntFishProducts,104
9977,99,MntFishProducts,33
10196,26,MntFishProducts,15
6384,30,MntFishProducts,0
8029,27,MntFishProducts,21
968,24,MntFishProducts,16
6988,93,MntFishProducts,52
4472,34,MntFishProducts,6
6991,88,MntFishProducts,16
3336,96,MntFishProducts,0
4301,10,MntFishProducts,2
1940,26,MntFishProducts,2
1272,49,MntFishProducts,32
1388,11,MntFishProducts,19
1044,44,MntFishProducts,21
6969,75,MntFishProducts,43
10479,64,MntFishProducts,121
3619,19,MntFishProducts,63
1715,45,MntFishProducts,7
10159,77,MntFishProducts,0
1463,9,MntFishProducts,3
5114,1,MntFishProducts,0
4990,90,MntFishProducts,28
4329,43,MntFishProducts,2
10936,79,MntFishProducts,172
4692,19,MntFishProducts,13
7212,99,MntFishProducts,0
6086,62,MntFishProducts,80
437,41,MntFishProducts,164
11171,60,MntFishProducts,10
11101,17,MntFishProducts,59
5329,24,MntFishProducts,0
610,60,MntFishProducts,6
9384,57,MntFishProducts,12
5956,74,MntFishProducts,7
10430,22,MntFishProducts,37
7875,46,MntFishProducts,43
7072,69,MntFishProducts,177
6255,29,MntFishProducts,55
6516,37,MntFishProducts,7
5564,26,MntFishProducts,78
5682,8,MntFishProducts,13
7458,26,MntFishProducts,4
5237,79,MntFishProducts,3
7761,71,MntFishProducts,13
5278,83,MntFishProducts,138
3560,57,MntFishProducts,75
7235,37,MntFishProducts,4
10548,30,MntFishProducts,138
2281,34,MntFishProducts,0
4073,0,MntFishProducts,15
6974,89,MntFishProducts,55
7938,92,MntFishProducts,17
7094,87,MntFishProducts,104
3667,20,MntFishProducts,41
7723,56,MntFishProducts,104
3870,28,MntFishProducts,93
4012,55,MntFishProducts,16
5909,25,MntFishProducts,13
10470,0,MntFishProducts,0
6488,86,MntFishProducts,0
10270,8,MntFishProducts,12
6887,33,MntFishProducts,21
6406,13,MntFishProducts,175
7573,12,MntFishProducts,2
4508,92,MntFishProducts,46
221,90,MntFishProducts,4
5331,8,MntFishProducts,247
1911,6,MntFishProducts,127
20,91,MntFishProducts,29
8786,52,MntFishProducts,10
10582,3,MntFishProducts,76
1915,57,MntFishProducts,150
8897,9,MntFishProducts,28
2371,22,MntFishProducts,3
4303,76,MntFishProducts,2
6825,86,MntFishProducts,0
1072,64,MntFishProducts,0
4964,90,MntFishProducts,75
2461,79,MntFishProducts,0
10736,28,MntFishProducts,227
3194,86,MntFishProducts,78
10839,42,MntFishProducts,8
49,39,MntFishProducts,4
4290,8,MntFishProducts,2
10219,40,MntFishProducts,6
4211,5,MntFishProducts,3
1135,96,MntFishProducts,0
6299,28,MntFishProducts,39
10846,22,MntFishProducts,25
347,30,MntFishProducts,13
6543,45,MntFishProducts,80
10446,58,MntFishProducts,30
3479,49,MntFishProducts,12
11075,37,MntFishProducts,7
4442,70,MntFishProducts,26
199,33,MntFishProducts,12
6722,98,MntFishProducts,75
796,17,MntFishProducts,46
3749,54,MntFishProducts,159
8523,39,MntFishProducts,12
310,81,MntFishProducts,36
8629,71,MntFishProducts,2
236,62,MntFishProducts,29
9930,8,MntFishProducts,15
3483,76,MntFishProducts,153
4599,66,MntFishProducts,0
7326,83,MntFishProducts,2
7352,28,MntFishProducts,32
2350,87,MntFishProducts,23
9145,43,MntFishProducts,123
2964,0,MntFishProducts,3
5585,1,MntFishProducts,6
9687,1,MntFishProducts,50
3732,72,MntFishProducts,90
6303,72,MntFishProducts,76
11176,12,MntFishProducts,19
2986,89,MntFishProducts,2
7462,67,MntFishProducts,51
3900,54,MntFishProducts,0
7034,34,MntFishProducts,13
9493,15,MntFishProducts,23
1143,43,MntFishProducts,3
1,0,MntFishProducts,7
3855,74,MntFishProducts,19
5536,61,MntFishProducts,50
5989,51,MntFishProducts,39
9499,97,MntFishProducts,20
6768,75,MntFishProducts,2
2150,83,MntFishProducts,73
6646,23,MntFishProducts,13
4887,65,MntFishProducts,11
8560,94,MntFishProducts,7
3321,42,MntFishProducts,0
11003,10,MntFishProducts,0
10402,94,MntFishProducts,2
9904,50,MntFishProducts,46
6141,46,MntFishProducts,0
5687,98,MntFishProducts,28
10856,42,MntFishProducts,0
5121,30,MntFishProducts,7
4186,11,MntFishProducts,12
368,61,MntFishProducts,10
3312,12,MntFishProducts,19
11121,76,MntFishProducts,16
5332,2,MntFishProducts,134
5848,43,MntFishProducts,97
10343,27,MntFishProducts,0
5935,60,MntFishProducts,0
2895,79,MntFishProducts,13
10262,96,MntFishProducts,0
7848,17,MntFishProducts,7
9477,0,MntFishProducts,21
4856,38,MntFishProducts,202
7186,43,MntFishProducts,0
5794,1,MntFishProducts,0
1456,25,MntFishProducts,234
4877,2,MntFishProducts,0
425,66,MntFishProducts,84
3007,49,MntFishProducts,0
1031,5,MntFishProducts,29
4297,71,MntFishProducts,6
807,35,MntFishProducts,0
9553,94,MntFishProducts,4
4271,80,MntFishProducts,84
4120,61,MntFishProducts,58
2036,29,MntFishProducts,10
115,0,MntFishProducts,25
4259,80,MntFishProducts,0
8687,54,MntFishProducts,68
2447,71,MntFishProducts,19
10140,27,MntFishProducts,23
9353,61,MntFishProducts,62
3623,55,MntFishProducts,17
738,35,MntFishProducts,24
7631,34,MntFishProducts,43
4789,95,MntFishProducts,210
773,64,MntFishProducts,12
10602,30,MntFishProducts,19
1446,12,MntFishProducts,89
3270,96,MntFishProducts,30
8443,16,MntFishProducts,3
9653,16,MntFishProducts,4
8916,78,MntFishProducts,0
8017,83,MntFishProducts,6
5830,96,MntFishProducts,133
4597,67,MntFishProducts,168
7023,87,MntFishProducts,0
8086,34,MntFishProducts,0
8825,46,MntFishProducts,82
2930,7,MntFishProducts,78
1928,73,MntFishProducts,4
7108,54,MntFishProducts,23
10925,93,MntFishProducts,40
9960,52,MntFishProducts,8
8800,53,MntFishProducts,160
9224,81,MntFishProducts,11
5519,8,MntFishProducts,76
5046,97,MntFishProducts,160
7037,50,MntFishProducts,15
905,38,MntFishProducts,6
8624,61,MntFishProducts,59
8945,46,MntFishProducts,0
6445,73,MntFishProducts,29
2727,19,MntFishProducts,39
6404,10,MntFishProducts,0
11074,94,MntFishProducts,194
10150,10,MntFishProducts,29
1968,37,MntFishProducts,10
6534,94,MntFishProducts,0
9485,23,MntFishProducts,24
7053,75,MntFishProducts,91
4654,40,MntFishProducts,63
9760,24,MntFishProducts,0
1048,11,MntFishProducts,8
10619,29,MntFishProducts,250
9308,51,MntFishProducts,138
10505,86,MntFishProducts,50
8362,9,MntFishProducts,0
2625,30,MntFishProducts,30
4637,73,MntFishProducts,146
9972,25,MntFishProducts,0
4483,67,MntFishProducts,220
4487,67,MntFishProducts,2
4988,58,MntFishProducts,0
8931,82,MntFishProducts,237
5871,98,MntFishProducts,10
2008,93,MntFishProducts,250
3139,53,MntFishProducts,145
10037,66,MntFishProducts,93
10673,6,MntFishProducts,17
5303,42,MntFishProducts,99
538,78,MntFishProducts,16
7922,29,MntFishProducts,12
5692,82,MntFishProducts,8
4843,92,MntFishProducts,46
6383,78,MntFishProducts,2
1628,54,MntFishProducts,167
1204,45,MntFishProducts,23
3673,59,MntFishProducts,23
760,8,MntFishProducts,110
8957,51,MntFishProducts,75
4128,51,MntFishProducts,16
6810,76,MntFishProducts,48
5386,62,MntFishProducts,160
8700,86,MntFishProducts,7
3202,60,MntFishProducts,0
1328,56,MntFishProducts,55
8405,83,MntFishProducts,23
6515,92,MntFishProducts,2
2882,31,MntFishProducts,49
7574,80,MntFishProducts,2
6387,39,MntFishProducts,0
5320,20,MntFishProducts,6
5048,53,MntFishProducts,19
8146,84,MntFishProducts,2
10031,50,MntFishProducts,3
5748,96,MntFishProducts,4
2134,94,MntFishProducts,69
1523,25,MntFishProducts,2
9665,48,MntFishProducts,4
4640,65,MntFishProducts,25
3635,69,MntFishProducts,7
3547,12,MntFishProducts,6
2456,84,MntFishProducts,0
5633,47,MntFishProducts,13
7801,87,MntFishProducts,7
10489,35,MntFishProducts,31
7011,47,MntFishProducts,0
2620,48,MntFishProducts,0
3933,46,MntFishProducts,86
10981,27,MntFishProducts,45
1734,37,MntFishProducts,4
10995,8,MntFishProducts,8
6357,29,MntFishProducts,63
9209,85,MntFishProducts,60
10286,2,MntFishProducts,150
2611,66,MntFishProducts,168
1600,60,MntFishProducts,10
3308,54,MntFishProducts,2
5407,70,MntFishProducts,11
2166,55,MntFishProducts,0
3955,20,MntFishProducts,1
6634,78,MntFishProducts,0
3056,63,MntFishProducts,42
5718,17,MntFishProducts,192
6872,43,MntFishProducts,4
8164,13,MntFishProducts,49
4580,46,MntFishProducts,89
9305,65,MntFishProducts,180
453,1,MntFishProducts,0
8545,6,MntFishProducts,45
9850,32,MntFishProducts,0
7378,34,MntFishProducts,7
7646,70,MntFishProducts,137
1640,49,MntFishProducts,0
5184,65,MntFishProducts,2
8492,25,MntFishProducts,95
11188,84,MntFishProducts,8
1212,7,MntFishProducts,130
9097,34,MntFishProducts,7
10473,38,MntFishProducts,25
7962,1,MntFishProducts,106
9984,25,MntFishProducts,28
5527,25,MntFishProducts,3
6374,50,MntFishProducts,0
7453,46,MntFishProducts,68
8952,96,MntFishProducts,20
241,57,MntFishProducts,75
8975,47,MntFishProducts,2
6119,52,MntFishProducts,0
5236,30,MntFishProducts,232
5723,63,MntFishProducts,2
1710,51,MntFishProducts,0
1970,14,MntFishProducts,7
5313,20,MntFishProducts,0
10634,56,MntFishProducts,30
7010,41,MntFishProducts,132
8562,72,MntFishProducts,15
3158,1,MntFishProducts,6
4436,27,MntFishProducts,15
5287,77,MntFishProducts,4
2445,87,MntFishProducts,0
6059,81,MntFishProducts,16
4550,51,MntFishProducts,0
4240,79,MntFishProducts,17
8911,11,MntFishProducts,116
3706,54,MntFishProducts,0
3628,93,MntFishProducts,19
10175,0,MntFishProducts,0
8985,54,MntFishProducts,120
5204,21,MntFishProducts,110
9220,58,MntFishProducts,125
9888,3,MntFishProducts,106
5263,99,MntFishProducts,3
1020,70,MntFishProducts,110
9503,65,MntFishProducts,41
10613,44,MntFishProducts,2
67,6,MntFishProducts,0
6019,9,MntFishProducts,4
5863,95,MntFishProducts,13
3717,70,MntFishProducts,6
6730,92,MntFishProducts,0
10749,62,MntFishProducts,7
4998,85,MntFishProducts,63
6287,2,MntFishProducts,0
5985,0,MntFishProducts,0
4754,91,MntFishProducts,13
4002,3,MntFishProducts,168
8870,68,MntFishProducts,43
966,98,MntFishProducts,17
4767,41,MntFishProducts,132
9725,16,MntFishProducts,0
4475,82,MntFishProducts,145
5740,1,MntFishProducts,7
5731,64,MntFishProducts,2
7290,68,MntFishProducts,17
3846,98,MntFishProducts,0
8104,32,MntFishProducts,0
4507,87,MntFishProducts,30
11013,84,MntFishProducts,184
4491,3,MntFishProducts,0
3759,34,MntFishProducts,12
1162,23,MntFishProducts,85
2055,37,MntFishProducts,4
10766,22,MntFishProducts,12
4415,19,MntFishProducts,3
3005,7,MntFishProducts,134
2223,52,MntFishProducts,64
4817,91,MntFishProducts,0
2875,93,MntFishProducts,11
10536,78,MntFishProducts,2
11112,23,MntFishProducts,82
3807,83,MntFishProducts,19
9197,92,MntFishProducts,2
10832,4,MntFishProducts,4
6421,32,MntFishProducts,77
4207,27,MntFishProducts,58
577,10,MntFishProducts,0
10855,9,MntFishProducts,19
3081,65,MntFishProducts,2
3535,68,MntFishProducts,65
247,16,MntFishProducts,21
8707,12,MntFishProducts,64
9523,95,MntFishProducts,2
6072,16,MntFishProducts,99
6295,46,MntFishProducts,21
10914,3,MntFishProducts,2
1509,80,MntFishProducts,106
5577,77,MntFishProducts,2
7348,0,MntFishProducts,240
1127,62,MntFishProducts,25
1833,91,MntFishProducts,19
4944,24,MntFishProducts,42
9080,2,MntFishProducts,3
6466,22,MntFishProducts,2
9964,56,MntFishProducts,55
4790,54,MntFishProducts,21
10245,71,MntFishProducts,67
1109,38,MntFishProducts,0
6001,62,MntFishProducts,58
5538,78,MntFishProducts,186
10552,18,MntFishProducts,80
1545,95,MntFishProducts,25
7409,66,MntFishProducts,7
4444,28,MntFishProducts,7
146,78,MntFishProducts,17
6271,13,MntFishProducts,0
10065,27,MntFishProducts,15
4741,17,MntFishProducts,21
246,71,MntFishProducts,20
375,79,MntFishProducts,86
1524,1,MntFishProducts,30
10022,78,MntFishProducts,0
7451,23,MntFishProducts,125
11010,75,MntFishProducts,3
4356,70,MntFishProducts,0
3885,10,MntFishProducts,3
1175,24,MntFishProducts,64
880,47,MntFishProducts,8
2320,98,MntFishProducts,23
850,4,MntFishProducts,84
4713,15,MntFishProducts,2
675,67,MntFishProducts,7
5025,32,MntFishProducts,43
2308,40,MntFishProducts,26
5995,54,MntFishProducts,4
6749,78,MntFishProducts,82
1010,94,MntFishProducts,3
8977,51,MntFishProducts,2
4756,42,MntFishProducts,0
3412,67,MntFishProducts,11
606,87,MntFishProducts,2
5961,29,MntFishProducts,6
2975,89,MntFishProducts,219
2894,74,MntFishProducts,0
7613,97,MntFishProducts,11
10542,63,MntFishProducts,2
8015,88,MntFishProducts,116
10617,34,MntFishProducts,2
11166,81,MntFishProducts,3
849,65,MntFishProducts,39
523,51,MntFishProducts,7
4066,76,MntFishProducts,4
8414,76,MntFishProducts,0
819,84,MntFishProducts,50
4961,56,MntFishProducts,2
749,31,MntFishProducts,2
5430,0,MntFishProducts,8
7755,91,MntFishProducts,0
10525,40,MntFishProducts,0
1453,59,MntFishProducts,52
8310,96,MntFishProducts,91
10710,61,MntFishProducts,3
5031,14,MntFishProducts,39
2613,16,MntFishProducts,6
213,98,MntFishProducts,0
967,11,MntFishProducts,19
1077,52,MntFishProducts,237
7959,19,MntFishProducts,123
640,61,MntFishProducts,138
4252,73,MntFishProducts,7
8432,0,MntFishProducts,8
6218,74,MntFishProducts,0
6905,55,MntFishProducts,34
5922,48,MntFishProducts,0
3598,53,MntFishProducts,7
6116,13,MntFishProducts,10
6263,34,MntFishProducts,12
10486,54,MntFishProducts,29
2410,69,MntFishProducts,158
193,81,MntFishProducts,3
3363,99,MntFishProducts,7
8278,3,MntFishProducts,86
10660,61,MntFishProducts,0
8686,65,MntFishProducts,0
1604,93,MntFishProducts,8
5907,24,MntFishProducts,0
10669,8,MntFishProducts,62
2918,72,MntFishProducts,0
5735,29,MntFishProducts,94
359,33,MntFishProducts,6
8387,68,MntFishProducts,6
1829,55,MntFishProducts,0
3839,76,MntFishProducts,21
9392,17,MntFishProducts,0
2292,94,MntFishProducts,2
10466,86,MntFishProducts,2
9855,25,MntFishProducts,0
4088,22,MntFishProducts,13
5231,15,MntFishProducts,0
590,35,MntFishProducts,216
8732,81,MntFishProducts,37
2315,55,MntFishProducts,17
3515,94,MntFishProducts,10
2245,50,MntFishProducts,4
6283,64,MntFishProducts,20
2246,91,MntFishProducts,29
6606,11,MntFishProducts,15
5545,72,MntFishProducts,34
7342,6,MntFishProducts,259
837,0,MntFishProducts,13
9500,66,MntFishProducts,102
3602,42,MntFishProducts,4
234,60,MntFishProducts,4
2995,64,MntFishProducts,84
1118,87,MntFishProducts,8
7789,96,MntFishProducts,21
3068,1,MntFishProducts,0
8955,54,MntFishProducts,0
945,53,MntFishProducts,3
5644,96,MntFishProducts,4
7192,58,MntFishProducts,95
2324,12,MntFishProducts,50
697,78,MntFishProducts,25
3439,64,MntFishProducts,6
1506,26,MntFishProducts,3
232,8,MntFishProducts,32
8876,49,MntFishProducts,0
4500,56,MntFishProducts,99
9739,55,MntFishProducts,3
10395,25,MntFishProducts,4
1176,50,MntFishProducts,3
1627,84,MntFishProducts,48
938,30,MntFishProducts,2
2740,81,MntFishProducts,3
257,74,MntFishProducts,47
4058,76,MntFishProducts,20
7736,36,MntFishProducts,2
8210,64,MntFishProducts,4
833,62,MntFishProducts,0
6230,53,MntFishProducts,7
7325,86,MntFishProducts,2
1307,15,MntFishProducts,8
1502,67,MntFishProducts,3
6211,47,MntFishProducts,0
843,47,MntFishProducts,60
4174,81,MntFishProducts,2
9757,98,MntFishProducts,99
6918,56,MntFishProducts,8
286,48,MntFishProducts,0
11086,18,MntFishProducts,3
1921,74,MntFishProducts,3
4138,68,MntFishProducts,54
7718,36,MntFishProducts,101
1291,90,MntFishProducts,12
6862,65,MntFishProducts,1
4136,63,MntFishProducts,8
803,82,MntFishProducts,0
4298,63,MntFishProducts,0
10833,55,MntFishProducts,12
9606,64,MntFishProducts,38
8534,51,MntFishProducts,12
5153,97,MntFishProducts,115
961,92,MntFishProducts,13
5011,51,MntFishProducts,10
6653,72,MntFishProducts,4
9094,39,MntFishProducts,20
810,49,MntFishProducts,168
5493,21,MntFishProducts,0
2147,91,MntFishProducts,219
5107,37,MntFishProducts,4
3979,98,MntFishProducts,23
6049,85,MntFishProducts,90
8147,40,MntFishProducts,0
1857,2,MntFishProducts,0
3910,78,MntFishProducts,186
5207,41,MntFishProducts,8
11114,94,MntFishProducts,6
5429,10,MntFishProducts,2
9400,73,MntFishProducts,44
1740,22,MntFishProducts,50
7488,30,MntFishProducts,151
195,21,MntFishProducts,3
635,51,MntFishProducts,7
7527,97,MntFishProducts,12
10319,56,MntFishProducts,16
2296,4,MntFishProducts,2
10637,77,MntFishProducts,8
2931,95,MntFishProducts,55
907,36,MntFishProducts,4
3698,13,MntFishProducts,145
9516,90,MntFishProducts,99
679,49,MntFishProducts,0
7384,18,MntFishProducts,34
5043,89,MntFishProducts,133
5267,43,MntFishProducts,2
339,82,MntFishProducts,6
2516,84,MntFishProducts,6
9010,80,MntFishProducts,137
378,68,MntFishProducts,51
4808,12,MntFishProducts,6
5068,75,MntFishProducts,2
7628,10,MntFishProducts,6
7128,91,MntFishProducts,0
2811,21,MntFishProducts,0
3551,28,MntFishProducts,19
1663,97,MntFishProducts,3
5543,49,MntFishProducts,37
1577,14,MntFishProducts,207
10641,5,MntFishProducts,13
5336,37,MntFishProducts,2
6024,62,MntFishProducts,160
1878,83,MntFishProducts,6
3099,48,MntFishProducts,3
6055,94,MntFishProducts,94
5841,61,MntFishProducts,10
3972,70,MntFishProducts,8
4394,43,MntFishProducts,38
5758,23,MntFishProducts,0
6658,37,MntFishProducts,54
4603,50,MntFishProducts,0
8427,78,MntFishProducts,210
10260,74,MntFishProducts,11
7143,14,MntFishProducts,41
8789,77,MntFishProducts,36
6197,39,MntFishProducts,0
4554,89,MntFishProducts,59
4937,62,MntFishProducts,3
1920,59,MntFishProducts,6
8749,68,MntFishProducts,4
1650,13,MntFishProducts,34
10377,37,MntFishProducts,24
9206,36,MntFishProducts,112
10971,28,MntFishProducts,7
6398,2,MntFishProducts,16
9212,17,MntFishProducts,19
7937,86,MntFishProducts,6
839,54,MntFishProducts,6
4246,2,MntFishProducts,4
158,3,MntFishProducts,98
4832,84,MntFishProducts,3
5621,8,MntFishProducts,71
1945,4,MntFishProducts,172
5147,57,MntFishProducts,182
2535,24,MntFishProducts,0
11039,51,MntFishProducts,71
9495,29,MntFishProducts,141
9635,13,MntFishProducts,4
2173,23,MntFishProducts,0
942,36,MntFishProducts,20
9386,88,MntFishProducts,4
5510,2,MntFishProducts,0
873,3,MntFishProducts,0
2253,15,MntFishProducts,23
5181,58,MntFishProducts,0
979,11,MntFishProducts,19
10390,27,MntFishProducts,3
4698,32,MntFishProducts,65
7793,12,MntFishProducts,0
1745,88,MntFishProducts,116
10590,91,MntFishProducts,0
5080,12,MntFishProducts,182
8369,21,MntFishProducts,4
5232,23,MntFishProducts,33
2407,10,MntFishProducts,124
3834,35,MntFishProducts,171
7912,69,MntFishProducts,0
7712,68,MntFishProducts,77
1065,85,MntFishProducts,193
7275,34,MntFishProducts,4
1343,55,MntFishProducts,38
1384,10,MntFishProducts,8
9967,30,MntFishProducts,15
6181,36,MntFishProducts,56
10507,14,MntFishProducts,0
2674,79,MntFishProducts,160
2698,52,MntFishProducts,20
3231,97,MntFishProducts,2
4096,24,MntFishProducts,16
10476,0,MntFishProducts,15
5948,96,MntFishProducts,11
9140,89,MntFishProducts,4
10258,94,MntFishProducts,0
5675,98,MntFishProducts,6
4743,72,MntFishProducts,11
8805,1,MntFishProducts,0
1542,26,MntFishProducts,4
6770,5,MntFishProducts,0
8773,22,MntFishProducts,0
10475,39,MntFishProducts,26
10420,56,MntFishProducts,2
7514,74,MntFishProducts,11
2902,87,MntFishProducts,2
4345,49,MntFishProducts,2
793,24,MntFishProducts,3
10909,9,MntFishProducts,51
3769,17,MntFishProducts,0
8702,10,MntFishProducts,0
4791,35,MntFishProducts,2
2963,56,MntFishProducts,104
8216,7,MntFishProducts,13
8140,51,MntFishProducts,4
10146,17,MntFishProducts,0
5289,30,MntFishProducts,15
2587,21,MntFishProducts,0
4405,2,MntFishProducts,30
8663,85,MntFishProducts,0
2589,65,MntFishProducts,8
3421,64,MntFishProducts,20
10490,11,MntFishProducts,65
4094,92,MntFishProducts,3
9958,54,MntFishProducts,0
2534,4,MntFishProducts,6
4188,53,MntFishProducts,17
6613,39,MntFishProducts,46
10827,49,MntFishProducts,4
5491,70,MntFishProducts,8
8402,40,MntFishProducts,130
8783,40,MntFishProducts,11
10010,43,MntFishProducts,2
618,17,MntFishProducts,69
9121,40,MntFishProducts,104
361,84,MntFishProducts,2
4310,25,MntFishProducts,242
2678,62,MntFishProducts,4
6376,83,MntFishProducts,51
524,47,MntFishProducts,8
10341,45,MntFishProducts,16
5654,34,MntFishProducts,6
4098,3,MntFishProducts,0
5824,1,MntFishProducts,0
7000,18,MntFishProducts,38
2561,45,MntFishProducts,16
5229,81,MntFishProducts,0
4086,77,MntFishProducts,23
2428,23,MntFishProducts,11
8254,48,MntFishProducts,0
2836,61,MntFishProducts,0
8418,60,MntFishProducts,8
1362,75,MntFishProducts,175
7152,64,MntFishProducts,2
10033,54,MntFishProducts,11
9349,84,MntFishProducts,110
274,75,MntFishProducts,2
3388,16,MntFishProducts,3
922,79,MntFishProducts,3
8588,92,MntFishProducts,3
2518,16,MntFishProducts,4
574,96,MntFishProducts,3
3220,30,MntFishProducts,19
5967,60,MntFishProducts,10
1183,11,MntFishProducts,3
6856,75,MntFishProducts,4
4530,36,MntFishProducts,180
1553,71,MntFishProducts,246
4682,88,MntFishProducts,28
8204,93,MntFishProducts,72
5221,93,MntFishProducts,11
1232,54,MntFishProducts,71
1927,41,MntFishProducts,58
5788,46,MntFishProducts,19
6652,28,MntFishProducts,98
6246,40,MntFishProducts,0
5975,82,MntFishProducts,0
6875,38,MntFishProducts,86
4399,3,MntFishProducts,106
4042,87,MntFishProducts,2
2157,49,MntFishProducts,11
10133,16,MntFishProducts,89
2525,65,MntFishProducts,116
8233,9,MntFishProducts,7
9483,24,MntFishProducts,77
2945,25,MntFishProducts,0
10403,43,MntFishProducts,7
5074,10,MntFishProducts,2
10524,29,MntFishProducts,54
4690,45,MntFishProducts,0
7521,57,MntFishProducts,75
7196,20,MntFishProducts,0
4406,29,MntFishProducts,91
9672,82,MntFishProducts,19
4864,68,MntFishProducts,13
4706,65,MntFishProducts,0
4070,99,MntFishProducts,188
25,9,MntFishProducts,33
3697,20,MntFishProducts,12
217,78,MntFishProducts,210
4220,26,MntFishProducts,0
5286,68,MntFishProducts,7
9559,79,MntFishProducts,0
2849,25,MntFishProducts,234
7787,83,MntFishProducts,10
3102,32,MntFishProducts,3
5868,49,MntFishProducts,10
8370,50,MntFishProducts,197
9988,84,MntFishProducts,65
2939,96,MntFishProducts,20
5529,56,MntFishProducts,0
9743,85,MntFishProducts,69
5763,63,MntFishProducts,39
3478,17,MntFishProducts,55
7494,11,MntFishProducts,3
1763,62,MntFishProducts,97
7250,48,MntFishProducts,15
2005,86,MntFishProducts,0
10770,73,MntFishProducts,210
6885,36,MntFishProducts,3
2072,34,MntFishProducts,13
9463,16,MntFishProducts,91
6318,48,MntFishProducts,33
4093,61,MntFishProducts,20
5751,54,MntFishProducts,11
3340,56,MntFishProducts,4
3594,74,MntFishProducts,8
3584,35,MntFishProducts,17
3643,65,MntFishProducts,11
851,48,MntFishProducts,21
7706,88,MntFishProducts,197
3967,19,MntFishProducts,58
10128,21,MntFishProducts,0
486,27,MntFishProducts,45
9,86,MntFishProducts,0
9451,92,MntFishProducts,99
9264,1,MntFishProducts,73
3865,14,MntFishProducts,6
2853,74,MntFishProducts,6
1490,84,MntFishProducts,10
6310,4,MntFishProducts,8
10380,50,MntFishProducts,4
3887,2,MntFishProducts,20
4278,73,MntFishProducts,49
8643,21,MntFishProducts,219
1998,82,MntFishProducts,11
10795,14,MntFishProducts,3
11110,56,MntFishProducts,0
2408,20,MntFishProducts,10
202,54,MntFishProducts,149
7998,77,MntFishProducts,13
830,5,MntFishProducts,42
3536,65,MntFishProducts,10
6050,33,MntFishProducts,19
125,65,MntFishProducts,3
3463,41,MntFishProducts,0
2804,86,MntFishProducts,0
3745,92,MntFishProducts,0
9771,97,MntFishProducts,24
451,91,MntFishProducts,2
10530,0,MntFishProducts,80
1079,59,MntFishProducts,0
8920,4,MntFishProducts,80
6678,5,MntFishProducts,4
3852,48,MntFishProducts,36
528,99,MntFishProducts,149
73,81,MntFishProducts,0
5589,95,MntFishProducts,10
10212,43,MntFishProducts,0
6365,5,MntFishProducts,25
5636,50,MntFishProducts,12
591,76,MntFishProducts,46
2217,46,MntFishProducts,2
2544,68,MntFishProducts,6
7725,33,MntFishProducts,35
8091,50,MntFishProducts,13
7321,85,MntFishProducts,63
5462,63,MntFishProducts,29
7791,89,MntFishProducts,0
955,81,MntFishProducts,6
4037,77,MntFishProducts,8
6642,50,MntFishProducts,8
2793,10,MntFishProducts,69
5424,30,MntFishProducts,19
879,66,MntFishProducts,0
9530,16,MntFishProducts,4
4828,12,MntFishProducts,185
10699,30,MntFishProducts,3
1497,8,MntFishProducts,15
7476,93,MntFishProducts,0
4390,14,MntFishProducts,142
10478,53,MntFishProducts,0
1081,26,MntFishProducts,12
4261,23,MntFishProducts,59
9916,92,MntFishProducts,0
5350,29,MntFishProducts,94
8135,41,MntFishProducts,7
8685,56,MntFishProducts,4
4967,19,MntFishProducts,0
2130,4,MntFishProducts,10
9298,89,MntFishProducts,46
8175,71,MntFishProducts,3
6257,81,MntFishProducts,37
3790,31,MntFishProducts,0
9952,53,MntFishProducts,13
3503,78,MntFishProducts,52
5223,80,MntFishProducts,2
4608,18,MntFishProducts,27
1626,37,MntFishProducts,4
4764,52,MntFishProducts,25
2471,39,MntFishProducts,16
5892,11,MntFishProducts,8
2612,33,MntFishProducts,63
4971,22,MntFishProducts,13
5185,83,MntFishProducts,97
10069,43,MntFishProducts,2
2262,74,MntFishProducts,11
1131,54,MntFishProducts,0
1041,3,MntFishProducts,4
24,96,MntFishProducts,0
3409,68,MntFishProducts,3
7022,2,MntFishProducts,140
7943,40,MntFishProducts,3
5272,64,MntFishProducts,19
5453,26,MntFishProducts,253
2565,69,MntFishProducts,16
800,57,MntFishProducts,0
11092,78,MntFishProducts,2
5062,71,MntFishProducts,0
8969,59,MntFishProducts,0
4656,28,MntFishProducts,34
4480,61,MntFishProducts,4
9971,22,MntFishProducts,12
6729,95,MntFishProducts,75
1773,38,MntFishProducts,11
9242,19,MntFishProducts,24
1764,92,MntFishProducts,23
6215,24,MntFishProducts,3
10099,21,MntFishProducts,169
5423,35,MntFishProducts,2
940,9,MntFishProducts,15
3011,23,MntFishProducts,33
3298,92,MntFishProducts,12
8286,55,MntFishProducts,0
9668,14,MntFishProducts,0
5120,78,MntFishProducts,220
6097,64,MntFishProducts,6
7019,49,MntFishProducts,24
7408,8,MntFishProducts,0
8041,35,MntFishProducts,120
252,11,MntFishProducts,71
9986,8,MntFishProducts,3
3276,53,MntFishProducts,3
3859,36,MntFishProducts,0
3570,64,MntFishProducts,6
3783,43,MntFishProducts,0
10207,40,MntFishProducts,0
10906,52,MntFishProducts,15
3427,11,MntFishProducts,0
5209,21,MntFishProducts,21
10711,23,MntFishProducts,111
10785,17,MntFishProducts,2
2814,6,MntFishProducts,4
6866,56,MntFishProducts,2
1665,71,MntFishProducts,0
6575,51,MntFishProducts,13
3829,94,MntFishProducts,10
3091,27,MntFishProducts,258
10141,1,MntFishProducts,0
5177,56,MntFishProducts,4
7005,71,MntFishProducts,28
6409,18,MntFishProducts,34
7485,48,MntFishProducts,17
8079,86,MntFishProducts,23
8395,48,MntFishProducts,35
10352,2,MntFishProducts,6
4931,13,MntFishProducts,2
13,57,MntFishProducts,0
1834,77,MntFishProducts,4
2285,0,MntFishProducts,4
2295,57,MntFishProducts,80
1378,24,MntFishProducts,84
2781,55,MntFishProducts,134
1165,62,MntFishProducts,45
1404,89,MntFishProducts,33
6457,77,MntFishProducts,32
2639,45,MntFishProducts,10
8299,46,MntFishProducts,8
6437,80,MntFishProducts,15
6912,60,MntFishProducts,29
7327,71,MntFishProducts,10
5299,43,MntFishProducts,39
4127,97,MntFishProducts,115
8143,49,MntFishProducts,3
1964,66,MntFishProducts,33
3690,20,MntFishProducts,52
3433,54,MntFishProducts,104
3389,61,MntFishProducts,123
4712,18,MntFishProducts,24
1170,45,MntFishProducts,39
6347,26,MntFishProducts,11
4065,0,MntFishProducts,0
8230,28,MntFishProducts,7
1215,49,MntFishProducts,76
5939,84,MntFishProducts,7
2156,38,MntFishProducts,0
7788,53,MntFishProducts,0
10323,88,MntFishProducts,3
7947,99,MntFishProducts,0
1891,12,MntFishProducts,21
2570,35,MntFishProducts,10
9256,5,MntFishProducts,116
295,77,MntFishProducts,146
7397,45,MntFishProducts,7
6349,71,MntFishProducts,78
10790,40,MntFishProducts,0
10398,82,MntFishProducts,8
2431,70,MntFishProducts,12
550,87,MntFishProducts,85
1890,95,MntFishProducts,2
10742,72,MntFishProducts,26
10356,5,MntFishProducts,0
4676,86,MntFishProducts,258
8852,80,MntFishProducts,0
3565,62,MntFishProducts,0
5294,49,MntFishProducts,16
1958,85,MntFishProducts,0
7349,7,MntFishProducts,6
8799,6,MntFishProducts,2
1351,25,MntFishProducts,16
1045,55,MntFishProducts,30
7732,81,MntFishProducts,179
8070,98,MntFishProducts,3
477,31,MntFishProducts,80
7832,30,MntFishProducts,0
2202,98,MntFishProducts,2
7396,92,MntFishProducts,207
4055,41,MntFishProducts,12
10340,68,MntFishProducts,43
10091,78,MntFishProducts,39
7629,46,MntFishProducts,6
10640,71,MntFishProducts,7
3498,6,MntFishProducts,10
6742,82,MntFishProducts,3
1172,71,MntFishProducts,29
569,32,MntFishProducts,120
4686,28,MntFishProducts,62
1381,20,MntFishProducts,16
2634,10,MntFishProducts,15
10905,7,MntFishProducts,0
1744,67,MntFishProducts,3
1000,48,MntFishProducts,36
3828,61,MntFishProducts,198
8605,36,MntFishProducts,0
10304,77,MntFishProducts,23
4351,90,MntFishProducts,0
10129,35,MntFishProducts,104
2499,38,MntFishProducts,21
10092,46,MntFishProducts,153
7500,33,MntFishProducts,21
5796,70,MntFishProducts,29
10556,51,MntFishProducts,32
1064,18,MntFishProducts,0
48,97,MntFishProducts,0
7610,32,MntFishProducts,10
263,9,MntFishProducts,2
10814,6,MntFishProducts,82
9710,80,MntFishProducts,0
9292,74,MntFishProducts,27
10250,49,MntFishProducts,7
7881,21,MntFishProducts,34
5847,95,MntFishProducts,102
737,56,MntFishProducts,112
3571,48,MntFishProducts,13
7807,26,MntFishProducts,49
3878,3,MntFishProducts,15
5092,39,MntFishProducts,6
2154,33,MntFishProducts,7
5394,42,MntFishProducts,7
3798,80,MntFishProducts,0
3524,9,MntFishProducts,4
5247,52,MntFishProducts,2
5883,78,MntFishProducts,16
2118,68,MntFishProducts,119
8812,45,MntFishProducts,8
6616,47,MntFishProducts,71
2797,34,MntFishProducts,65
4328,81,MntFishProducts,17
9167,72,MntFishProducts,93
10560,23,MntFishProducts,0
2631,29,MntFishProducts,141
8312,80,MntFishProducts,2
5534,30,MntFishProducts,2
5093,15,MntFishProducts,10
7592,86,MntFishProducts,2
8895,68,MntFishProducts,17
8584,54,MntFishProducts,168
2694,44,MntFishProducts,0
8910,7,MntFishProducts,0
7433,87,MntFishProducts,7
164,59,MntFishProducts,3
10477,16,MntFishProducts,0
2681,1,MntFishProducts,138
5150,64,MntFishProducts,11
5283,72,MntFishProducts,0
9645,98,MntFishProducts,36
10678,91,MntFishProducts,34
7261,8,MntFishProducts,8
9648,20,MntFishProducts,0
2870,6,MntFishProducts,11
8008,54,MntFishProducts,12
1513,72,MntFishProducts,223
6173,46,MntFishProducts,23
1419,11,MntFishProducts,12
9150,21,MntFishProducts,0
7960,89,MntFishProducts,151
1250,82,MntFishProducts,11
9905,69,MntFishProducts,10
10691,55,MntFishProducts,0
7002,13,MntFishProducts,0
2952,80,MntFishProducts,3
8439,97,MntFishProducts,11
762,27,MntFishProducts,258
2831,99,MntFishProducts,188
6977,87,MntFishProducts,145
6289,85,MntFishProducts,0
4168,30,MntFishProducts,4
8397,82,MntFishProducts,0
9284,21,MntFishProducts,0
6237,92,MntFishProducts,5
3130,95,MntFishProducts,10
1619,2,MntFishProducts,224
1990,74,MntFishProducts,89
5513,49,MntFishProducts,0
269,71,MntFishProducts,0
8093,72,MntFishProducts,23
10513,68,MntFishProducts,91
10177,4,MntFishProducts,150
2549,80,MntFishProducts,0
5782,15,MntFishProducts,101
10057,70,MntFishProducts,90
10307,91,MntFishProducts,12
8566,10,MntFishProducts,0
2415,99,MntFishProducts,80
5684,25,MntFishProducts,0
8334,34,MntFishProducts,4
9166,57,MntFishProducts,73
1440,84,MntFishProducts,104
78,51,MntFishProducts,0
5441,97,MntFishProducts,8
5302,13,MntFishProducts,216
4687,92,MntFishProducts,39
1087,30,MntFishProducts,37
6859,30,MntFishProducts,16
9860,11,MntFishProducts,2
7129,72,MntFishProducts,23
5866,39,MntFishProducts,12
10521,0,MntFishProducts,13
7393,15,MntFishProducts,4
7849,12,MntFishProducts,160
332,56,MntFishProducts,0
9847,39,MntFishProducts,20
531,55,MntFishProducts,76
9576,60,MntFishProducts,2
6906,73,MntFishProducts,63
7419,90,MntFishProducts,0
3170,86,MntFishProducts,37
8527,37,MntFishProducts,4
7872,7,MntFishProducts,0
9931,29,MntFishProducts,1
10595,19,MntFishProducts,13
4609,14,MntFishProducts,6
5010,72,MntFishProducts,6
4427,56,MntFishProducts,38
11148,85,MntFishProducts,3
1168,62,MntFishProducts,34
9595,1,MntFishProducts,20
10163,28,MntFishProducts,65
2886,70,MntFishProducts,0
6710,84,MntFishProducts,3
5316,89,MntFishProducts,6
9029,73,MntFishProducts,95
521,42,MntFishProducts,6
1459,16,MntFishProducts,69
10241,16,MntFishProducts,6
1630,56,MntFishProducts,55
3254,65,MntFishProducts,103
9064,10,MntFishProducts,124
3678,13,MntFishProducts,15
4227,78,MntFishProducts,4
9467,51,MntFishProducts,3
8486,27,MntFishProducts,8
2186,30,MntFishProducts,159
3286,71,MntFishProducts,2
8602,97,MntFishProducts,150
3722,83,MntFishProducts,0
6715,3,MntFishProducts,0
4796,71,MntFishProducts,3
9612,3,MntFishProducts,4
3766,15,MntFishProducts,108
1399,52,MntFishProducts,181
1570,8,MntFishProducts,50
3426,89,MntFishProducts,60
3074,66,MntFishProducts,23
8341,22,MntFishProducts,0
5180,56,MntFishProducts,0
6461,74,MntFishProducts,43
7679,48,MntFishProducts,6
10702,67,MntFishProducts,56
7505,24,MntFishProducts,0
5113,67,MntFishProducts,65
10858,38,MntFishProducts,90
2961,86,MntFishProducts,54
2747,90,MntFishProducts,150
3010,87,MntFishProducts,99
5790,62,MntFishProducts,20
6892,23,MntFishProducts,0
1743,99,MntFishProducts,177
3578,29,MntFishProducts,25
8462,52,MntFishProducts,29
5558,90,MntFishProducts,62
4619,9,MntFishProducts,1
8780,71,MntFishProducts,19
10789,13,MntFishProducts,3
10779,16,MntFishProducts,0
5896,94,MntFishProducts,20
2337,77,MntFishProducts,2
10951,20,MntFishProducts,0
544,51,MntFishProducts,138
17,81,MntFishProducts,12
10680,71,MntFishProducts,2
3265,36,MntFishProducts,7
5623,95,MntFishProducts,0
5832,32,MntFishProducts,184
5544,32,MntFishProducts,158
6417,85,MntFishProducts,60
5831,93,MntFishProducts,65
7101,24,MntFishProducts,0
10176,44,MntFishProducts,0
2326,15,MntFishProducts,23
4385,82,MntFishProducts,0
2929,27,MntFishProducts,15
10686,72,MntFishProducts,0
2546,7,MntFishProducts,10
3283,57,MntFishProducts,46
3138,84,MntFishProducts,71
4994,53,MntFishProducts,129
7966,48,MntFishProducts,104
3112,2,MntFishProducts,0
10872,65,MntFishProducts,0
2181,45,MntFishProducts,40
1867,42,MntFishProducts,94
1518,29,MntFishProducts,25
5734,83,MntFishProducts,2
2878,93,MntFishProducts,8
1458,40,MntFishProducts,3
7007,47,MntFishProducts,3
6200,50,MntFishProducts,130
1403,40,MntFishProducts,3
4827,3,MntFishProducts,39
6250,62,MntFishProducts,20
9291,25,MntFishProducts,0
2478,48,MntFishProducts,13
1139,56,MntFishProducts,0
5138,68,MntFishProducts,3
5393,64,MntFishProducts,6
10413,67,MntFishProducts,151
5015,94,MntFishProducts,3
10868,82,MntFishProducts,104
10676,3,MntFishProducts,205
2495,24,MntFishProducts,111
7842,54,MntFishProducts,10
9955,20,MntFishProducts,12
6663,96,MntFishProducts,0
2162,19,MntFishProducts,90
3434,60,MntFishProducts,94
7919,2,MntFishProducts,28
5626,13,MntFishProducts,11
6428,37,MntFishProducts,84
8514,59,MntFishProducts,3
10448,55,MntFishProducts,45
2109,60,MntFishProducts,40
7530,48,MntFishProducts,17
8925,38,MntFishProducts,81
3009,8,MntFishProducts,0
6355,19,MntFishProducts,7
3517,32,MntFishProducts,10
1158,27,MntFishProducts,2
6203,58,MntFishProducts,173
7165,59,MntFishProducts,56
3595,29,MntFishProducts,128
8537,60,MntFishProducts,123
4331,41,MntFishProducts,17
6281,27,MntFishProducts,37
4338,28,MntFishProducts,0
2452,8,MntFishProducts,8
9507,18,MntFishProducts,4
8360,76,MntFishProducts,7
10311,0,MntFishProducts,2
5117,32,MntFishProducts,153
4867,2,MntFishProducts,2
9289,16,MntFishProducts,0
10913,56,MntFishProducts,0
3032,97,MntFishProducts,11
8524,15,MntFishProducts,10
3334,35,MntFishProducts,106
4470,3,MntFishProducts,6
1406,49,MntFishProducts,20
8619,4,MntFishProducts,3
10821,45,MntFishProducts,0
4552,37,MntFishProducts,64
898,39,MntFishProducts,3
9797,38,MntFishProducts,4
10949,8,MntFishProducts,145
8212,89,MntFishProducts,13
6248,47,MntFishProducts,94
10164,75,MntFishProducts,108
4547,86,MntFishProducts,2
6815,4,MntFishProducts,52
4122,73,MntFishProducts,179
10841,46,MntFishProducts,41
5370,38,MntFishProducts,0
176,73,MntFishProducts,33
4860,66,MntFishProducts,3
10757,36,MntFishProducts,2
4023,29,MntFishProducts,20
6679,29,MntFishProducts,0
9923,6,MntFishProducts,0
7181,97,MntFishProducts,2
3599,61,MntFishProducts,208
405,68,MntFishProducts,4
6870,73,MntFishProducts,17
832,90,MntFishProducts,10
2002,81,MntFishProducts,180
3657,1,MntFishProducts,13
500,79,MntFishProducts,40
1951,92,MntFishProducts,208
3262,31,MntFishProducts,42
4102,46,MntFishProducts,2
7042,14,MntFishProducts,15
10598,89,MntFishProducts,4
255,31,MntFishProducts,0
2375,75,MntFishProducts,0
9829,42,MntFishProducts,12
6214,53,MntFishProducts,4
4954,53,MntFishProducts,52
7861,23,MntFishProducts,45
4837,57,MntFishProducts,69
9423,49,MntFishProducts,7
4198,6,MntFishProducts,0
153,29,MntFishProducts,4
9323,5,MntFishProducts,32
10001,98,MntFishProducts,13
3945,80,MntFishProducts,0
3799,4,MntFishProducts,46
8625,70,MntFishProducts,0
3491,32,MntFishProducts,119
983,82,MntFishProducts,28
9119,27,MntFishProducts,36
4786,94,MntFishProducts,93
5872,23,MntFishProducts,63
6568,97,MntFishProducts,15
5628,25,MntFishProducts,201
5631,92,MntFishProducts,55
4974,98,MntFishProducts,16
8416,19,MntFishProducts,10
5454,80,MntFishProducts,3
4095,80,MntFishProducts,49
5474,79,MntFishProducts,4
4268,50,MntFishProducts,0
10701,60,MntFishProducts,120
3507,44,MntFishProducts,210
2079,0,MntFishProducts,73
626,28,MntFishProducts,0
4426,35,MntFishProducts,6
2591,49,MntFishProducts,69
10509,46,MntFishProducts,0
6382,97,MntFishProducts,3
6673,51,MntFishProducts,12
7441,80,MntFishProducts,20
1071,10,MntFishProducts,69
10061,29,MntFishProducts,0
7187,52,MntFishProducts,94
8775,74,MntFishProducts,20
1612,82,MntFishProducts,0
2345,54,MntFishProducts,71
322,93,MntFishProducts,0
10897,63,MntFishProducts,29
123,92,MntFishProducts,23
6103,40,MntFishProducts,17
7899,70,MntFishProducts,21
10500,96,MntFishProducts,16
1655,81,MntFishProducts,2
2406,63,MntFishProducts,12
2712,85,MntFishProducts,103
5517,51,MntFishProducts,0
10643,23,MntFishProducts,85
2254,95,MntFishProducts,121
10281,11,MntFishProducts,13
6958,42,MntFishProducts,0
954,77,MntFishProducts,34
5079,82,MntFishProducts,0
10339,83,MntFishProducts,0
4643,40,MntFishProducts,38
3117,95,MntFishProducts,12
6497,32,MntFishProducts,13
5396,48,MntFishProducts,33
5250,75,MntFishProducts,164
1052,24,MntFishProducts,62
2802,61,MntFishProducts,67
6343,6,MntFishProducts,114
6507,16,MntFishProducts,2
7901,39,MntFishProducts,2
4865,2,MntFishProducts,10
2686,49,MntFishProducts,15
3107,31,MntFishProducts,24
7734,58,MntFishProducts,212
1146,5,MntFishProducts,32
11031,90,MntFishProducts,2
7428,47,MntFishProducts,250
975,25,MntFishProducts,8
1103,60,MntFishProducts,49
3422,67,MntFishProducts,33
1055,40,MntFishProducts,2
6544,63,MntFishProducts,63
1241,1,MntFishProducts,7
2909,89,MntFishProducts,16
5802,40,MntFishProducts,16
1407,5,MntFishProducts,3
6183,3,MntFishProducts,6
340,1,MntFishProducts,0
5991,24,MntFishProducts,3
3104,89,MntFishProducts,51
9729,48,MntFishProducts,56
1008,31,MntFishProducts,11
11091,68,MntFishProducts,2
3969,46,MntFishProducts,7
1916,92,MntFishProducts,20
9907,80,MntFishProducts,25
87,16,MntFishProducts,26
8659,50,MntFishProducts,13
6262,93,MntFishProducts,55
6147,51,MntFishProducts,2
8832,24,MntFishProducts,12
10067,79,MntFishProducts,0
7532,26,MntFishProducts,4
4915,86,MntFishProducts,136
2115,68,MntFishProducts,0
2088,98,MntFishProducts,99
2493,34,MntFishProducts,19
6292,60,MntFishProducts,46
1631,3,MntFishProducts,0
10104,65,MntFishProducts,0
3006,83,MntFishProducts,7
3919,64,MntFishProducts,50
11181,85,MntFishProducts,1
642,69,MntFishProducts,20
4369,48,MntFishProducts,199
10127,21,MntFishProducts,4
271,30,MntFishProducts,6
4973,39,MntFishProducts,4
2948,76,MntFishProducts,4
2715,11,MntFishProducts,4
10432,26,MntFishProducts,3
9216,34,MntFishProducts,3
7124,72,MntFishProducts,8
9727,13,MntFishProducts,16
5136,58,MntFishProducts,0
9790,12,MntFishProducts,47
1818,23,MntFishProducts,0
1100,33,MntFishProducts,0
7873,30,MntFishProducts,15
10609,15,MntFishProducts,3
6950,25,MntFishProducts,0
7233,4,MntFishProducts,229
9481,80,MntFishProducts,13
7699,30,MntFishProducts,6
2711,6,MntFishProducts,4
8933,16,MntFishProducts,4
8726,57,MntFishProducts,10
1515,9,MntFishProducts,4
5186,59,MntFishProducts,19
10157,78,MntFishProducts,34
5667,90,MntFishProducts,60
902,74,MntFishProducts,4
977,10,MntFishProducts,50
7313,63,MntFishProducts,133
7600,13,MntFishProducts,8
9706,98,MntFishProducts,4
2429,4,MntFishProducts,150
3520,94,MntFishProducts,0
10394,91,MntFishProducts,94
4548,66,MntFishProducts,0
9362,14,MntFishProducts,13
3968,77,MntFishProducts,13
4084,41,MntFishProducts,192
6721,21,MntFishProducts,50
2829,25,MntFishProducts,0
1772,2,MntFishProducts,193
1544,51,MntFishProducts,224
492,3,MntFishProducts,4
4377,32,MntFishProducts,30
4541,84,MntFishProducts,6
1321,49,MntFishProducts,0
8858,69,MntFishProducts,0
3266,96,MntFishProducts,3
11187,23,MntFishProducts,12
8207,18,MntFishProducts,3
9723,8,MntFishProducts,62
2666,21,MntFishProducts,130
5721,60,MntFishProducts,59
10652,48,MntFishProducts,199
1646,36,MntFishProducts,11
4418,36,MntFishProducts,145
2656,63,MntFishProducts,0
7990,2,MntFishProducts,3
8722,38,MntFishProducts,202
7118,61,MntFishProducts,52
2980,52,MntFishProducts,4
1839,25,MntFishProducts,10
10722,63,MntFishProducts,11
2632,10,MntFishProducts,13
9014,65,MntFishProducts,2
7620,71,MntFishProducts,21
10968,0,MntFishProducts,65
11133,3,MntFishProducts,4
2736,88,MntFishProducts,71
1876,15,MntFishProducts,23
5959,80,MntFishProducts,0
1092,17,MntFishProducts,182
4333,76,MntFishProducts,0
3850,52,MntFishProducts,15
6168,28,MntFishProducts,0
607,31,MntFishProducts,32
10469,42,MntFishProducts,93
6983,24,MntFishProducts,2
3661,42,MntFishProducts,72
9303,12,MntFishProducts,1
692,88,MntFishProducts,0
736,67,MntFishProducts,3
9589,54,MntFishProducts,149
4838,40,MntFishProducts,0
9246,73,MntFishProducts,26
6261,81,MntFishProducts,11
7366,12,MntFishProducts,69
10659,7,MntFishProducts,3
1448,33,MntFishProducts,0
4286,24,MntFishProducts,8
4749,55,MntFishProducts,38
4478,87,MntFishProducts,15
4201,39,MntFishProducts,4
8720,53,MntFishProducts,12
10084,9,MntFishProducts,20
7004,82,MntFishProducts,7
9817,71,MntFishProducts,13
8080,50,MntFishProducts,3
9432,23,MntFishProducts,8
8372,81,MntFishProducts,6
10870,46,MntFishProducts,42
4001,56,MntFishProducts,0
7270,91,MntFishProducts,32
8235,8,MntFishProducts,80
9405,40,MntFishProducts,2
5524,58,MntSweetProducts,88
2174,38,MntSweetProducts,1
4141,26,MntSweetProducts,21
6182,26,MntSweetProducts,3
5324,94,MntSweetProducts,27
7446,16,MntSweetProducts,42
965,34,MntSweetProducts,49
6177,32,MntSweetProducts,1
4855,19,MntSweetProducts,3
5899,68,MntSweetProducts,1
1994,11,MntSweetProducts,2
387,59,MntSweetProducts,1
2125,82,MntSweetProducts,112
8180,53,MntSweetProducts,5
2569,38,MntSweetProducts,1
2114,23,MntSweetProducts,68
9736,51,MntSweetProducts,13
4939,20,MntSweetProducts,12
6565,91,MntSweetProducts,16
2278,86,MntSweetProducts,24
9360,41,MntSweetProducts,38
5376,42,MntSweetProducts,1
1993,63,MntSweetProducts,0
4047,0,MntSweetProducts,32
1409,69,MntSweetProducts,6
7892,89,MntSweetProducts,12
2404,4,MntSweetProducts,6
5255,19,MntSweetProducts,263
9422,26,MntSweetProducts,21
1966,96,MntSweetProducts,66
6864,34,MntSweetProducts,2
3033,56,MntSweetProducts,22
5710,31,MntSweetProducts,0
7373,8,MntSweetProducts,22
8755,4,MntSweetProducts,68
10738,55,MntSweetProducts,1
4339,37,MntSweetProducts,8
10755,76,MntSweetProducts,7
8595,99,MntSweetProducts,0
2968,53,MntSweetProducts,49
8601,3,MntSweetProducts,178
503,88,MntSweetProducts,0
8430,4,MntSweetProducts,1
7281,80,MntSweetProducts,2
2139,19,MntSweetProducts,2
1371,72,MntSweetProducts,30
9909,24,MntSweetProducts,22
7286,92,MntSweetProducts,5
7244,96,MntSweetProducts,10
6566,39,MntSweetProducts,38
8614,29,MntSweetProducts,67
4114,2,MntSweetProducts,167
1331,54,MntSweetProducts,1
2225,54,MntSweetProducts,40
9381,57,MntSweetProducts,24
6260,55,MntSweetProducts,120
10383,30,MntSweetProducts,120
7437,31,MntSweetProducts,1
8557,57,MntSweetProducts,2
8375,63,MntSweetProducts,0
6853,12,MntSweetProducts,13
3076,18,MntSweetProducts,18
1012,26,MntSweetProducts,14
6518,8,MntSweetProducts,6
4137,29,MntSweetProducts,122
8082,75,MntSweetProducts,6
1386,0,MntSweetProducts,0
9369,19,MntSweetProducts,24
4477,4,MntSweetProducts,82
1357,90,MntSweetProducts,29
1402,1,MntSweetProducts,60
10629,25,MntSweetProducts,4
6312,29,MntSweetProducts,37
8132,88,MntSweetProducts,6
1050,58,MntSweetProducts,15
5846,68,MntSweetProducts,1
1859,34,MntSweetProducts,18
7503,40,MntSweetProducts,105
10401,12,MntSweetProducts,3
1618,9,MntSweetProducts,0
3332,87,MntSweetProducts,5
2261,5,MntSweetProducts,0
5346,87,MntSweetProducts,0
4119,56,MntSweetProducts,22
535,18,MntSweetProducts,65
5268,95,MntSweetProducts,4
273,48,MntSweetProducts,0
4452,3,MntSweetProducts,3
8504,70,MntSweetProducts,133
771,79,MntSweetProducts,0
8996,4,MntSweetProducts,37
9235,45,MntSweetProducts,0
5798,87,MntSweetProducts,28
11178,69,MntSweetProducts,1
2230,84,MntSweetProducts,0
7516,30,MntSweetProducts,5
7247,72,MntSweetProducts,0
11100,37,MntSweetProducts,1
4646,44,MntSweetProducts,0
3037,32,MntSweetProducts,61
1473,0,MntSweetProducts,1
1016,43,MntSweetProducts,0
4518,59,MntSweetProducts,132
9370,68,MntSweetProducts,40
8908,35,MntSweetProducts,26
8373,94,MntSweetProducts,0
7533,15,MntSweetProducts,1
2683,56,MntSweetProducts,98
3629,17,MntSweetProducts,4
10991,18,MntSweetProducts,22
5077,46,MntSweetProducts,35
7431,40,MntSweetProducts,51
3267,27,MntSweetProducts,0
999,95,MntSweetProducts,20
9215,19,MntSweetProducts,0
2286,27,MntSweetProducts,1
1592,25,MntSweetProducts,82
367,74,MntSweetProducts,103
5234,85,MntSweetProducts,9
9862,37,MntSweetProducts,5
9805,65,MntSweetProducts,72
6205,13,MntSweetProducts,4
8442,63,MntSweetProducts,4
7386,83,MntSweetProducts,3
7215,69,MntSweetProducts,72
1491,87,MntSweetProducts,28
11071,37,MntSweetProducts,0
3381,51,MntSweetProducts,0
8268,23,MntSweetProducts,0
11051,72,MntSweetProducts,12
8026,10,MntSweetProducts,89
433,42,MntSweetProducts,5
9597,10,MntSweetProducts,41
1295,96,MntSweetProducts,71
5290,51,MntSweetProducts,0
1685,21,MntSweetProducts,44
5342,31,MntSweetProducts,6
9579,61,MntSweetProducts,0
7660,37,MntSweetProducts,2
1461,74,MntSweetProducts,1
821,46,MntSweetProducts,61
11084,4,MntSweetProducts,20
8690,73,MntSweetProducts,40
2937,47,MntSweetProducts,33
9701,13,MntSweetProducts,16
9949,36,MntSweetProducts,41
10837,47,MntSweetProducts,11
3120,49,MntSweetProducts,1
5885,94,MntSweetProducts,1
4050,65,MntSweetProducts,20
3830,59,MntSweetProducts,13
7987,96,MntSweetProducts,13
7798,28,MntSweetProducts,20
92,12,MntSweetProducts,14
7055,57,MntSweetProducts,0
10240,10,MntSweetProducts,13
3025,4,MntSweetProducts,12
9283,49,MntSweetProducts,0
9970,3,MntSweetProducts,28
2730,64,MntSweetProducts,91
2795,0,MntSweetProducts,0
9260,20,MntSweetProducts,16
8182,91,MntSweetProducts,4
10095,9,MntSweetProducts,12
8475,98,MntSweetProducts,2
4370,83,MntSweetProducts,3
10573,27,MntSweetProducts,21
3712,63,MntSweetProducts,0
6637,46,MntSweetProducts,76
3152,84,MntSweetProducts,17
5610,58,MntSweetProducts,1
6460,78,MntSweetProducts,8
1349,4,MntSweetProducts,3
1880,17,MntSweetProducts,0
641,77,MntSweetProducts,0
8717,56,MntSweetProducts,71
10314,79,MntSweetProducts,89
10854,90,MntSweetProducts,0
10492,96,MntSweetProducts,0
6935,44,MntSweetProducts,0
7698,81,MntSweetProducts,5
3559,77,MntSweetProducts,12
10562,21,MntSweetProducts,17
10796,16,MntSweetProducts,0
2563,80,MntSweetProducts,14
3518,45,MntSweetProducts,4
5823,63,MntSweetProducts,0
3934,34,MntSweetProducts,9
6982,14,MntSweetProducts,76
6431,13,MntSweetProducts,0
9733,52,MntSweetProducts,0
5602,98,MntSweetProducts,113
7829,99,MntSweetProducts,4
1324,93,MntSweetProducts,19
326,38,MntSweetProducts,9
7224,24,MntSweetProducts,1
6999,80,MntSweetProducts,16
9938,82,MntSweetProducts,173
6422,20,MntSweetProducts,33
3182,81,MntSweetProducts,1
7300,50,MntSweetProducts,4
10424,60,MntSweetProducts,23
8727,63,MntSweetProducts,87
2798,54,MntSweetProducts,176
1030,72,MntSweetProducts,0
624,5,MntSweetProducts,2
5176,88,MntSweetProducts,6
5552,50,MntSweetProducts,13
868,99,MntSweetProducts,0
380,17,MntSweetProducts,32
2677,11,MntSweetProducts,4
6521,18,MntSweetProducts,102
6927,70,MntSweetProducts,0
2877,21,MntSweetProducts,9
0,66,MntSweetProducts,87
1584,79,MntSweetProducts,19
7264,2,MntSweetProducts,0
6274,81,MntSweetProducts,48
1377,24,MntSweetProducts,0
454,48,MntSweetProducts,32
1755,93,MntSweetProducts,1
2075,56,MntSweetProducts,30
4785,3,MntSweetProducts,0
9076,44,MntSweetProducts,1
7079,38,MntSweetProducts,11
4653,46,MntSweetProducts,1
7375,84,MntSweetProducts,11
709,27,MntSweetProducts,0
460,72,MntSweetProducts,51
3726,66,MntSweetProducts,0
6798,30,MntSweetProducts,15
5341,2,MntSweetProducts,138
1606,65,MntSweetProducts,3
9617,37,MntSweetProducts,0
3233,89,MntSweetProducts,10
89,49,MntSweetProducts,8
2936,46,MntSweetProducts,0
9449,32,MntSweetProducts,35
7297,54,MntSweetProducts,7
11004,23,MntSweetProducts,0
313,98,MntSweetProducts,163
9940,97,MntSweetProducts,124
10735,75,MntSweetProducts,1
9529,8,MntSweetProducts,13
6439,37,MntSweetProducts,28
7411,31,MntSweetProducts,0
2176,40,MntSweetProducts,0
9265,74,MntSweetProducts,12
8867,90,MntSweetProducts,38
8932,57,MntSweetProducts,70
10236,59,MntSweetProducts,1
6340,52,MntSweetProducts,2
10089,5,MntSweetProducts,172
2227,92,MntSweetProducts,20
10992,77,MntSweetProducts,42
5304,35,MntSweetProducts,0
309,48,MntSweetProducts,10
3406,97,MntSweetProducts,24
2661,95,MntSweetProducts,6
3153,24,MntSweetProducts,0
10264,60,MntSweetProducts,3
1184,46,MntSweetProducts,0
4200,85,MntSweetProducts,13
9396,31,MntSweetProducts,1
2387,9,MntSweetProducts,2
6690,30,MntSweetProducts,2
1225,47,MntSweetProducts,84
9703,70,MntSweetProducts,1
291,13,MntSweetProducts,149
4557,11,MntSweetProducts,2
2379,31,MntSweetProducts,73
5726,15,MntSweetProducts,8
3066,2,MntSweetProducts,2
6336,55,MntSweetProducts,7
10967,38,MntSweetProducts,7
2304,86,MntSweetProducts,22
3445,56,MntSweetProducts,92
7828,29,MntSweetProducts,22
3762,30,MntSweetProducts,130
4391,64,MntSweetProducts,7
4669,46,MntSweetProducts,25
10144,84,MntSweetProducts,11
8652,20,MntSweetProducts,12
1672,74,MntSweetProducts,15
8962,18,MntSweetProducts,0
9974,75,MntSweetProducts,5
10983,17,MntSweetProducts,74
8148,88,MntSweetProducts,114
10102,19,MntSweetProducts,141
4697,62,MntSweetProducts,3
9262,11,MntSweetProducts,9
7254,74,MntSweetProducts,8
4543,32,MntSweetProducts,21
4927,76,MntSweetProducts,1
10451,6,MntSweetProducts,4
2926,62,MntSweetProducts,13
2874,20,MntSweetProducts,3
9738,43,MntSweetProducts,4
7119,45,MntSweetProducts,54
3924,34,MntSweetProducts,0
5827,53,MntSweetProducts,2
5596,44,MntSweetProducts,0
10812,89,MntSweetProducts,3
1717,43,MntSweetProducts,13
9491,68,MntSweetProducts,3
9274,44,MntSweetProducts,147
6609,64,MntSweetProducts,23
6963,85,MntSweetProducts,45
4440,93,MntSweetProducts,0
1379,12,MntSweetProducts,4
10032,86,MntSweetProducts,12
2826,28,MntSweetProducts,0
2437,69,MntSweetProducts,30
6320,42,MntSweetProducts,44
3050,13,MntSweetProducts,2
231,86,MntSweetProducts,0
2392,59,MntSweetProducts,0
9478,30,MntSweetProducts,3
113,33,MntSweetProducts,1
2863,67,MntSweetProducts,50
1802,23,MntSweetProducts,29
520,81,MntSweetProducts,2
8275,6,MntSweetProducts,0
9750,41,MntSweetProducts,12
2607,78,MntSweetProducts,23
7214,49,MntSweetProducts,45
5835,39,MntSweetProducts,2
3896,3,MntSweetProducts,1
10350,37,MntSweetProducts,0
7786,22,MntSweetProducts,5
2861,79,MntSweetProducts,0
663,46,MntSweetProducts,0
10675,82,MntSweetProducts,0
2521,10,MntSweetProducts,2
9592,51,MntSweetProducts,0
10151,38,MntSweetProducts,46
7381,10,MntSweetProducts,97
4099,14,MntSweetProducts,2
9560,18,MntSweetProducts,25
1150,36,MntSweetProducts,64
10172,95,MntSweetProducts,118
11191,11,MntSweetProducts,3
9707,65,MntSweetProducts,0
6245,71,MntSweetProducts,14
8234,13,MntSweetProducts,1
1411,58,MntSweetProducts,153
8553,65,MntSweetProducts,0
1826,0,MntSweetProducts,189
8842,33,MntSweetProducts,3
11030,90,MntSweetProducts,0
2579,95,MntSweetProducts,33
175,93,MntSweetProducts,107
9185,38,MntSweetProducts,30
11056,18,MntSweetProducts,0
9365,57,MntSweetProducts,0
6201,45,MntSweetProducts,1
2061,61,MntSweetProducts,0
6184,6,MntSweetProducts,128
6142,65,MntSweetProducts,0
4107,52,MntSweetProducts,19
7274,87,MntSweetProducts,163
9336,38,MntSweetProducts,0
2958,53,MntSweetProducts,8
933,31,MntSweetProducts,1
5837,67,MntSweetProducts,8
10704,65,MntSweetProducts,27
5125,64,MntSweetProducts,42
4432,82,MntSweetProducts,11
5955,27,MntSweetProducts,133
2928,63,MntSweetProducts,9
5680,66,MntSweetProducts,6
10313,69,MntSweetProducts,2
2557,52,MntSweetProducts,1
1245,45,MntSweetProducts,12
1519,2,MntSweetProducts,3
10703,86,MntSweetProducts,0
1726,23,MntSweetProducts,2
4459,13,MntSweetProducts,4
1729,14,MntSweetProducts,24
1517,92,MntSweetProducts,12
2098,38,MntSweetProducts,0
9543,74,MntSweetProducts,2
6878,14,MntSweetProducts,40
3310,94,MntSweetProducts,1
2724,33,MntSweetProducts,0
948,32,MntSweetProducts,4
6720,11,MntSweetProducts,3
6202,78,MntSweetProducts,50
2066,56,MntSweetProducts,8
9799,57,MntSweetProducts,21
8318,7,MntSweetProducts,134
5642,0,MntSweetProducts,13
2669,66,MntSweetProducts,91
455,86,MntSweetProducts,9
7683,80,MntSweetProducts,7
3428,56,MntSweetProducts,30
7414,18,MntSweetProducts,3
6354,51,MntSweetProducts,2
798,71,MntSweetProducts,6
8213,71,MntSweetProducts,36
2488,80,MntSweetProducts,8
9999,2,MntSweetProducts,42
7617,83,MntSweetProducts,8
615,29,MntSweetProducts,20
2552,11,MntSweetProducts,0
194,55,MntSweetProducts,2
3645,19,MntSweetProducts,9
8890,1,MntSweetProducts,7
5049,19,MntSweetProducts,3
9973,28,MntSweetProducts,9
7301,76,MntSweetProducts,7
10882,50,MntSweetProducts,150
7030,1,MntSweetProducts,29
7422,90,MntSweetProducts,78
3523,83,MntSweetProducts,22
7106,73,MntSweetProducts,0
6504,24,MntSweetProducts,6
5067,11,MntSweetProducts,26
4216,33,MntSweetProducts,137
8581,4,MntSweetProducts,0
5929,14,MntSweetProducts,1
3129,30,MntSweetProducts,5
6528,75,MntSweetProducts,1
1361,26,MntSweetProducts,91
6932,77,MntSweetProducts,0
7284,8,MntSweetProducts,0
1340,42,MntSweetProducts,103
8746,28,MntSweetProducts,34
5987,52,MntSweetProducts,6
3767,1,MntSweetProducts,172
3725,1,MntSweetProducts,16
4324,42,MntSweetProducts,4
238,76,MntSweetProducts,95
6694,27,MntSweetProducts,38
498,28,MntSweetProducts,3
9347,49,MntSweetProducts,0
9699,12,MntSweetProducts,28
10664,14,MntSweetProducts,0
5455,89,MntSweetProducts,1
456,96,MntSweetProducts,6
5012,56,MntSweetProducts,0
7495,72,MntSweetProducts,0
5029,14,MntSweetProducts,3
10642,13,MntSweetProducts,4
2106,99,MntSweetProducts,6
10364,72,MntSweetProducts,12
5954,92,MntSweetProducts,5
1137,87,MntSweetProducts,156
2541,7,MntSweetProducts,0
1142,91,MntSweetProducts,66
2276,71,MntSweetProducts,24
2807,24,MntSweetProducts,47
6471,17,MntSweetProducts,2
6131,87,MntSweetProducts,19
6233,21,MntSweetProducts,47
4148,90,MntSweetProducts,3
4947,44,MntSweetProducts,194
3225,71,MntSweetProducts,17
7540,52,MntSweetProducts,23
10648,78,MntSweetProducts,96
1992,2,MntSweetProducts,16
7851,60,MntSweetProducts,191
8594,25,MntSweetProducts,1
7059,47,MntSweetProducts,84
2815,46,MntSweetProducts,15
2416,83,MntSweetProducts,38
7999,17,MntSweetProducts,34
9213,13,MntSweetProducts,0
9697,86,MntSweetProducts,5
3916,92,MntSweetProducts,8
2021,47,MntSweetProducts,192
1581,18,MntSweetProducts,2
564,81,MntSweetProducts,8
6619,91,MntSweetProducts,0
9081,58,MntSweetProducts,1
178,40,MntSweetProducts,75
916,67,MntSweetProducts,0
5512,19,MntSweetProducts,4
8970,93,MntSweetProducts,0
10581,41,MntSweetProducts,0
5300,60,MntSweetProducts,1
5154,54,MntSweetProducts,10
8346,26,MntSweetProducts,11
1676,30,MntSweetProducts,2
9286,93,MntSweetProducts,74
2426,35,MntSweetProducts,37
5172,4,MntSweetProducts,20
5562,92,MntSweetProducts,6
3436,24,MntSweetProducts,1
3921,96,MntSweetProducts,29
3403,11,MntSweetProducts,76
22,99,MntSweetProducts,5
10965,72,MntSweetProducts,50
9426,77,MntSweetProducts,0
6605,85,MntSweetProducts,0
3136,88,MntSweetProducts,19
8737,22,MntSweetProducts,0
11088,83,MntSweetProducts,35
716,63,MntSweetProducts,28
466,9,MntSweetProducts,14
9135,92,MntSweetProducts,0
10623,2,MntSweetProducts,0
8151,6,MntSweetProducts,62
5140,66,MntSweetProducts,38
10160,49,MntSweetProducts,0
4945,29,MntSweetProducts,10
10584,77,MntSweetProducts,36
6071,77,MntSweetProducts,40
3386,71,MntSweetProducts,10
8939,49,MntSweetProducts,26
9925,97,MntSweetProducts,1
4320,6,MntSweetProducts,58
5389,93,MntSweetProducts,10
6036,78,MntSweetProducts,129
182,62,MntSweetProducts,6
203,47,MntSweetProducts,61
11025,9,MntSweetProducts,3
10203,77,MntSweetProducts,1
4607,24,MntSweetProducts,21
3711,19,MntSweetProducts,38
3696,67,MntSweetProducts,0
2532,95,MntSweetProducts,14
9214,48,MntSweetProducts,17
4943,73,MntSweetProducts,33
35,35,MntSweetProducts,12
2258,76,MntSweetProducts,6
4322,20,MntSweetProducts,25
713,72,MntSweetProducts,31
4702,20,MntSweetProducts,17
3281,69,MntSweetProducts,27
702,80,MntSweetProducts,57
2004,65,MntSweetProducts,54
4769,52,MntSweetProducts,0
4437,65,MntSweetProducts,9
8724,57,MntSweetProducts,2
10741,70,MntSweetProducts,0
1991,0,MntSweetProducts,0
6931,19,MntSweetProducts,60
11096,50,MntSweetProducts,54
304,67,MntSweetProducts,5
3665,46,MntSweetProducts,3
10591,37,MntSweetProducts,19
5036,38,MntSweetProducts,3
5547,9,MntSweetProducts,19
7822,56,MntSweetProducts,108
8541,98,MntSweetProducts,7
10955,68,MntSweetProducts,107
4368,72,MntSweetProducts,12
9671,47,MntSweetProducts,1
2256,33,MntSweetProducts,0
4279,87,MntSweetProducts,4
5371,0,MntSweetProducts,0
9240,73,MntSweetProducts,4
9460,74,MntSweetProducts,21
9504,4,MntSweetProducts,123
8692,50,MntSweetProducts,6
448,57,MntSweetProducts,45
8314,30,MntSweetProducts,185
8420,27,MntSweetProducts,8
3174,61,MntSweetProducts,57
7685,4,MntSweetProducts,8
3179,75,MntSweetProducts,134
9780,12,MntSweetProducts,0
10681,13,MntSweetProducts,121
10232,9,MntSweetProducts,6
4184,48,MntSweetProducts,2
9120,80,MntSweetProducts,40
891,60,MntSweetProducts,0
10381,43,MntSweetProducts,0
3525,19,MntSweetProducts,0
6818,26,MntSweetProducts,10
3526,58,MntSweetProducts,0
8181,42,MntSweetProducts,24
1029,27,MntSweetProducts,10
7369,56,MntSweetProducts,0
2574,27,MntSweetProducts,0
8159,10,MntSweetProducts,0
1160,48,MntSweetProducts,2
10242,39,MntSweetProducts,0
5253,85,MntSweetProducts,2
5966,64,MntSweetProducts,0
5314,69,MntSweetProducts,6
5081,54,MntSweetProducts,6
5123,57,MntSweetProducts,11
5756,64,MntSweetProducts,0
8036,10,MntSweetProducts,2
9058,65,MntSweetProducts,0
5057,74,MntSweetProducts,47
254,4,MntSweetProducts,4
4179,94,MntSweetProducts,5
3710,41,MntSweetProducts,4
7627,25,MntSweetProducts,163
4501,94,MntSweetProducts,127
6424,9,MntSweetProducts,2
3075,47,MntSweetProducts,34
4992,12,MntSweetProducts,10
5252,80,MntSweetProducts,1
7444,20,MntSweetProducts,0
6919,39,MntSweetProducts,9
3537,57,MntSweetProducts,8
10277,27,MntSweetProducts,0
2453,83,MntSweetProducts,21
7972,79,MntSweetProducts,75
895,69,MntSweetProducts,5
1177,77,MntSweetProducts,2
7141,15,MntSweetProducts,3
7232,99,MntSweetProducts,0
8477,61,MntSweetProducts,5
2457,23,MntSweetProducts,2
988,84,MntSweetProducts,22
7930,74,MntSweetProducts,18
4587,90,MntSweetProducts,0
6682,41,MntSweetProducts,7
6222,28,MntSweetProducts,0
10299,73,MntSweetProducts,49
3083,88,MntSweetProducts,17
8953,94,MntSweetProducts,0
1503,31,MntSweetProducts,1
8650,31,MntSweetProducts,5
10862,6,MntSweetProducts,11
2782,23,MntSweetProducts,0
6941,92,MntSweetProducts,15
10972,52,MntSweetProducts,17
10708,50,MntSweetProducts,4
6583,54,MntSweetProducts,35
3641,93,MntSweetProducts,1
10156,56,MntSweetProducts,31
4299,28,MntSweetProducts,125
3469,94,MntSweetProducts,1
5063,76,MntSweetProducts,3
10727,43,MntSweetProducts,30
9624,46,MntSweetProducts,18
5156,13,MntSweetProducts,121
4376,27,MntSweetProducts,1
8923,12,MntSweetProducts,198
8461,3,MntSweetProducts,0
6945,72,MntSweetProducts,54
944,6,MntSweetProducts,44
1907,53,MntSweetProducts,41
701,58,MntSweetProducts,43
3856,78,MntSweetProducts,50
4149,57,MntSweetProducts,0
2131,37,MntSweetProducts,12
2942,20,MntSweetProducts,3
1173,73,MntSweetProducts,42
4381,56,MntSweetProducts,11
4611,36,MntSweetProducts,21
3376,9,MntSweetProducts,4
4679,42,MntSweetProducts,50
10928,28,MntSweetProducts,31
4248,23,MntSweetProducts,115
6728,38,MntSweetProducts,3
6661,63,MntSweetProducts,80
4725,71,MntSweetProducts,1
3277,9,MntSweetProducts,0
5555,81,MntSweetProducts,1
2564,87,MntSweetProducts,6
946,92,MntSweetProducts,20
3867,36,MntSweetProducts,82
6940,86,MntSweetProducts,1
55,83,MntSweetProducts,11
7093,74,MntSweetProducts,2
5084,87,MntSweetProducts,98
1777,29,MntSweetProducts,7
8162,88,MntSweetProducts,2
10826,77,MntSweetProducts,4
8754,25,MntSweetProducts,0
1987,34,MntSweetProducts,3
11007,43,MntSweetProducts,0
7426,76,MntSweetProducts,9
9153,81,MntSweetProducts,51
10379,87,MntSweetProducts,14
9204,33,MntSweetProducts,106
3197,38,MntSweetProducts,101
2920,63,MntSweetProducts,9
6961,26,MntSweetProducts,3
4673,17,MntSweetProducts,12
9937,75,MntSweetProducts,43
8779,13,MntSweetProducts,1
9596,19,MntSweetProducts,110
2891,51,MntSweetProducts,23
4910,81,MntSweetProducts,134
75,32,MntSweetProducts,61
10120,84,MntSweetProducts,6
6327,87,MntSweetProducts,32
10142,99,MntSweetProducts,48
9826,96,MntSweetProducts,102
1501,21,MntSweetProducts,3
10767,40,MntSweetProducts,40
7279,3,MntSweetProducts,9
7230,98,MntSweetProducts,0
143,73,MntSweetProducts,49
450,90,MntSweetProducts,11
9316,29,MntSweetProducts,7
6379,3,MntSweetProducts,2
9239,94,MntSweetProducts,3
8315,65,MntSweetProducts,0
2868,33,MntSweetProducts,3
10888,46,MntSweetProducts,83
1277,29,MntSweetProducts,22
9977,99,MntSweetProducts,26
10196,26,MntSweetProducts,64
6384,30,MntSweetProducts,12
8029,27,MntSweetProducts,16
968,24,MntSweetProducts,14
6988,93,MntSweetProducts,107
4472,34,MntSweetProducts,2
6991,88,MntSweetProducts,6
3336,96,MntSweetProducts,0
4301,10,MntSweetProducts,2
1940,26,MntSweetProducts,2
1272,49,MntSweetProducts,0
1388,11,MntSweetProducts,14
1044,44,MntSweetProducts,21
6969,75,MntSweetProducts,8
10479,64,MntSweetProducts,160
3619,19,MntSweetProducts,138
1715,45,MntSweetProducts,5
10159,77,MntSweetProducts,122
1463,9,MntSweetProducts,0
5114,1,MntSweetProducts,28
4990,90,MntSweetProducts,28
4329,43,MntSweetProducts,1
10936,79,MntSweetProducts,166
4692,19,MntSweetProducts,7
7212,99,MntSweetProducts,0
6086,62,MntSweetProducts,76
437,41,MntSweetProducts,58
11171,60,MntSweetProducts,3
11101,17,MntSweetProducts,28
5329,24,MntSweetProducts,0
610,60,MntSweetProducts,0
9384,57,MntSweetProducts,24
5956,74,MntSweetProducts,2
10430,22,MntSweetProducts,28
7875,46,MntSweetProducts,50
7072,69,MntSweetProducts,136
6255,29,MntSweetProducts,18
6516,37,MntSweetProducts,4
5564,26,MntSweetProducts,24
5682,8,MntSweetProducts,21
7458,26,MntSweetProducts,3
5237,79,MntSweetProducts,0
7761,71,MntSweetProducts,8
5278,83,MntSweetProducts,31
3560,57,MntSweetProducts,31
7235,37,MntSweetProducts,8
10548,30,MntSweetProducts,106
2281,34,MntSweetProducts,3
4073,0,MntSweetProducts,34
6974,89,MntSweetProducts,56
7938,92,MntSweetProducts,4
7094,87,MntSweetProducts,98
3667,20,MntSweetProducts,27
7723,56,MntSweetProducts,80
3870,28,MntSweetProducts,116
4012,55,MntSweetProducts,12
5909,25,MntSweetProducts,0
10470,0,MntSweetProducts,4
6488,86,MntSweetProducts,0
10270,8,MntSweetProducts,5
6887,33,MntSweetProducts,43
6406,13,MntSweetProducts,67
7573,12,MntSweetProducts,1
4508,92,MntSweetProducts,17
221,90,MntSweetProducts,0
5331,8,MntSweetProducts,0
1911,6,MntSweetProducts,133
20,91,MntSweetProducts,15
8786,52,MntSweetProducts,0
10582,3,MntSweetProducts,32
1915,57,MntSweetProducts,0
8897,9,MntSweetProducts,26
2371,22,MntSweetProducts,4
4303,76,MntSweetProducts,2
6825,86,MntSweetProducts,0
1072,64,MntSweetProducts,0
4964,90,MntSweetProducts,0
2461,79,MntSweetProducts,1
10736,28,MntSweetProducts,120
3194,86,MntSweetProducts,182
10839,42,MntSweetProducts,0
49,39,MntSweetProducts,1
4290,8,MntSweetProducts,5
10219,40,MntSweetProducts,6
4211,5,MntSweetProducts,16
1135,96,MntSweetProducts,2
6299,28,MntSweetProducts,18
10846,22,MntSweetProducts,4
347,30,MntSweetProducts,3
6543,45,MntSweetProducts,76
10446,58,MntSweetProducts,23
3479,49,MntSweetProducts,2
11075,37,MntSweetProducts,2
4442,70,MntSweetProducts,14
199,33,MntSweetProducts,9
6722,98,MntSweetProducts,14
796,17,MntSweetProducts,8
3749,54,MntSweetProducts,91
8523,39,MntSweetProducts,2
310,81,MntSweetProducts,27
8629,71,MntSweetProducts,1
236,62,MntSweetProducts,14
9930,8,MntSweetProducts,148
3483,76,MntSweetProducts,58
4599,66,MntSweetProducts,0
7326,83,MntSweetProducts,7
7352,28,MntSweetProducts,3
2350,87,MntSweetProducts,17
9145,43,MntSweetProducts,161
2964,0,MntSweetProducts,16
5585,1,MntSweetProducts,1
9687,1,MntSweetProducts,30
3732,72,MntSweetProducts,69
6303,72,MntSweetProducts,161
11176,12,MntSweetProducts,4
2986,89,MntSweetProducts,1
7462,67,MntSweetProducts,157
3900,54,MntSweetProducts,7
7034,34,MntSweetProducts,6
9493,15,MntSweetProducts,71
1143,43,MntSweetProducts,11
1,0,MntSweetProducts,0
3855,74,MntSweetProducts,21
5536,61,MntSweetProducts,57
5989,51,MntSweetProducts,153
9499,97,MntSweetProducts,0
6768,75,MntSweetProducts,1
2150,83,MntSweetProducts,56
6646,23,MntSweetProducts,0
4887,65,MntSweetProducts,1
8560,94,MntSweetProducts,5
3321,42,MntSweetProducts,16
11003,10,MntSweetProducts,18
10402,94,MntSweetProducts,1
9904,50,MntSweetProducts,123
6141,46,MntSweetProducts,6
5687,98,MntSweetProducts,31
10856,42,MntSweetProducts,1
5121,30,MntSweetProducts,17
4186,11,MntSweetProducts,8
368,61,MntSweetProducts,44
3312,12,MntSweetProducts,14
11121,76,MntSweetProducts,3
5332,2,MntSweetProducts,35
5848,43,MntSweetProducts,55
10343,27,MntSweetProducts,45
5935,60,MntSweetProducts,7
2895,79,MntSweetProducts,9
10262,96,MntSweetProducts,10
7848,17,MntSweetProducts,0
9477,0,MntSweetProducts,32
4856,38,MntSweetProducts,133
7186,43,MntSweetProducts,0
5794,1,MntSweetProducts,0
1456,25,MntSweetProducts,9
4877,2,MntSweetProducts,0
425,66,MntSweetProducts,25
3007,49,MntSweetProducts,0
1031,5,MntSweetProducts,30
4297,71,MntSweetProducts,1
807,35,MntSweetProducts,0
9553,94,MntSweetProducts,1
4271,80,MntSweetProducts,41
4120,61,MntSweetProducts,13
2036,29,MntSweetProducts,3
115,0,MntSweetProducts,7
4259,80,MntSweetProducts,0
8687,54,MntSweetProducts,20
2447,71,MntSweetProducts,7
10140,27,MntSweetProducts,0
9353,61,MntSweetProducts,66
3623,55,MntSweetProducts,4
738,35,MntSweetProducts,15
7631,34,MntSweetProducts,16
4789,95,MntSweetProducts,143
773,64,MntSweetProducts,9
10602,30,MntSweetProducts,1
1446,12,MntSweetProducts,45
3270,96,MntSweetProducts,18
8443,16,MntSweetProducts,15
9653,16,MntSweetProducts,1
8916,78,MntSweetProducts,0
8017,83,MntSweetProducts,5
5830,96,MntSweetProducts,102
4597,67,MntSweetProducts,92
7023,87,MntSweetProducts,5
8086,34,MntSweetProducts,0
8825,46,MntSweetProducts,24
2930,7,MntSweetProducts,36
1928,73,MntSweetProducts,1
7108,54,MntSweetProducts,2
10925,93,MntSweetProducts,56
9960,52,MntSweetProducts,3
8800,53,MntSweetProducts,49
9224,81,MntSweetProducts,0
5519,8,MntSweetProducts,51
5046,97,MntSweetProducts,169
7037,50,MntSweetProducts,0
905,38,MntSweetProducts,10
8624,61,MntSweetProducts,103
8945,46,MntSweetProducts,1
6445,73,MntSweetProducts,40
2727,19,MntSweetProducts,3
6404,10,MntSweetProducts,7
11074,94,MntSweetProducts,11
10150,10,MntSweetProducts,18
1968,37,MntSweetProducts,0
6534,94,MntSweetProducts,5
9485,23,MntSweetProducts,3
7053,75,MntSweetProducts,28
4654,40,MntSweetProducts,60
9760,24,MntSweetProducts,0
1048,11,MntSweetProducts,9
10619,29,MntSweetProducts,27
9308,51,MntSweetProducts,61
10505,86,MntSweetProducts,9
8362,9,MntSweetProducts,19
2625,30,MntSweetProducts,32
4637,73,MntSweetProducts,0
9972,25,MntSweetProducts,0
4483,67,MntSweetProducts,12
4487,67,MntSweetProducts,7
4988,58,MntSweetProducts,5
8931,82,MntSweetProducts,149
5871,98,MntSweetProducts,24
2008,93,MntSweetProducts,12
3139,53,MntSweetProducts,55
10037,66,MntSweetProducts,91
10673,6,MntSweetProducts,13
5303,42,MntSweetProducts,21
538,78,MntSweetProducts,9
7922,29,MntSweetProducts,0
5692,82,MntSweetProducts,9
4843,92,MntSweetProducts,17
6383,78,MntSweetProducts,1
1628,54,MntSweetProducts,75
1204,45,MntSweetProducts,71
3673,59,MntSweetProducts,24
760,8,MntSweetProducts,15
8957,51,MntSweetProducts,86
4128,51,MntSweetProducts,6
6810,76,MntSweetProducts,70
5386,62,MntSweetProducts,45
8700,86,MntSweetProducts,16
3202,60,MntSweetProducts,0
1328,56,MntSweetProducts,48
8405,83,MntSweetProducts,25
6515,92,MntSweetProducts,8
2882,31,MntSweetProducts,18
7574,80,MntSweetProducts,4
6387,39,MntSweetProducts,0
5320,20,MntSweetProducts,3
5048,53,MntSweetProducts,5
8146,84,MntSweetProducts,0
10031,50,MntSweetProducts,1
5748,96,MntSweetProducts,146
2134,94,MntSweetProducts,41
1523,25,MntSweetProducts,2
9665,48,MntSweetProducts,0
4640,65,MntSweetProducts,123
3635,69,MntSweetProducts,0
3547,12,MntSweetProducts,16
2456,84,MntSweetProducts,17
5633,47,MntSweetProducts,10
7801,87,MntSweetProducts,59
10489,35,MntSweetProducts,24
7011,47,MntSweetProducts,9
2620,48,MntSweetProducts,0
3933,46,MntSweetProducts,72
10981,27,MntSweetProducts,137
1734,37,MntSweetProducts,2
10995,8,MntSweetProducts,7
6357,29,MntSweetProducts,57
9209,85,MntSweetProducts,92
10286,2,MntSweetProducts,35
2611,66,MntSweetProducts,18
1600,60,MntSweetProducts,3
3308,54,MntSweetProducts,11
5407,70,MntSweetProducts,0
2166,55,MntSweetProducts,0
3955,20,MntSweetProducts,0
6634,78,MntSweetProducts,0
3056,63,MntSweetProducts,87
5718,17,MntSweetProducts,42
6872,43,MntSweetProducts,7
8164,13,MntSweetProducts,55
4580,46,MntSweetProducts,91
9305,65,MntSweetProducts,37
453,1,MntSweetProducts,1
8545,6,MntSweetProducts,69
9850,32,MntSweetProducts,0
7378,34,MntSweetProducts,5
7646,70,MntSweetProducts,35
1640,49,MntSweetProducts,6
5184,65,MntSweetProducts,0
8492,25,MntSweetProducts,58
11188,84,MntSweetProducts,17
1212,7,MntSweetProducts,41
9097,34,MntSweetProducts,2
10473,38,MntSweetProducts,0
7962,1,MntSweetProducts,20
9984,25,MntSweetProducts,5
5527,25,MntSweetProducts,13
6374,50,MntSweetProducts,2
7453,46,MntSweetProducts,56
8952,96,MntSweetProducts,38
241,57,MntSweetProducts,31
8975,47,MntSweetProducts,1
6119,52,MntSweetProducts,0
5236,30,MntSweetProducts,178
5723,63,MntSweetProducts,1
1710,51,MntSweetProducts,12
1970,14,MntSweetProducts,0
5313,20,MntSweetProducts,0
10634,56,MntSweetProducts,43
7010,41,MntSweetProducts,152
8562,72,MntSweetProducts,6
3158,1,MntSweetProducts,5
4436,27,MntSweetProducts,20
5287,77,MntSweetProducts,1
2445,87,MntSweetProducts,0
6059,81,MntSweetProducts,0
4550,51,MntSweetProducts,0
4240,79,MntSweetProducts,0
8911,11,MntSweetProducts,77
3706,54,MntSweetProducts,12
3628,93,MntSweetProducts,12
10175,0,MntSweetProducts,0
8985,54,MntSweetProducts,11
5204,21,MntSweetProducts,112
9220,58,MntSweetProducts,115
9888,3,MntSweetProducts,50
5263,99,MntSweetProducts,8
1020,70,MntSweetProducts,133
9503,65,MntSweetProducts,26
10613,44,MntSweetProducts,2
67,6,MntSweetProducts,0
6019,9,MntSweetProducts,4
5863,95,MntSweetProducts,26
3717,70,MntSweetProducts,24
6730,92,MntSweetProducts,0
10749,62,MntSweetProducts,12
4998,85,MntSweetProducts,33
6287,2,MntSweetProducts,0
5985,0,MntSweetProducts,1
4754,91,MntSweetProducts,6
4002,3,MntSweetProducts,53
8870,68,MntSweetProducts,39
966,98,MntSweetProducts,6
4767,41,MntSweetProducts,152
9725,16,MntSweetProducts,0
4475,82,MntSweetProducts,0
5740,1,MntSweetProducts,5
5731,64,MntSweetProducts,0
7290,68,MntSweetProducts,0
3846,98,MntSweetProducts,5
8104,32,MntSweetProducts,0
4507,87,MntSweetProducts,14
11013,84,MntSweetProducts,54
4491,3,MntSweetProducts,0
3759,34,MntSweetProducts,0
1162,23,MntSweetProducts,59
2055,37,MntSweetProducts,2
10766,22,MntSweetProducts,0
4415,19,MntSweetProducts,3
3005,7,MntSweetProducts,44
2223,52,MntSweetProducts,116
4817,91,MntSweetProducts,4
2875,93,MntSweetProducts,8
10536,78,MntSweetProducts,1
11112,23,MntSweetProducts,76
3807,83,MntSweetProducts,21
9197,92,MntSweetProducts,0
10832,4,MntSweetProducts,10
6421,32,MntSweetProducts,138
4207,27,MntSweetProducts,44
577,10,MntSweetProducts,3
10855,9,MntSweetProducts,10
3081,65,MntSweetProducts,0
3535,68,MntSweetProducts,92
247,16,MntSweetProducts,13
8707,12,MntSweetProducts,83
9523,95,MntSweetProducts,0
6072,16,MntSweetProducts,38
6295,46,MntSweetProducts,0
10914,3,MntSweetProducts,1
1509,80,MntSweetProducts,54
5577,77,MntSweetProducts,1
7348,0,MntSweetProducts,32
1127,62,MntSweetProducts,95
1833,91,MntSweetProducts,8
4944,24,MntSweetProducts,21
9080,2,MntSweetProducts,3
6466,22,MntSweetProducts,1
9964,56,MntSweetProducts,30
4790,54,MntSweetProducts,16
10245,71,MntSweetProducts,39
1109,38,MntSweetProducts,0
6001,62,MntSweetProducts,35
5538,78,MntSweetProducts,161
10552,18,MntSweetProducts,9
1545,95,MntSweetProducts,19
7409,66,MntSweetProducts,7
4444,28,MntSweetProducts,6
146,78,MntSweetProducts,93
6271,13,MntSweetProducts,0
10065,27,MntSweetProducts,8
4741,17,MntSweetProducts,32
246,71,MntSweetProducts,21
375,79,MntSweetProducts,33
1524,1,MntSweetProducts,160
10022,78,MntSweetProducts,0
7451,23,MntSweetProducts,115
11010,75,MntSweetProducts,1
4356,70,MntSweetProducts,14
3885,10,MntSweetProducts,0
1175,24,MntSweetProducts,28
880,47,MntSweetProducts,6
2320,98,MntSweetProducts,5
850,4,MntSweetProducts,28
4713,15,MntSweetProducts,1
675,67,MntSweetProducts,13
5025,32,MntSweetProducts,20
2308,40,MntSweetProducts,23
5995,54,MntSweetProducts,24
6749,78,MntSweetProducts,47
1010,94,MntSweetProducts,1
8977,51,MntSweetProducts,3
4756,42,MntSweetProducts,33
3412,67,MntSweetProducts,0
606,87,MntSweetProducts,0
5961,29,MntSweetProducts,3
2975,89,MntSweetProducts,30
2894,74,MntSweetProducts,19
7613,97,MntSweetProducts,8
10542,63,MntSweetProducts,4
8015,88,MntSweetProducts,0
10617,34,MntSweetProducts,2
11166,81,MntSweetProducts,2
849,65,MntSweetProducts,72
523,51,MntSweetProducts,15
4066,76,MntSweetProducts,8
8414,76,MntSweetProducts,0
819,84,MntSweetProducts,38
4961,56,MntSweetProducts,2
749,31,MntSweetProducts,4
5430,0,MntSweetProducts,19
7755,91,MntSweetProducts,0
10525,40,MntSweetProducts,0
1453,59,MntSweetProducts,20
8310,96,MntSweetProducts,112
10710,61,MntSweetProducts,0
5031,14,MntSweetProducts,137
2613,16,MntSweetProducts,13
213,98,MntSweetProducts,0
967,11,MntSweetProducts,14
1077,52,MntSweetProducts,172
7959,19,MntSweetProducts,13
640,61,MntSweetProducts,17
4252,73,MntSweetProducts,7
8432,0,MntSweetProducts,19
6218,74,MntSweetProducts,0
6905,55,MntSweetProducts,26
5922,48,MntSweetProducts,0
3598,53,MntSweetProducts,29
6116,13,MntSweetProducts,7
6263,34,MntSweetProducts,7
10486,54,MntSweetProducts,151
2410,69,MntSweetProducts,60
193,81,MntSweetProducts,3
3363,99,MntSweetProducts,6
8278,3,MntSweetProducts,99
10660,61,MntSweetProducts,0
8686,65,MntSweetProducts,18
1604,93,MntSweetProducts,8
5907,24,MntSweetProducts,0
10669,8,MntSweetProducts,21
2918,72,MntSweetProducts,4
5735,29,MntSweetProducts,144
359,33,MntSweetProducts,9
8387,68,MntSweetProducts,0
1829,55,MntSweetProducts,0
3839,76,MntSweetProducts,6
9392,17,MntSweetProducts,0
2292,94,MntSweetProducts,0
10466,86,MntSweetProducts,2
9855,25,MntSweetProducts,0
4088,22,MntSweetProducts,1
5231,15,MntSweetProducts,2
590,35,MntSweetProducts,66
8732,81,MntSweetProducts,14
2315,55,MntSweetProducts,29
3515,94,MntSweetProducts,6
2245,50,MntSweetProducts,2
6283,64,MntSweetProducts,7
2246,91,MntSweetProducts,15
6606,11,MntSweetProducts,0
5545,72,MntSweetProducts,35
7342,6,MntSweetProducts,151
837,0,MntSweetProducts,13
9500,66,MntSweetProducts,78
3602,42,MntSweetProducts,5
234,60,MntSweetProducts,3
2995,64,MntSweetProducts,10
1118,87,MntSweetProducts,6
7789,96,MntSweetProducts,66
3068,1,MntSweetProducts,14
8955,54,MntSweetProducts,0
945,53,MntSweetProducts,2
5644,96,MntSweetProducts,3
7192,58,MntSweetProducts,78
2324,12,MntSweetProducts,34
697,78,MntSweetProducts,19
3439,64,MntSweetProducts,13
1506,26,MntSweetProducts,15
232,8,MntSweetProducts,14
8876,49,MntSweetProducts,0
4500,56,MntSweetProducts,30
9739,55,MntSweetProducts,1
10395,25,MntSweetProducts,6
1176,50,MntSweetProducts,1
1627,84,MntSweetProducts,122
938,30,MntSweetProducts,1
2740,81,MntSweetProducts,2
257,74,MntSweetProducts,12
4058,76,MntSweetProducts,7
7736,36,MntSweetProducts,2
8210,64,MntSweetProducts,7
833,62,MntSweetProducts,0
6230,53,MntSweetProducts,1
7325,86,MntSweetProducts,1
1307,15,MntSweetProducts,3
1502,67,MntSweetProducts,3
6211,47,MntSweetProducts,1
843,47,MntSweetProducts,147
4174,81,MntSweetProducts,0
9757,98,MntSweetProducts,30
6918,56,MntSweetProducts,0
286,48,MntSweetProducts,4
11086,18,MntSweetProducts,6
1921,74,MntSweetProducts,0
4138,68,MntSweetProducts,115
7718,36,MntSweetProducts,0
1291,90,MntSweetProducts,12
6862,65,MntSweetProducts,1
4136,63,MntSweetProducts,26
803,82,MntSweetProducts,0
4298,63,MntSweetProducts,0
10833,55,MntSweetProducts,0
9606,64,MntSweetProducts,29
8534,51,MntSweetProducts,48
5153,97,MntSweetProducts,59
961,92,MntSweetProducts,195
5011,51,MntSweetProducts,23
6653,72,MntSweetProducts,11
9094,39,MntSweetProducts,0
810,49,MntSweetProducts,91
5493,21,MntSweetProducts,0
2147,91,MntSweetProducts,189
5107,37,MntSweetProducts,2
3979,98,MntSweetProducts,34
6049,85,MntSweetProducts,69
8147,40,MntSweetProducts,0
1857,2,MntSweetProducts,2
3910,78,MntSweetProducts,161
5207,41,MntSweetProducts,6
11114,94,MntSweetProducts,8
5429,10,MntSweetProducts,1
9400,73,MntSweetProducts,18
1740,22,MntSweetProducts,9
7488,30,MntSweetProducts,38
195,21,MntSweetProducts,19
635,51,MntSweetProducts,0
7527,97,MntSweetProducts,15
10319,56,MntSweetProducts,12
2296,4,MntSweetProducts,2
10637,77,MntSweetProducts,30
2931,95,MntSweetProducts,63
907,36,MntSweetProducts,0
3698,13,MntSweetProducts,55
9516,90,MntSweetProducts,98
679,49,MntSweetProducts,0
7384,18,MntSweetProducts,26
5043,89,MntSweetProducts,49
5267,43,MntSweetProducts,1
339,82,MntSweetProducts,0
2516,84,MntSweetProducts,4
9010,80,MntSweetProducts,42
378,68,MntSweetProducts,72
4808,12,MntSweetProducts,0
5068,75,MntSweetProducts,1
7628,10,MntSweetProducts,3
7128,91,MntSweetProducts,1
2811,21,MntSweetProducts,0
3551,28,MntSweetProducts,11
1663,97,MntSweetProducts,0
5543,49,MntSweetProducts,21
1577,14,MntSweetProducts,175
10641,5,MntSweetProducts,4
5336,37,MntSweetProducts,0
6024,62,MntSweetProducts,45
1878,83,MntSweetProducts,3
3099,48,MntSweetProducts,5
6055,94,MntSweetProducts,145
5841,61,MntSweetProducts,0
3972,70,MntSweetProducts,6
4394,43,MntSweetProducts,29
5758,23,MntSweetProducts,0
6658,37,MntSweetProducts,10
4603,50,MntSweetProducts,58
8427,78,MntSweetProducts,0
10260,74,MntSweetProducts,5
7143,14,MntSweetProducts,162
8789,77,MntSweetProducts,40
6197,39,MntSweetProducts,0
4554,89,MntSweetProducts,10
4937,62,MntSweetProducts,2
1920,59,MntSweetProducts,0
8749,68,MntSweetProducts,6
1650,13,MntSweetProducts,69
10377,37,MntSweetProducts,12
9206,36,MntSweetProducts,105
10971,28,MntSweetProducts,2
6398,2,MntSweetProducts,0
9212,17,MntSweetProducts,14
7937,86,MntSweetProducts,3
839,54,MntSweetProducts,1
4246,2,MntSweetProducts,3
158,3,MntSweetProducts,75
4832,84,MntSweetProducts,24
5621,8,MntSweetProducts,15
1945,4,MntSweetProducts,96
5147,57,MntSweetProducts,187
2535,24,MntSweetProducts,126
11039,51,MntSweetProducts,30
9495,29,MntSweetProducts,97
9635,13,MntSweetProducts,3
2173,23,MntSweetProducts,3
942,36,MntSweetProducts,13
9386,88,MntSweetProducts,6
5510,2,MntSweetProducts,10
873,3,MntSweetProducts,0
2253,15,MntSweetProducts,4
5181,58,MntSweetProducts,11
979,11,MntSweetProducts,14
10390,27,MntSweetProducts,4
4698,32,MntSweetProducts,61
7793,12,MntSweetProducts,30
1745,88,MntSweetProducts,0
10590,91,MntSweetProducts,29
5080,12,MntSweetProducts,64
8369,21,MntSweetProducts,3
5232,23,MntSweetProducts,15
2407,10,MntSweetProducts,29
3834,35,MntSweetProducts,30
7912,69,MntSweetProducts,20
7712,68,MntSweetProducts,70
1065,85,MntSweetProducts,37
7275,34,MntSweetProducts,4
1343,55,MntSweetProducts,0
1384,10,MntSweetProducts,8
9967,30,MntSweetProducts,11
6181,36,MntSweetProducts,108
10507,14,MntSweetProducts,7
2674,79,MntSweetProducts,143
2698,52,MntSweetProducts,0
3231,97,MntSweetProducts,2
4096,24,MntSweetProducts,14
10476,0,MntSweetProducts,2
5948,96,MntSweetProducts,8
9140,89,MntSweetProducts,7
10258,94,MntSweetProducts,0
5675,98,MntSweetProducts,0
4743,72,MntSweetProducts,8
8805,1,MntSweetProducts,13
1542,26,MntSweetProducts,3
6770,5,MntSweetProducts,5
8773,22,MntSweetProducts,0
10475,39,MntSweetProducts,20
10420,56,MntSweetProducts,9
7514,74,MntSweetProducts,10
2902,87,MntSweetProducts,2
4345,49,MntSweetProducts,0
793,24,MntSweetProducts,0
10909,9,MntSweetProducts,19
3769,17,MntSweetProducts,0
8702,10,MntSweetProducts,3
4791,35,MntSweetProducts,0
2963,56,MntSweetProducts,80
8216,7,MntSweetProducts,7
8140,51,MntSweetProducts,2
10146,17,MntSweetProducts,0
5289,30,MntSweetProducts,4
2587,21,MntSweetProducts,0
4405,2,MntSweetProducts,0
8663,85,MntSweetProducts,0
2589,65,MntSweetProducts,5
3421,64,MntSweetProducts,7
10490,11,MntSweetProducts,0
4094,92,MntSweetProducts,5
9958,54,MntSweetProducts,7
2534,4,MntSweetProducts,2
4188,53,MntSweetProducts,0
6613,39,MntSweetProducts,14
10827,49,MntSweetProducts,1
5491,70,MntSweetProducts,0
8402,40,MntSweetProducts,35
8783,40,MntSweetProducts,13
10010,43,MntSweetProducts,1
618,17,MntSweetProducts,46
9121,40,MntSweetProducts,0
361,84,MntSweetProducts,1
4310,25,MntSweetProducts,40
2678,62,MntSweetProducts,36
6376,83,MntSweetProducts,8
524,47,MntSweetProducts,6
10341,45,MntSweetProducts,30
5654,34,MntSweetProducts,4
4098,3,MntSweetProducts,4
5824,1,MntSweetProducts,0
7000,18,MntSweetProducts,8
2561,45,MntSweetProducts,12
5229,81,MntSweetProducts,0
4086,77,MntSweetProducts,4
2428,23,MntSweetProducts,8
8254,48,MntSweetProducts,0
2836,61,MntSweetProducts,0
8418,60,MntSweetProducts,6
1362,75,MntSweetProducts,16
7152,64,MntSweetProducts,0
10033,54,MntSweetProducts,2
9349,84,MntSweetProducts,147
274,75,MntSweetProducts,3
3388,16,MntSweetProducts,67
922,79,MntSweetProducts,0
8588,92,MntSweetProducts,5
2518,16,MntSweetProducts,2
574,96,MntSweetProducts,26
3220,30,MntSweetProducts,1
5967,60,MntSweetProducts,5
1183,11,MntSweetProducts,2
6856,75,MntSweetProducts,5
4530,36,MntSweetProducts,26
1553,71,MntSweetProducts,105
4682,88,MntSweetProducts,48
8204,93,MntSweetProducts,160
5221,93,MntSweetProducts,0
1232,54,MntSweetProducts,54
1927,41,MntSweetProducts,8
5788,46,MntSweetProducts,7
6652,28,MntSweetProducts,54
6246,40,MntSweetProducts,58
5975,82,MntSweetProducts,0
6875,38,MntSweetProducts,13
4399,3,MntSweetProducts,50
4042,87,MntSweetProducts,1
2157,49,MntSweetProducts,5
10133,16,MntSweetProducts,114
2525,65,MntSweetProducts,64
8233,9,MntSweetProducts,5
9483,24,MntSweetProducts,5
2945,25,MntSweetProducts,0
10403,43,MntSweetProducts,5
5074,10,MntSweetProducts,0
10524,29,MntSweetProducts,41
4690,45,MntSweetProducts,10
7521,57,MntSweetProducts,31
7196,20,MntSweetProducts,0
4406,29,MntSweetProducts,56
9672,82,MntSweetProducts,4
4864,68,MntSweetProducts,1
4706,65,MntSweetProducts,1
4070,99,MntSweetProducts,0
25,9,MntSweetProducts,12
3697,20,MntSweetProducts,7
217,78,MntSweetProducts,0
4220,26,MntSweetProducts,1
5286,68,MntSweetProducts,7
9559,79,MntSweetProducts,0
2849,25,MntSweetProducts,9
7787,83,MntSweetProducts,21
3102,32,MntSweetProducts,5
5868,49,MntSweetProducts,5
8370,50,MntSweetProducts,194
9988,84,MntSweetProducts,67
2939,96,MntSweetProducts,15
5529,56,MntSweetProducts,0
9743,85,MntSweetProducts,35
5763,63,MntSweetProducts,0
3478,17,MntSweetProducts,42
7494,11,MntSweetProducts,2
1763,62,MntSweetProducts,148
7250,48,MntSweetProducts,23
2005,86,MntSweetProducts,5
10770,73,MntSweetProducts,85
6885,36,MntSweetProducts,1
2072,34,MntSweetProducts,10
9463,16,MntSweetProducts,98
6318,48,MntSweetProducts,89
4093,61,MntSweetProducts,9
5751,54,MntSweetProducts,2
3340,56,MntSweetProducts,15
3594,74,MntSweetProducts,6
3584,35,MntSweetProducts,13
3643,65,MntSweetProducts,8
851,48,MntSweetProducts,109
7706,88,MntSweetProducts,151
3967,19,MntSweetProducts,152
10128,21,MntSweetProducts,24
486,27,MntSweetProducts,137
9,86,MntSweetProducts,0
9451,92,MntSweetProducts,137
9264,1,MntSweetProducts,197
3865,14,MntSweetProducts,13
2853,74,MntSweetProducts,20
1490,84,MntSweetProducts,7
6310,4,MntSweetProducts,8
10380,50,MntSweetProducts,3
3887,2,MntSweetProducts,1
4278,73,MntSweetProducts,74
8643,21,MntSweetProducts,70
1998,82,MntSweetProducts,4
10795,14,MntSweetProducts,1
11110,56,MntSweetProducts,0
2408,20,MntSweetProducts,28
202,54,MntSweetProducts,125
7998,77,MntSweetProducts,0
830,5,MntSweetProducts,176
3536,65,MntSweetProducts,4
6050,33,MntSweetProducts,14
125,65,MntSweetProducts,0
3463,41,MntSweetProducts,26
2804,86,MntSweetProducts,0
3745,92,MntSweetProducts,10
9771,97,MntSweetProducts,15
451,91,MntSweetProducts,0
10530,0,MntSweetProducts,20
1079,59,MntSweetProducts,0
8920,4,MntSweetProducts,0
6678,5,MntSweetProducts,2
3852,48,MntSweetProducts,27
528,99,MntSweetProducts,165
73,81,MntSweetProducts,0
5589,95,MntSweetProducts,7
10212,43,MntSweetProducts,4
6365,5,MntSweetProducts,1
5636,50,MntSweetProducts,1
591,76,MntSweetProducts,59
2217,46,MntSweetProducts,1
2544,68,MntSweetProducts,7
7725,33,MntSweetProducts,71
8091,50,MntSweetProducts,97
7321,85,MntSweetProducts,33
5462,63,MntSweetProducts,80
7791,89,MntSweetProducts,1
955,81,MntSweetProducts,2
4037,77,MntSweetProducts,0
6642,50,MntSweetProducts,9
2793,10,MntSweetProducts,44
5424,30,MntSweetProducts,1
879,66,MntSweetProducts,0
9530,16,MntSweetProducts,1
4828,12,MntSweetProducts,121
10699,30,MntSweetProducts,0
1497,8,MntSweetProducts,3
7476,93,MntSweetProducts,12
4390,14,MntSweetProducts,23
10478,53,MntSweetProducts,6
1081,26,MntSweetProducts,19
4261,23,MntSweetProducts,68
9916,92,MntSweetProducts,0
5350,29,MntSweetProducts,144
8135,41,MntSweetProducts,0
8685,56,MntSweetProducts,15
4967,19,MntSweetProducts,0
2130,4,MntSweetProducts,8
9298,89,MntSweetProducts,35
8175,71,MntSweetProducts,10
6257,81,MntSweetProducts,14
3790,31,MntSweetProducts,0
9952,53,MntSweetProducts,43
3503,78,MntSweetProducts,32
5223,80,MntSweetProducts,10
4608,18,MntSweetProducts,65
1626,37,MntSweetProducts,2
4764,52,MntSweetProducts,22
2471,39,MntSweetProducts,66
5892,11,MntSweetProducts,2
2612,33,MntSweetProducts,32
4971,22,MntSweetProducts,1
5185,83,MntSweetProducts,174
10069,43,MntSweetProducts,15
2262,74,MntSweetProducts,5
1131,54,MntSweetProducts,0
1041,3,MntSweetProducts,3
24,96,MntSweetProducts,2
3409,68,MntSweetProducts,11
7022,2,MntSweetProducts,80
7943,40,MntSweetProducts,3
5272,64,MntSweetProducts,4
5453,26,MntSweetProducts,151
2565,69,MntSweetProducts,12
800,57,MntSweetProducts,0
11092,78,MntSweetProducts,2
5062,71,MntSweetProducts,0
8969,59,MntSweetProducts,112
4656,28,MntSweetProducts,32
4480,61,MntSweetProducts,3
9971,22,MntSweetProducts,0
6729,95,MntSweetProducts,118
1773,38,MntSweetProducts,7
9242,19,MntSweetProducts,25
1764,92,MntSweetProducts,7
6215,24,MntSweetProducts,1
10099,21,MntSweetProducts,69
5423,35,MntSweetProducts,1
940,9,MntSweetProducts,11
3011,23,MntSweetProducts,15
3298,92,MntSweetProducts,9
8286,55,MntSweetProducts,1
9668,14,MntSweetProducts,17
5120,78,MntSweetProducts,96
6097,64,MntSweetProducts,4
7019,49,MntSweetProducts,26
7408,8,MntSweetProducts,0
8041,35,MntSweetProducts,112
252,11,MntSweetProducts,44
9986,8,MntSweetProducts,2
3276,53,MntSweetProducts,5
3859,36,MntSweetProducts,82
3570,64,MntSweetProducts,2
3783,43,MntSweetProducts,1
10207,40,MntSweetProducts,0
10906,52,MntSweetProducts,19
3427,11,MntSweetProducts,0
5209,21,MntSweetProducts,16
10711,23,MntSweetProducts,23
10785,17,MntSweetProducts,0
2814,6,MntSweetProducts,5
6866,56,MntSweetProducts,3
1665,71,MntSweetProducts,15
6575,51,MntSweetProducts,32
3829,94,MntSweetProducts,0
3091,27,MntSweetProducts,14
10141,1,MntSweetProducts,3
5177,56,MntSweetProducts,0
7005,71,MntSweetProducts,7
6409,18,MntSweetProducts,12
7485,48,MntSweetProducts,2
8079,86,MntSweetProducts,2
8395,48,MntSweetProducts,163
10352,2,MntSweetProducts,3
4931,13,MntSweetProducts,1
13,57,MntSweetProducts,0
1834,77,MntSweetProducts,1
2285,0,MntSweetProducts,3
2295,57,MntSweetProducts,46
1378,24,MntSweetProducts,16
2781,55,MntSweetProducts,51
1165,62,MntSweetProducts,4
1404,89,MntSweetProducts,0
6457,77,MntSweetProducts,24
2639,45,MntSweetProducts,3
8299,46,MntSweetProducts,0
6437,80,MntSweetProducts,3
6912,60,MntSweetProducts,22
7327,71,MntSweetProducts,1
5299,43,MntSweetProducts,30
4127,97,MntSweetProducts,59
8143,49,MntSweetProducts,2
1964,66,MntSweetProducts,196
3690,20,MntSweetProducts,40
3433,54,MntSweetProducts,35
3389,61,MntSweetProducts,107
4712,18,MntSweetProducts,11
1170,45,MntSweetProducts,15
6347,26,MntSweetProducts,9
4065,0,MntSweetProducts,0
8230,28,MntSweetProducts,4
1215,49,MntSweetProducts,102
5939,84,MntSweetProducts,6
2156,38,MntSweetProducts,0
7788,53,MntSweetProducts,0
10323,88,MntSweetProducts,2
7947,99,MntSweetProducts,1
1891,12,MntSweetProducts,83
2570,35,MntSweetProducts,0
9256,5,MntSweetProducts,80
295,77,MntSweetProducts,40
7397,45,MntSweetProducts,0
6349,71,MntSweetProducts,48
10790,40,MntSweetProducts,0
10398,82,MntSweetProducts,2
2431,70,MntSweetProducts,6
550,87,MntSweetProducts,6
1890,95,MntSweetProducts,0
10742,72,MntSweetProducts,20
10356,5,MntSweetProducts,0
4676,86,MntSweetProducts,107
8852,80,MntSweetProducts,45
3565,62,MntSweetProducts,0
5294,49,MntSweetProducts,4
1958,85,MntSweetProducts,0
7349,7,MntSweetProducts,16
8799,6,MntSweetProducts,3
1351,25,MntSweetProducts,24
1045,55,MntSweetProducts,0
7732,81,MntSweetProducts,97
8070,98,MntSweetProducts,12
477,31,MntSweetProducts,20
7832,30,MntSweetProducts,88
2202,98,MntSweetProducts,3
7396,92,MntSweetProducts,35
4055,41,MntSweetProducts,9
10340,68,MntSweetProducts,39
10091,78,MntSweetProducts,81
7629,46,MntSweetProducts,2
10640,71,MntSweetProducts,12
3498,6,MntSweetProducts,53
6742,82,MntSweetProducts,1
1172,71,MntSweetProducts,25
569,32,MntSweetProducts,74
4686,28,MntSweetProducts,95
1381,20,MntSweetProducts,0
2634,10,MntSweetProducts,4
10905,7,MntSweetProducts,0
1744,67,MntSweetProducts,2
1000,48,MntSweetProducts,27
3828,61,MntSweetProducts,174
8605,36,MntSweetProducts,0
10304,77,MntSweetProducts,4
4351,90,MntSweetProducts,0
10129,35,MntSweetProducts,107
2499,38,MntSweetProducts,118
10092,46,MntSweetProducts,14
7500,33,MntSweetProducts,43
5796,70,MntSweetProducts,44
10556,51,MntSweetProducts,3
1064,18,MntSweetProducts,5
48,97,MntSweetProducts,3
7610,32,MntSweetProducts,23
263,9,MntSweetProducts,14
10814,6,MntSweetProducts,26
9710,80,MntSweetProducts,0
9292,74,MntSweetProducts,118
10250,49,MntSweetProducts,4
7881,21,MntSweetProducts,17
5847,95,MntSweetProducts,92
737,56,MntSweetProducts,43
3571,48,MntSweetProducts,10
7807,26,MntSweetProducts,10
3878,3,MntSweetProducts,8
5092,39,MntSweetProducts,0
2154,33,MntSweetProducts,3
5394,42,MntSweetProducts,8
3798,80,MntSweetProducts,8
3524,9,MntSweetProducts,6
5247,52,MntSweetProducts,1
5883,78,MntSweetProducts,126
2118,68,MntSweetProducts,107
8812,45,MntSweetProducts,0
6616,47,MntSweetProducts,66
2797,34,MntSweetProducts,60
4328,81,MntSweetProducts,14
9167,72,MntSweetProducts,35
10560,23,MntSweetProducts,0
2631,29,MntSweetProducts,97
8312,80,MntSweetProducts,14
5534,30,MntSweetProducts,0
5093,15,MntSweetProducts,7
7592,86,MntSweetProducts,9
8895,68,MntSweetProducts,0
8584,54,MntSweetProducts,53
2694,44,MntSweetProducts,0
8910,7,MntSweetProducts,0
7433,87,MntSweetProducts,5
164,59,MntSweetProducts,2
10477,16,MntSweetProducts,0
2681,1,MntSweetProducts,89
5150,64,MntSweetProducts,10
5283,72,MntSweetProducts,4
9645,98,MntSweetProducts,46
10678,91,MntSweetProducts,26
7261,8,MntSweetProducts,3
9648,20,MntSweetProducts,9
2870,6,MntSweetProducts,8
8008,54,MntSweetProducts,1
1513,72,MntSweetProducts,150
6173,46,MntSweetProducts,35
1419,11,MntSweetProducts,8
9150,21,MntSweetProducts,0
7960,89,MntSweetProducts,25
1250,82,MntSweetProducts,4
9905,69,MntSweetProducts,1
10691,55,MntSweetProducts,2
7002,13,MntSweetProducts,45
2952,80,MntSweetProducts,2
8439,97,MntSweetProducts,44
762,27,MntSweetProducts,14
2831,99,MntSweetProducts,38
6977,87,MntSweetProducts,37
6289,85,MntSweetProducts,4
4168,30,MntSweetProducts,15
8397,82,MntSweetProducts,0
9284,21,MntSweetProducts,24
6237,92,MntSweetProducts,2
3130,95,MntSweetProducts,6
1619,2,MntSweetProducts,23
1990,74,MntSweetProducts,86
5513,49,MntSweetProducts,0
269,71,MntSweetProducts,51
8093,72,MntSweetProducts,62
10513,68,MntSweetProducts,169
10177,4,MntSweetProducts,138
2549,80,MntSweetProducts,0
5782,15,MntSweetProducts,77
10057,70,MntSweetProducts,139
10307,91,MntSweetProducts,14
8566,10,MntSweetProducts,0
2415,99,MntSweetProducts,35
5684,25,MntSweetProducts,0
8334,34,MntSweetProducts,4
9166,57,MntSweetProducts,35
1440,84,MntSweetProducts,188
78,51,MntSweetProducts,2
5441,97,MntSweetProducts,3
5302,13,MntSweetProducts,24
4687,92,MntSweetProducts,0
1087,30,MntSweetProducts,22
6859,30,MntSweetProducts,9
9860,11,MntSweetProducts,1
7129,72,MntSweetProducts,26
5866,39,MntSweetProducts,7
10521,0,MntSweetProducts,13
7393,15,MntSweetProducts,0
7849,12,MntSweetProducts,142
332,56,MntSweetProducts,12
9847,39,MntSweetProducts,0
531,55,MntSweetProducts,58
9576,60,MntSweetProducts,4
6906,73,MntSweetProducts,72
7419,90,MntSweetProducts,2
3170,86,MntSweetProducts,57
8527,37,MntSweetProducts,15
7872,7,MntSweetProducts,21
9931,29,MntSweetProducts,1
10595,19,MntSweetProducts,4
4609,14,MntSweetProducts,4
5010,72,MntSweetProducts,1
4427,56,MntSweetProducts,107
11148,85,MntSweetProducts,1
1168,62,MntSweetProducts,40
9595,1,MntSweetProducts,0
10163,28,MntSweetProducts,38
2886,70,MntSweetProducts,12
6710,84,MntSweetProducts,5
5316,89,MntSweetProducts,2
9029,73,MntSweetProducts,58
521,42,MntSweetProducts,24
1459,16,MntSweetProducts,8
10241,16,MntSweetProducts,2
1630,56,MntSweetProducts,30
3254,65,MntSweetProducts,88
9064,10,MntSweetProducts,29
3678,13,MntSweetProducts,0
4227,78,MntSweetProducts,2
9467,51,MntSweetProducts,0
8486,27,MntSweetProducts,3
2186,30,MntSweetProducts,81
3286,71,MntSweetProducts,2
8602,97,MntSweetProducts,105
3722,83,MntSweetProducts,0
6715,3,MntSweetProducts,6
4796,71,MntSweetProducts,5
9612,3,MntSweetProducts,8
3766,15,MntSweetProducts,94
1399,52,MntSweetProducts,165
1570,8,MntSweetProducts,19
3426,89,MntSweetProducts,46
3074,66,MntSweetProducts,143
8341,22,MntSweetProducts,1
5180,56,MntSweetProducts,1
6461,74,MntSweetProducts,8
7679,48,MntSweetProducts,1
10702,67,MntSweetProducts,56
7505,24,MntSweetProducts,0
5113,67,MntSweetProducts,83
10858,38,MntSweetProducts,138
2961,86,MntSweetProducts,6
2747,90,MntSweetProducts,38
3010,87,MntSweetProducts,95
5790,62,MntSweetProducts,0
6892,23,MntSweetProducts,0
1743,99,MntSweetProducts,14
3578,29,MntSweetProducts,10
8462,52,MntSweetProducts,0
5558,90,MntSweetProducts,63
4619,9,MntSweetProducts,262
8780,71,MntSweetProducts,14
10789,13,MntSweetProducts,0
10779,16,MntSweetProducts,4
5896,94,MntSweetProducts,7
2337,77,MntSweetProducts,1
10951,20,MntSweetProducts,0
544,51,MntSweetProducts,61
17,81,MntSweetProducts,19
10680,71,MntSweetProducts,1
3265,36,MntSweetProducts,3
5623,95,MntSweetProducts,0
5832,32,MntSweetProducts,23
5544,32,MntSweetProducts,53
6417,85,MntSweetProducts,92
5831,93,MntSweetProducts,50
7101,24,MntSweetProducts,0
10176,44,MntSweetProducts,0
2326,15,MntSweetProducts,4
4385,82,MntSweetProducts,2
2929,27,MntSweetProducts,20
10686,72,MntSweetProducts,0
2546,7,MntSweetProducts,5
3283,57,MntSweetProducts,185
3138,84,MntSweetProducts,108
4994,53,MntSweetProducts,66
7966,48,MntSweetProducts,22
3112,2,MntSweetProducts,4
10872,65,MntSweetProducts,0
2181,45,MntSweetProducts,46
1867,42,MntSweetProducts,84
1518,29,MntSweetProducts,91
5734,83,MntSweetProducts,2
2878,93,MntSweetProducts,17
1458,40,MntSweetProducts,3
7007,47,MntSweetProducts,4
6200,50,MntSweetProducts,38
1403,40,MntSweetProducts,5
4827,3,MntSweetProducts,30
6250,62,MntSweetProducts,0
9291,25,MntSweetProducts,0
2478,48,MntSweetProducts,13
1139,56,MntSweetProducts,14
5138,68,MntSweetProducts,2
5393,64,MntSweetProducts,2
10413,67,MntSweetProducts,141
5015,94,MntSweetProducts,6
10868,82,MntSweetProducts,11
10676,3,MntSweetProducts,26
2495,24,MntSweetProducts,85
7842,54,MntSweetProducts,2
9955,20,MntSweetProducts,7
6663,96,MntSweetProducts,0
2162,19,MntSweetProducts,29
3434,60,MntSweetProducts,12
7919,2,MntSweetProducts,21
5626,13,MntSweetProducts,8
6428,37,MntSweetProducts,54
8514,59,MntSweetProducts,1
10448,55,MntSweetProducts,6
2109,60,MntSweetProducts,17
7530,48,MntSweetProducts,2
8925,38,MntSweetProducts,179
3009,8,MntSweetProducts,0
6355,19,MntSweetProducts,3
3517,32,MntSweetProducts,10
1158,27,MntSweetProducts,0
6203,58,MntSweetProducts,49
7165,59,MntSweetProducts,86
3595,29,MntSweetProducts,76
8537,60,MntSweetProducts,94
4331,41,MntSweetProducts,26
6281,27,MntSweetProducts,47
4338,28,MntSweetProducts,0
2452,8,MntSweetProducts,3
9507,18,MntSweetProducts,23
8360,76,MntSweetProducts,9
10311,0,MntSweetProducts,4
5117,32,MntSweetProducts,19
4867,2,MntSweetProducts,0
9289,16,MntSweetProducts,3
10913,56,MntSweetProducts,1
3032,97,MntSweetProducts,14
8524,15,MntSweetProducts,7
3334,35,MntSweetProducts,143
4470,3,MntSweetProducts,5
1406,49,MntSweetProducts,0
8619,4,MntSweetProducts,1
10821,45,MntSweetProducts,2
4552,37,MntSweetProducts,26
898,39,MntSweetProducts,8
9797,38,MntSweetProducts,11
10949,8,MntSweetProducts,37
8212,89,MntSweetProducts,13
6248,47,MntSweetProducts,29
10164,75,MntSweetProducts,100
4547,86,MntSweetProducts,1
6815,4,MntSweetProducts,101
4122,73,MntSweetProducts,28
10841,46,MntSweetProducts,31
5370,38,MntSweetProducts,7
176,73,MntSweetProducts,36
4860,66,MntSweetProducts,2
10757,36,MntSweetProducts,0
4023,29,MntSweetProducts,21
6679,29,MntSweetProducts,0
9923,6,MntSweetProducts,0
7181,97,MntSweetProducts,0
3599,61,MntSweetProducts,93
405,68,MntSweetProducts,0
6870,73,MntSweetProducts,13
832,90,MntSweetProducts,14
2002,81,MntSweetProducts,34
3657,1,MntSweetProducts,12
500,79,MntSweetProducts,194
1951,92,MntSweetProducts,129
3262,31,MntSweetProducts,48
4102,46,MntSweetProducts,1
7042,14,MntSweetProducts,21
10598,89,MntSweetProducts,1
255,31,MntSweetProducts,0
2375,75,MntSweetProducts,3
9829,42,MntSweetProducts,10
6214,53,MntSweetProducts,7
4954,53,MntSweetProducts,7
7861,23,MntSweetProducts,0
4837,57,MntSweetProducts,10
9423,49,MntSweetProducts,3
4198,6,MntSweetProducts,4
153,29,MntSweetProducts,2
9323,5,MntSweetProducts,49
10001,98,MntSweetProducts,14
3945,80,MntSweetProducts,17
3799,4,MntSweetProducts,7
8625,70,MntSweetProducts,5
3491,32,MntSweetProducts,101
983,82,MntSweetProducts,10
9119,27,MntSweetProducts,17
4786,94,MntSweetProducts,61
5872,23,MntSweetProducts,6
6568,97,MntSweetProducts,5
5628,25,MntSweetProducts,61
5631,92,MntSweetProducts,42
4974,98,MntSweetProducts,102
8416,19,MntSweetProducts,5
5454,80,MntSweetProducts,0
4095,80,MntSweetProducts,34
5474,79,MntSweetProducts,25
4268,50,MntSweetProducts,1
10701,60,MntSweetProducts,80
3507,44,MntSweetProducts,44
2079,0,MntSweetProducts,98
626,28,MntSweetProducts,2
4426,35,MntSweetProducts,4
2591,49,MntSweetProducts,53
10509,46,MntSweetProducts,0
6382,97,MntSweetProducts,0
6673,51,MntSweetProducts,17
7441,80,MntSweetProducts,0
1071,10,MntSweetProducts,44
10061,29,MntSweetProducts,8
7187,52,MntSweetProducts,66
8775,74,MntSweetProducts,8
1612,82,MntSweetProducts,2
2345,54,MntSweetProducts,54
322,93,MntSweetProducts,0
10897,63,MntSweetProducts,80
123,92,MntSweetProducts,151
6103,40,MntSweetProducts,6
7899,70,MntSweetProducts,33
10500,96,MntSweetProducts,14
1655,81,MntSweetProducts,1
2406,63,MntSweetProducts,9
2712,85,MntSweetProducts,39
5517,51,MntSweetProducts,2
10643,23,MntSweetProducts,59
2254,95,MntSweetProducts,80
10281,11,MntSweetProducts,54
6958,42,MntSweetProducts,0
954,77,MntSweetProducts,7
5079,82,MntSweetProducts,0
10339,83,MntSweetProducts,0
4643,40,MntSweetProducts,9
3117,95,MntSweetProducts,6
6497,32,MntSweetProducts,6
5396,48,MntSweetProducts,89
5250,75,MntSweetProducts,126
1052,24,MntSweetProducts,47
2802,61,MntSweetProducts,17
6343,6,MntSweetProducts,73
6507,16,MntSweetProducts,0
7901,39,MntSweetProducts,1
4865,2,MntSweetProducts,3
2686,49,MntSweetProducts,1
3107,31,MntSweetProducts,15
7734,58,MntSweetProducts,61
1146,5,MntSweetProducts,49
11031,90,MntSweetProducts,0
7428,47,MntSweetProducts,192
975,25,MntSweetProducts,4
1103,60,MntSweetProducts,0
3422,67,MntSweetProducts,12
1055,40,MntSweetProducts,0
6544,63,MntSweetProducts,28
1241,1,MntSweetProducts,4
2909,89,MntSweetProducts,24
5802,40,MntSweetProducts,12
1407,5,MntSweetProducts,16
6183,3,MntSweetProducts,5
340,1,MntSweetProducts,0
5991,24,MntSweetProducts,2
3104,89,MntSweetProducts,79
9729,48,MntSweetProducts,43
1008,31,MntSweetProducts,8
11091,68,MntSweetProducts,0
3969,46,MntSweetProducts,6
1916,92,MntSweetProducts,3
9907,80,MntSweetProducts,9
87,16,MntSweetProducts,2
8659,50,MntSweetProducts,10
6262,93,MntSweetProducts,56
6147,51,MntSweetProducts,2
8832,24,MntSweetProducts,8
10067,79,MntSweetProducts,0
7532,26,MntSweetProducts,0
4915,86,MntSweetProducts,21
2115,68,MntSweetProducts,0
2088,98,MntSweetProducts,30
2493,34,MntSweetProducts,9
6292,60,MntSweetProducts,89
1631,3,MntSweetProducts,25
10104,65,MntSweetProducts,0
3006,83,MntSweetProducts,3
3919,64,MntSweetProducts,38
11181,85,MntSweetProducts,1
642,69,MntSweetProducts,30
4369,48,MntSweetProducts,0
10127,21,MntSweetProducts,7
271,30,MntSweetProducts,11
4973,39,MntSweetProducts,1
2948,76,MntSweetProducts,12
2715,11,MntSweetProducts,2
10432,26,MntSweetProducts,6
9216,34,MntSweetProducts,1
7124,72,MntSweetProducts,0
9727,13,MntSweetProducts,1
5136,58,MntSweetProducts,15
9790,12,MntSweetProducts,36
1818,23,MntSweetProducts,1
1100,33,MntSweetProducts,2
7873,30,MntSweetProducts,14
10609,15,MntSweetProducts,1
6950,25,MntSweetProducts,1
7233,4,MntSweetProducts,48
9481,80,MntSweetProducts,10
7699,30,MntSweetProducts,11
2711,6,MntSweetProducts,5
8933,16,MntSweetProducts,7
8726,57,MntSweetProducts,10
1515,9,MntSweetProducts,2
5186,59,MntSweetProducts,7
10157,78,MntSweetProducts,42
5667,90,MntSweetProducts,46
902,74,MntSweetProducts,12
977,10,MntSweetProducts,15
7313,63,MntSweetProducts,102
7600,13,MntSweetProducts,1
9706,98,MntSweetProducts,0
2429,4,MntSweetProducts,138
3520,94,MntSweetProducts,28
10394,91,MntSweetProducts,192
4548,66,MntSweetProducts,2
9362,14,MntSweetProducts,5
3968,77,MntSweetProducts,0
4084,41,MntSweetProducts,93
6721,21,MntSweetProducts,38
2829,25,MntSweetProducts,7
1772,2,MntSweetProducts,92
1544,51,MntSweetProducts,68
492,3,MntSweetProducts,3
4377,32,MntSweetProducts,10
4541,84,MntSweetProducts,6
1321,49,MntSweetProducts,2
8858,69,MntSweetProducts,0
3266,96,MntSweetProducts,26
11187,23,MntSweetProducts,14
8207,18,MntSweetProducts,0
9723,8,MntSweetProducts,9
2666,21,MntSweetProducts,0
5721,60,MntSweetProducts,45
10652,48,MntSweetProducts,0
1646,36,MntSweetProducts,2
4418,36,MntSweetProducts,111
2656,63,MntSweetProducts,4
7990,2,MntSweetProducts,2
8722,38,MntSweetProducts,133
7118,61,MntSweetProducts,26
2980,52,MntSweetProducts,2
1839,25,MntSweetProducts,2
10722,63,MntSweetProducts,4
2632,10,MntSweetProducts,0
9014,65,MntSweetProducts,0
7620,71,MntSweetProducts,8
10968,0,MntSweetProducts,8
11133,3,MntSweetProducts,3
2736,88,MntSweetProducts,78
1876,15,MntSweetProducts,4
5959,80,MntSweetProducts,0
1092,17,MntSweetProducts,43
4333,76,MntSweetProducts,0
3850,52,MntSweetProducts,4
6168,28,MntSweetProducts,0
607,31,MntSweetProducts,0
10469,42,MntSweetProducts,27
6983,24,MntSweetProducts,1
3661,42,MntSweetProducts,55
9303,12,MntSweetProducts,3
692,88,MntSweetProducts,0
736,67,MntSweetProducts,3
9589,54,MntSweetProducts,125
4838,40,MntSweetProducts,0
9246,73,MntSweetProducts,24
6261,81,MntSweetProducts,48
7366,12,MntSweetProducts,13
10659,7,MntSweetProducts,8
1448,33,MntSweetProducts,3
4286,24,MntSweetProducts,0
4749,55,MntSweetProducts,0
4478,87,MntSweetProducts,17
4201,39,MntSweetProducts,0
8720,53,MntSweetProducts,4
10084,9,MntSweetProducts,0
7004,82,MntSweetProducts,1
9817,71,MntSweetProducts,10
8080,50,MntSweetProducts,4
9432,23,MntSweetProducts,1
8372,81,MntSweetProducts,2
10870,46,MntSweetProducts,118
4001,56,MntSweetProducts,0
7270,91,MntSweetProducts,12
8235,8,MntSweetProducts,30
9405,40,MntSweetProducts,1
5524,58,MntGoldProds,88
2174,38,MntGoldProds,6
4141,26,MntGoldProds,42
6182,26,MntGoldProds,5
5324,94,MntGoldProds,15
7446,16,MntGoldProds,14
965,34,MntGoldProds,27
6177,32,MntGoldProds,23
4855,19,MntGoldProds,2
5899,68,MntGoldProds,13
1994,11,MntGoldProds,1
387,59,MntGoldProds,16
2125,82,MntGoldProds,30
8180,53,MntGoldProds,14
2569,38,MntGoldProds,5
2114,23,MntGoldProds,45
9736,51,MntGoldProds,4
4939,20,MntGoldProds,28
6565,91,MntGoldProds,176
2278,86,MntGoldProds,39
9360,41,MntGoldProds,48
5376,42,MntGoldProds,1
1993,63,MntGoldProds,19
4047,0,MntGoldProds,5
1409,69,MntGoldProds,99
7892,89,MntGoldProds,13
2404,4,MntGoldProds,41
5255,19,MntGoldProds,362
9422,26,MntGoldProds,10
1966,96,MntGoldProds,0
6864,34,MntGoldProds,4
3033,56,MntGoldProds,89
5710,31,MntGoldProds,3
7373,8,MntGoldProds,43
8755,4,MntGoldProds,22
10738,55,MntGoldProds,3
4339,37,MntGoldProds,35
10755,76,MntGoldProds,36
8595,99,MntGoldProds,4
2968,53,MntGoldProds,42
8601,3,MntGoldProds,102
503,88,MntGoldProds,7
8430,4,MntGoldProds,3
7281,80,MntGoldProds,39
2139,19,MntGoldProds,12
1371,72,MntGoldProds,174
9909,24,MntGoldProds,50
7286,92,MntGoldProds,13
7244,96,MntGoldProds,7
6566,39,MntGoldProds,38
8614,29,MntGoldProds,14
4114,2,MntGoldProds,32
1331,54,MntGoldProds,3
2225,54,MntGoldProds,241
9381,57,MntGoldProds,109
6260,55,MntGoldProds,190
10383,30,MntGoldProds,40
7437,31,MntGoldProds,5
8557,57,MntGoldProds,6
8375,63,MntGoldProds,43
6853,12,MntGoldProds,80
3076,18,MntGoldProds,6
1012,26,MntGoldProds,169
6518,8,MntGoldProds,6
4137,29,MntGoldProds,30
8082,75,MntGoldProds,15
1386,0,MntGoldProds,0
9369,19,MntGoldProds,38
4477,4,MntGoldProds,109
1357,90,MntGoldProds,73
1402,1,MntGoldProds,12
10629,25,MntGoldProds,17
6312,29,MntGoldProds,86
8132,88,MntGoldProds,19
1050,58,MntGoldProds,9
5846,68,MntGoldProds,1
1859,34,MntGoldProds,18
7503,40,MntGoldProds,51
10401,12,MntGoldProds,9
1618,9,MntGoldProds,51
3332,87,MntGoldProds,17
2261,5,MntGoldProds,4
5346,87,MntGoldProds,23
4119,56,MntGoldProds,89
535,18,MntGoldProds,76
5268,95,MntGoldProds,3
273,48,MntGoldProds,5
4452,3,MntGoldProds,34
8504,70,MntGoldProds,145
771,79,MntGoldProds,7
8996,4,MntGoldProds,53
9235,45,MntGoldProds,1
5798,87,MntGoldProds,18
11178,69,MntGoldProds,4
2230,84,MntGoldProds,0
7516,30,MntGoldProds,9
7247,72,MntGoldProds,75
11100,37,MntGoldProds,2
4646,44,MntGoldProds,223
3037,32,MntGoldProds,11
1473,0,MntGoldProds,10
1016,43,MntGoldProds,5
4518,59,MntGoldProds,111
9370,68,MntGoldProds,81
8908,35,MntGoldProds,38
8373,94,MntGoldProds,9
7533,15,MntGoldProds,7
2683,56,MntGoldProds,65
3629,17,MntGoldProds,27
10991,18,MntGoldProds,43
5077,46,MntGoldProds,79
7431,40,MntGoldProds,86
3267,27,MntGoldProds,60
999,95,MntGoldProds,22
9215,19,MntGoldProds,72
2286,27,MntGoldProds,27
1592,25,MntGoldProds,33
367,74,MntGoldProds,120
5234,85,MntGoldProds,30
9862,37,MntGoldProds,3
9805,65,MntGoldProds,48
6205,13,MntGoldProds,10
8442,63,MntGoldProds,7
7386,83,MntGoldProds,2
7215,69,MntGoldProds,168
1491,87,MntGoldProds,172
11071,37,MntGoldProds,216
3381,51,MntGoldProds,4
8268,23,MntGoldProds,15
11051,72,MntGoldProds,12
8026,10,MntGoldProds,58
433,42,MntGoldProds,41
9597,10,MntGoldProds,130
1295,96,MntGoldProds,124
5290,51,MntGoldProds,23
1685,21,MntGoldProds,0
5342,31,MntGoldProds,9
9579,61,MntGoldProds,16
7660,37,MntGoldProds,20
1461,74,MntGoldProds,4
821,46,MntGoldProds,20
11084,4,MntGoldProds,50
8690,73,MntGoldProds,126
2937,47,MntGoldProds,33
9701,13,MntGoldProds,116
9949,36,MntGoldProds,49
10837,47,MntGoldProds,16
3120,49,MntGoldProds,4
5885,94,MntGoldProds,32
4050,65,MntGoldProds,8
3830,59,MntGoldProds,13
7987,96,MntGoldProds,13
7798,28,MntGoldProds,91
92,12,MntGoldProds,20
7055,57,MntGoldProds,76
10240,10,MntGoldProds,42
3025,4,MntGoldProds,3
9283,49,MntGoldProds,0
9970,3,MntGoldProds,14
2730,64,MntGoldProds,57
2795,0,MntGoldProds,5
9260,20,MntGoldProds,33
8182,91,MntGoldProds,5
10095,9,MntGoldProds,12
8475,98,MntGoldProds,1
4370,83,MntGoldProds,28
10573,27,MntGoldProds,27
3712,63,MntGoldProds,2
6637,46,MntGoldProds,124
3152,84,MntGoldProds,20
5610,58,MntGoldProds,7
6460,78,MntGoldProds,16
1349,4,MntGoldProds,27
1880,17,MntGoldProds,6
641,77,MntGoldProds,48
8717,56,MntGoldProds,26
10314,79,MntGoldProds,111
10854,90,MntGoldProds,2
10492,96,MntGoldProds,1
6935,44,MntGoldProds,223
7698,81,MntGoldProds,7
3559,77,MntGoldProds,9
10562,21,MntGoldProds,141
10796,16,MntGoldProds,12
2563,80,MntGoldProds,10
3518,45,MntGoldProds,7
5823,63,MntGoldProds,2
3934,34,MntGoldProds,117
6982,14,MntGoldProds,15
6431,13,MntGoldProds,4
9733,52,MntGoldProds,36
5602,98,MntGoldProds,102
7829,99,MntGoldProds,25
1324,93,MntGoldProds,22
326,38,MntGoldProds,12
7224,24,MntGoldProds,7
6999,80,MntGoldProds,8
9938,82,MntGoldProds,51
6422,20,MntGoldProds,172
3182,81,MntGoldProds,79
7300,50,MntGoldProds,39
10424,60,MntGoldProds,92
8727,63,MntGoldProds,54
2798,54,MntGoldProds,58
1030,72,MntGoldProds,3
624,5,MntGoldProds,15
5176,88,MntGoldProds,14
5552,50,MntGoldProds,21
868,99,MntGoldProds,4
380,17,MntGoldProds,192
2677,11,MntGoldProds,8
6521,18,MntGoldProds,12
6927,70,MntGoldProds,10
2877,21,MntGoldProds,44
0,66,MntGoldProds,54
1584,79,MntGoldProds,89
7264,2,MntGoldProds,1
6274,81,MntGoldProds,16
1377,24,MntGoldProds,66
454,48,MntGoldProds,43
1755,93,MntGoldProds,18
2075,56,MntGoldProds,10
4785,3,MntGoldProds,14
9076,44,MntGoldProds,3
7079,38,MntGoldProds,92
4653,46,MntGoldProds,39
7375,84,MntGoldProds,182
709,27,MntGoldProds,92
460,72,MntGoldProds,17
3726,66,MntGoldProds,0
6798,30,MntGoldProds,39
5341,2,MntGoldProds,27
1606,65,MntGoldProds,3
9617,37,MntGoldProds,4
3233,89,MntGoldProds,32
89,49,MntGoldProds,21
2936,46,MntGoldProds,1
9449,32,MntGoldProds,11
7297,54,MntGoldProds,20
11004,23,MntGoldProds,2
313,98,MntGoldProds,20
9940,97,MntGoldProds,38
10735,75,MntGoldProds,1
9529,8,MntGoldProds,181
6439,37,MntGoldProds,152
7411,31,MntGoldProds,1
2176,40,MntGoldProds,80
9265,74,MntGoldProds,77
8867,90,MntGoldProds,172
8932,57,MntGoldProds,70
10236,59,MntGoldProds,13
6340,52,MntGoldProds,11
10089,5,MntGoldProds,148
2227,92,MntGoldProds,25
10992,77,MntGoldProds,30
5304,35,MntGoldProds,1
309,48,MntGoldProds,21
3406,97,MntGoldProds,12
2661,95,MntGoldProds,10
3153,24,MntGoldProds,2
10264,60,MntGoldProds,13
1184,46,MntGoldProds,24
4200,85,MntGoldProds,7
9396,31,MntGoldProds,5
2387,9,MntGoldProds,20
6690,30,MntGoldProds,20
1225,47,MntGoldProds,241
9703,70,MntGoldProds,69
291,13,MntGoldProds,116
4557,11,MntGoldProds,21
2379,31,MntGoldProds,146
5726,15,MntGoldProds,6
3066,2,MntGoldProds,13
6336,55,MntGoldProds,4
10967,38,MntGoldProds,10
2304,86,MntGoldProds,7
3445,56,MntGoldProds,162
7828,29,MntGoldProds,15
3762,30,MntGoldProds,54
4391,64,MntGoldProds,131
4669,46,MntGoldProds,17
10144,84,MntGoldProds,182
8652,20,MntGoldProds,28
1672,74,MntGoldProds,66
8962,18,MntGoldProds,3
9974,75,MntGoldProds,20
10983,17,MntGoldProds,74
8148,88,MntGoldProds,135
10102,19,MntGoldProds,28
4697,62,MntGoldProds,51
9262,11,MntGoldProds,12
7254,74,MntGoldProds,14
4543,32,MntGoldProds,203
4927,76,MntGoldProds,13
10451,6,MntGoldProds,8
2926,62,MntGoldProds,40
2874,20,MntGoldProds,8
9738,43,MntGoldProds,11
7119,45,MntGoldProds,38
3924,34,MntGoldProds,35
5827,53,MntGoldProds,10
5596,44,MntGoldProds,28
10812,89,MntGoldProds,0
1717,43,MntGoldProds,52
9491,68,MntGoldProds,25
9274,44,MntGoldProds,63
6609,64,MntGoldProds,15
6963,85,MntGoldProds,11
4440,93,MntGoldProds,10
1379,12,MntGoldProds,15
10032,86,MntGoldProds,17
2826,28,MntGoldProds,2
2437,69,MntGoldProds,61
6320,42,MntGoldProds,14
3050,13,MntGoldProds,17
231,86,MntGoldProds,1
2392,59,MntGoldProds,27
9478,30,MntGoldProds,50
113,33,MntGoldProds,6
2863,67,MntGoldProds,20
1802,23,MntGoldProds,77
520,81,MntGoldProds,9
8275,6,MntGoldProds,1
9750,41,MntGoldProds,73
2607,78,MntGoldProds,41
7214,49,MntGoldProds,126
5835,39,MntGoldProds,9
3896,3,MntGoldProds,2
10350,37,MntGoldProds,0
7786,22,MntGoldProds,11
2861,79,MntGoldProds,4
663,46,MntGoldProds,6
10675,82,MntGoldProds,23
2521,10,MntGoldProds,18
9592,51,MntGoldProds,8
10151,38,MntGoldProds,139
7381,10,MntGoldProds,30
4099,14,MntGoldProds,21
9560,18,MntGoldProds,122
1150,36,MntGoldProds,224
10172,95,MntGoldProds,38
11191,11,MntGoldProds,18
9707,65,MntGoldProds,34
6245,71,MntGoldProds,14
8234,13,MntGoldProds,3
1411,58,MntGoldProds,173
8553,65,MntGoldProds,3
1826,0,MntGoldProds,218
8842,33,MntGoldProds,7
11030,90,MntGoldProds,4
2579,95,MntGoldProds,8
175,93,MntGoldProds,93
9185,38,MntGoldProds,0
11056,18,MntGoldProds,22
9365,57,MntGoldProds,12
6201,45,MntGoldProds,10
2061,61,MntGoldProds,10
6184,6,MntGoldProds,48
6142,65,MntGoldProds,8
4107,52,MntGoldProds,38
7274,87,MntGoldProds,61
9336,38,MntGoldProds,41
2958,53,MntGoldProds,6
933,31,MntGoldProds,5
5837,67,MntGoldProds,65
10704,65,MntGoldProds,142
5125,64,MntGoldProds,29
4432,82,MntGoldProds,9
5955,27,MntGoldProds,233
2928,63,MntGoldProds,38
5680,66,MntGoldProds,3
10313,69,MntGoldProds,38
2557,52,MntGoldProds,11
1245,45,MntGoldProds,101
1519,2,MntGoldProds,3
10703,86,MntGoldProds,36
1726,23,MntGoldProds,39
4459,13,MntGoldProds,1
1729,14,MntGoldProds,157
1517,92,MntGoldProds,12
2098,38,MntGoldProds,1
9543,74,MntGoldProds,6
6878,14,MntGoldProds,55
3310,94,MntGoldProds,32
2724,33,MntGoldProds,6
948,32,MntGoldProds,13
6720,11,MntGoldProds,107
6202,78,MntGoldProds,159
2066,56,MntGoldProds,23
9799,57,MntGoldProds,86
8318,7,MntGoldProds,57
5642,0,MntGoldProds,4
2669,66,MntGoldProds,81
455,86,MntGoldProds,24
7683,80,MntGoldProds,78
3428,56,MntGoldProds,45
7414,18,MntGoldProds,32
6354,51,MntGoldProds,19
798,71,MntGoldProds,5
8213,71,MntGoldProds,35
2488,80,MntGoldProds,7
9999,2,MntGoldProds,21
7617,83,MntGoldProds,19
615,29,MntGoldProds,110
2552,11,MntGoldProds,4
194,55,MntGoldProds,2
3645,19,MntGoldProds,3
8890,1,MntGoldProds,10
5049,19,MntGoldProds,2
9973,28,MntGoldProds,4
7301,76,MntGoldProds,32
10882,50,MntGoldProds,26
7030,1,MntGoldProds,14
7422,90,MntGoldProds,6
3523,83,MntGoldProds,125
7106,73,MntGoldProds,12
6504,24,MntGoldProds,28
5067,11,MntGoldProds,26
4216,33,MntGoldProds,114
8581,4,MntGoldProds,28
5929,14,MntGoldProds,3
3129,30,MntGoldProds,9
6528,75,MntGoldProds,1
1361,26,MntGoldProds,68
6932,77,MntGoldProds,21
7284,8,MntGoldProds,1
1340,42,MntGoldProds,33
8746,28,MntGoldProds,57
5987,52,MntGoldProds,12
3767,1,MntGoldProds,172
3725,1,MntGoldProds,16
4324,42,MntGoldProds,191
238,76,MntGoldProds,95
6694,27,MntGoldProds,114
498,28,MntGoldProds,5
9347,49,MntGoldProds,6
9699,12,MntGoldProds,14
10664,14,MntGoldProds,22
5455,89,MntGoldProds,5
456,96,MntGoldProds,9
5012,56,MntGoldProds,4
7495,72,MntGoldProds,4
5029,14,MntGoldProds,1
10642,13,MntGoldProds,1
2106,99,MntGoldProds,12
10364,72,MntGoldProds,5
5954,92,MntGoldProds,10
1137,87,MntGoldProds,37
2541,7,MntGoldProds,5
1142,91,MntGoldProds,35
2276,71,MntGoldProds,33
2807,24,MntGoldProds,37
6471,17,MntGoldProds,3
6131,87,MntGoldProds,23
6233,21,MntGoldProds,9
4148,90,MntGoldProds,42
4947,44,MntGoldProds,64
3225,71,MntGoldProds,46
7540,52,MntGoldProds,5
10648,78,MntGoldProds,32
1992,2,MntGoldProds,66
7851,60,MntGoldProds,122
8594,25,MntGoldProds,14
7059,47,MntGoldProds,241
2815,46,MntGoldProds,37
2416,83,MntGoldProds,0
7999,17,MntGoldProds,17
9213,13,MntGoldProds,3
9697,86,MntGoldProds,5
3916,92,MntGoldProds,58
2021,47,MntGoldProds,89
1581,18,MntGoldProds,3
564,81,MntGoldProds,8
6619,91,MntGoldProds,4
9081,58,MntGoldProds,9
178,40,MntGoldProds,117
916,67,MntGoldProds,2
5512,19,MntGoldProds,24
8970,93,MntGoldProds,92
10581,41,MntGoldProds,119
5300,60,MntGoldProds,24
5154,54,MntGoldProds,0
8346,26,MntGoldProds,72
1676,30,MntGoldProds,5
9286,93,MntGoldProds,18
2426,35,MntGoldProds,18
5172,4,MntGoldProds,50
5562,92,MntGoldProds,90
3436,24,MntGoldProds,1
3921,96,MntGoldProds,14
3403,11,MntGoldProds,134
22,99,MntGoldProds,14
10965,72,MntGoldProds,40
9426,77,MntGoldProds,130
6605,85,MntGoldProds,26
3136,88,MntGoldProds,12
8737,22,MntGoldProds,2
11088,83,MntGoldProds,17
716,63,MntGoldProds,0
466,9,MntGoldProds,21
9135,92,MntGoldProds,24
10623,2,MntGoldProds,0
8151,6,MntGoldProds,108
5140,66,MntGoldProds,153
10160,49,MntGoldProds,6
4945,29,MntGoldProds,108
10584,77,MntGoldProds,29
6071,77,MntGoldProds,84
3386,71,MntGoldProds,20
8939,49,MntGoldProds,59
9925,97,MntGoldProds,31
4320,6,MntGoldProds,91
5389,93,MntGoldProds,6
6036,78,MntGoldProds,55
182,62,MntGoldProds,52
203,47,MntGoldProds,27
11025,9,MntGoldProds,20
10203,77,MntGoldProds,11
4607,24,MntGoldProds,75
3711,19,MntGoldProds,0
3696,67,MntGoldProds,10
2532,95,MntGoldProds,175
9214,48,MntGoldProds,58
4943,73,MntGoldProds,66
35,35,MntGoldProds,85
2258,76,MntGoldProds,2
4322,20,MntGoldProds,12
713,72,MntGoldProds,35
4702,20,MntGoldProds,120
3281,69,MntGoldProds,71
702,80,MntGoldProds,61
2004,65,MntGoldProds,54
4769,52,MntGoldProds,9
4437,65,MntGoldProds,38
8724,57,MntGoldProds,6
10741,70,MntGoldProds,15
1991,0,MntGoldProds,7
6931,19,MntGoldProds,30
11096,50,MntGoldProds,6
304,67,MntGoldProds,26
3665,46,MntGoldProds,22
10591,37,MntGoldProds,19
5036,38,MntGoldProds,102
5547,9,MntGoldProds,0
7822,56,MntGoldProds,54
8541,98,MntGoldProds,6
10955,68,MntGoldProds,46
4368,72,MntGoldProds,10
9671,47,MntGoldProds,28
2256,33,MntGoldProds,1
4279,87,MntGoldProds,18
5371,0,MntGoldProds,34
9240,73,MntGoldProds,34
9460,74,MntGoldProds,42
9504,4,MntGoldProds,47
8692,50,MntGoldProds,15
448,57,MntGoldProds,118
8314,30,MntGoldProds,111
8420,27,MntGoldProds,17
3174,61,MntGoldProds,33
7685,4,MntGoldProds,12
3179,75,MntGoldProds,38
9780,12,MntGoldProds,37
10681,13,MntGoldProds,83
10232,9,MntGoldProds,24
4184,48,MntGoldProds,40
9120,80,MntGoldProds,42
891,60,MntGoldProds,1
10381,43,MntGoldProds,4
3525,19,MntGoldProds,1
6818,26,MntGoldProds,106
3526,58,MntGoldProds,1
8181,42,MntGoldProds,24
1029,27,MntGoldProds,20
7369,56,MntGoldProds,0
2574,27,MntGoldProds,24
8159,10,MntGoldProds,30
1160,48,MntGoldProds,7
10242,39,MntGoldProds,8
5253,85,MntGoldProds,4
5966,64,MntGoldProds,2
5314,69,MntGoldProds,99
5081,54,MntGoldProds,10
5123,57,MntGoldProds,52
5756,64,MntGoldProds,2
8036,10,MntGoldProds,9
9058,65,MntGoldProds,224
5057,74,MntGoldProds,11
254,4,MntGoldProds,30
4179,94,MntGoldProds,22
3710,41,MntGoldProds,17
7627,25,MntGoldProds,20
4501,94,MntGoldProds,165
6424,9,MntGoldProds,16
3075,47,MntGoldProds,0
4992,12,MntGoldProds,30
5252,80,MntGoldProds,13
7444,20,MntGoldProds,2
6919,39,MntGoldProds,15
3537,57,MntGoldProds,4
10277,27,MntGoldProds,4
2453,83,MntGoldProds,99
7972,79,MntGoldProds,54
895,69,MntGoldProds,49
1177,77,MntGoldProds,14
7141,15,MntGoldProds,64
7232,99,MntGoldProds,4
8477,61,MntGoldProds,1
2457,23,MntGoldProds,11
988,84,MntGoldProds,22
7930,74,MntGoldProds,40
4587,90,MntGoldProds,10
6682,41,MntGoldProds,15
6222,28,MntGoldProds,2
10299,73,MntGoldProds,41
3083,88,MntGoldProds,24
8953,94,MntGoldProds,3
1503,31,MntGoldProds,2
8650,31,MntGoldProds,10
10862,6,MntGoldProds,26
2782,23,MntGoldProds,15
6941,92,MntGoldProds,32
10972,52,MntGoldProds,35
10708,50,MntGoldProds,2
6583,54,MntGoldProds,107
3641,93,MntGoldProds,6
10156,56,MntGoldProds,190
4299,28,MntGoldProds,17
3469,94,MntGoldProds,8
5063,76,MntGoldProds,3
10727,43,MntGoldProds,30
9624,46,MntGoldProds,54
5156,13,MntGoldProds,83
4376,27,MntGoldProds,30
8923,12,MntGoldProds,79
8461,3,MntGoldProds,1
6945,72,MntGoldProds,163
944,6,MntGoldProds,48
1907,53,MntGoldProds,69
701,58,MntGoldProds,73
3856,78,MntGoldProds,159
4149,57,MntGoldProds,26
2131,37,MntGoldProds,25
2942,20,MntGoldProds,144
1173,73,MntGoldProds,147
4381,56,MntGoldProds,11
4611,36,MntGoldProds,207
3376,9,MntGoldProds,19
4679,42,MntGoldProds,50
10928,28,MntGoldProds,146
4248,23,MntGoldProds,38
6728,38,MntGoldProds,6
6661,63,MntGoldProds,11
4725,71,MntGoldProds,9
3277,9,MntGoldProds,17
5555,81,MntGoldProds,1
2564,87,MntGoldProds,15
946,92,MntGoldProds,25
3867,36,MntGoldProds,71
6940,86,MntGoldProds,76
55,83,MntGoldProds,5
7093,74,MntGoldProds,6
5084,87,MntGoldProds,151
1777,29,MntGoldProds,11
8162,88,MntGoldProds,2
10826,77,MntGoldProds,19
8754,25,MntGoldProds,3
1987,34,MntGoldProds,15
11007,43,MntGoldProds,2
7426,76,MntGoldProds,18
9153,81,MntGoldProds,10
10379,87,MntGoldProds,83
9204,33,MntGoldProds,141
3197,38,MntGoldProds,59
2920,63,MntGoldProds,38
6961,26,MntGoldProds,1
4673,17,MntGoldProds,36
9937,75,MntGoldProds,91
8779,13,MntGoldProds,18
9596,19,MntGoldProds,6
2891,51,MntGoldProds,154
4910,81,MntGoldProds,115
75,32,MntGoldProds,45
10120,84,MntGoldProds,41
6327,87,MntGoldProds,54
10142,99,MntGoldProds,78
9826,96,MntGoldProds,40
1501,21,MntGoldProds,4
10767,40,MntGoldProds,26
7279,3,MntGoldProds,67
7230,98,MntGoldProds,4
143,73,MntGoldProds,99
450,90,MntGoldProds,80
9316,29,MntGoldProds,10
6379,3,MntGoldProds,31
9239,94,MntGoldProds,6
8315,65,MntGoldProds,4
2868,33,MntGoldProds,2
10888,46,MntGoldProds,29
1277,29,MntGoldProds,34
9977,99,MntGoldProds,34
10196,26,MntGoldProds,23
6384,30,MntGoldProds,242
8029,27,MntGoldProds,16
968,24,MntGoldProds,5
6988,93,MntGoldProds,93
4472,34,MntGoldProds,18
6991,88,MntGoldProds,30
3336,96,MntGoldProds,191
4301,10,MntGoldProds,18
1940,26,MntGoldProds,6
1272,49,MntGoldProds,66
1388,11,MntGoldProds,42
1044,44,MntGoldProds,49
6969,75,MntGoldProds,4
10479,64,MntGoldProds,147
3619,19,MntGoldProds,80
1715,45,MntGoldProds,5
10159,77,MntGoldProds,174
1463,9,MntGoldProds,3
5114,1,MntGoldProds,9
4990,90,MntGoldProds,155
4329,43,MntGoldProds,1
10936,79,MntGoldProds,249
4692,19,MntGoldProds,32
7212,99,MntGoldProds,4
6086,62,MntGoldProds,48
437,41,MntGoldProds,151
11171,60,MntGoldProds,26
11101,17,MntGoldProds,183
5329,24,MntGoldProds,0
610,60,MntGoldProds,43
9384,57,MntGoldProds,109
5956,74,MntGoldProds,30
10430,22,MntGoldProds,42
7875,46,MntGoldProds,0
7072,69,MntGoldProds,170
6255,29,MntGoldProds,21
6516,37,MntGoldProds,6
5564,26,MntGoldProds,97
5682,8,MntGoldProds,21
7458,26,MntGoldProds,24
5237,79,MntGoldProds,10
7761,71,MntGoldProds,40
5278,83,MntGoldProds,40
3560,57,MntGoldProds,191
7235,37,MntGoldProds,7
10548,30,MntGoldProds,44
2281,34,MntGoldProds,11
4073,0,MntGoldProds,65
6974,89,MntGoldProds,84
7938,92,MntGoldProds,4
7094,87,MntGoldProds,151
3667,20,MntGoldProds,44
7723,56,MntGoldProds,80
3870,28,MntGoldProds,89
4012,55,MntGoldProds,12
5909,25,MntGoldProds,152
10470,0,MntGoldProds,23
6488,86,MntGoldProds,16
10270,8,MntGoldProds,11
6887,33,MntGoldProds,16
6406,13,MntGoldProds,40
7573,12,MntGoldProds,34
4508,92,MntGoldProds,227
221,90,MntGoldProds,59
5331,8,MntGoldProds,86
1911,6,MntGoldProds,121
20,91,MntGoldProds,61
8786,52,MntGoldProds,58
10582,3,MntGoldProds,90
1915,57,MntGoldProds,205
8897,9,MntGoldProds,112
2371,22,MntGoldProds,12
4303,76,MntGoldProds,12
6825,86,MntGoldProds,0
1072,64,MntGoldProds,6
4964,90,MntGoldProds,0
2461,79,MntGoldProds,4
10736,28,MntGoldProds,134
3194,86,MntGoldProds,0
10839,42,MntGoldProds,5
49,39,MntGoldProds,9
4290,8,MntGoldProds,5
10219,40,MntGoldProds,3
4211,5,MntGoldProds,17
1135,96,MntGoldProds,6
6299,28,MntGoldProds,198
10846,22,MntGoldProds,139
347,30,MntGoldProds,34
6543,45,MntGoldProds,61
10446,58,MntGoldProds,23
3479,49,MntGoldProds,13
11075,37,MntGoldProds,12
4442,70,MntGoldProds,52
199,33,MntGoldProds,12
6722,98,MntGoldProds,35
796,17,MntGoldProds,177
3749,54,MntGoldProds,15
8523,39,MntGoldProds,5
310,81,MntGoldProds,16
8629,71,MntGoldProds,8
236,62,MntGoldProds,47
9930,8,MntGoldProds,22
3483,76,MntGoldProds,29
4599,66,MntGoldProds,21
7326,83,MntGoldProds,0
7352,28,MntGoldProds,45
2350,87,MntGoldProds,133
9145,43,MntGoldProds,94
2964,0,MntGoldProds,32
5585,1,MntGoldProds,10
9687,1,MntGoldProds,32
3732,72,MntGoldProds,69
6303,72,MntGoldProds,30
11176,12,MntGoldProds,4
2986,89,MntGoldProds,4
7462,67,MntGoldProds,68
3900,54,MntGoldProds,57
7034,34,MntGoldProds,12
9493,15,MntGoldProds,17
1143,43,MntGoldProds,11
1,0,MntGoldProds,37
3855,74,MntGoldProds,42
5536,61,MntGoldProds,33
5989,51,MntGoldProds,34
9499,97,MntGoldProds,15
6768,75,MntGoldProds,2
2150,83,MntGoldProds,56
6646,23,MntGoldProds,1
4887,65,MntGoldProds,8
8560,94,MntGoldProds,145
3321,42,MntGoldProds,10
11003,10,MntGoldProds,18
10402,94,MntGoldProds,1
9904,50,MntGoldProds,141
6141,46,MntGoldProds,82
5687,98,MntGoldProds,187
10856,42,MntGoldProds,8
5121,30,MntGoldProds,171
4186,11,MntGoldProds,17
368,61,MntGoldProds,28
3312,12,MntGoldProds,20
11121,76,MntGoldProds,7
5332,2,MntGoldProds,54
5848,43,MntGoldProds,130
10343,27,MntGoldProds,205
5935,60,MntGoldProds,63
2895,79,MntGoldProds,14
10262,96,MntGoldProds,18
7848,17,MntGoldProds,110
9477,0,MntGoldProds,5
4856,38,MntGoldProds,63
7186,43,MntGoldProds,9
5794,1,MntGoldProds,17
1456,25,MntGoldProds,170
4877,2,MntGoldProds,0
425,66,MntGoldProds,64
3007,49,MntGoldProds,1
1031,5,MntGoldProds,33
4297,71,MntGoldProds,0
807,35,MntGoldProds,34
9553,94,MntGoldProds,5
4271,80,MntGoldProds,66
4120,61,MntGoldProds,93
2036,29,MntGoldProds,15
115,0,MntGoldProds,7
4259,80,MntGoldProds,0
8687,54,MntGoldProds,125
2447,71,MntGoldProds,12
10140,27,MntGoldProds,0
9353,61,MntGoldProds,38
3623,55,MntGoldProds,4
738,35,MntGoldProds,25
7631,34,MntGoldProds,142
4789,95,MntGoldProds,33
773,64,MntGoldProds,98
10602,30,MntGoldProds,36
1446,12,MntGoldProds,68
3270,96,MntGoldProds,7
8443,16,MntGoldProds,40
9653,16,MntGoldProds,21
8916,78,MntGoldProds,1
8017,83,MntGoldProds,3
5830,96,MntGoldProds,40
4597,67,MntGoldProds,129
7023,87,MntGoldProds,12
8086,34,MntGoldProds,5
8825,46,MntGoldProds,58
2930,7,MntGoldProds,48
1928,73,MntGoldProds,20
7108,54,MntGoldProds,56
10925,93,MntGoldProds,175
9960,52,MntGoldProds,2
8800,53,MntGoldProds,42
9224,81,MntGoldProds,242
5519,8,MntGoldProds,135
5046,97,MntGoldProds,61
7037,50,MntGoldProds,3
905,38,MntGoldProds,26
8624,61,MntGoldProds,57
8945,46,MntGoldProds,20
6445,73,MntGoldProds,40
2727,19,MntGoldProds,96
6404,10,MntGoldProds,28
11074,94,MntGoldProds,241
10150,10,MntGoldProds,37
1968,37,MntGoldProds,7
6534,94,MntGoldProds,4
9485,23,MntGoldProds,12
7053,75,MntGoldProds,28
4654,40,MntGoldProds,24
9760,24,MntGoldProds,174
1048,11,MntGoldProds,28
10619,29,MntGoldProds,24
9308,51,MntGoldProds,53
10505,86,MntGoldProds,28
8362,9,MntGoldProds,0
2625,30,MntGoldProds,47
4637,73,MntGoldProds,16
9972,25,MntGoldProds,6
4483,67,MntGoldProds,182
4487,67,MntGoldProds,26
4988,58,MntGoldProds,12
8931,82,MntGoldProds,33
5871,98,MntGoldProds,115
2008,93,MntGoldProds,108
3139,53,MntGoldProds,166
10037,66,MntGoldProds,81
10673,6,MntGoldProds,80
5303,42,MntGoldProds,12
538,78,MntGoldProds,33
7922,29,MntGoldProds,63
5692,82,MntGoldProds,7
4843,92,MntGoldProds,227
6383,78,MntGoldProds,2
1628,54,MntGoldProds,32
1204,45,MntGoldProds,35
3673,59,MntGoldProds,106
760,8,MntGoldProds,15
8957,51,MntGoldProds,144
4128,51,MntGoldProds,120
6810,76,MntGoldProds,98
5386,62,MntGoldProds,172
8700,86,MntGoldProds,15
3202,60,MntGoldProds,36
1328,56,MntGoldProds,133
8405,83,MntGoldProds,46
6515,92,MntGoldProds,14
2882,31,MntGoldProds,47
7574,80,MntGoldProds,11
6387,39,MntGoldProds,18
5320,20,MntGoldProds,18
5048,53,MntGoldProds,38
8146,84,MntGoldProds,14
10031,50,MntGoldProds,4
5748,96,MntGoldProds,139
2134,94,MntGoldProds,83
1523,25,MntGoldProds,6
9665,48,MntGoldProds,57
4640,65,MntGoldProds,114
3635,69,MntGoldProds,42
3547,12,MntGoldProds,12
2456,84,MntGoldProds,2
5633,47,MntGoldProds,15
7801,87,MntGoldProds,131
10489,35,MntGoldProds,84
7011,47,MntGoldProds,12
2620,48,MntGoldProds,7
3933,46,MntGoldProds,48
10981,27,MntGoldProds,45
1734,37,MntGoldProds,5
10995,8,MntGoldProds,26
6357,29,MntGoldProds,31
9209,85,MntGoldProds,15
10286,2,MntGoldProds,8
2611,66,MntGoldProds,18
1600,60,MntGoldProds,26
3308,54,MntGoldProds,30
5407,70,MntGoldProds,195
2166,55,MntGoldProds,7
3955,20,MntGoldProds,1
6634,78,MntGoldProds,11
3056,63,MntGoldProds,54
5718,17,MntGoldProds,231
6872,43,MntGoldProds,23
8164,13,MntGoldProds,37
4580,46,MntGoldProds,182
9305,65,MntGoldProds,121
453,1,MntGoldProds,5
8545,6,MntGoldProds,51
9850,32,MntGoldProds,3
7378,34,MntGoldProds,27
7646,70,MntGoldProds,70
1640,49,MntGoldProds,20
5184,65,MntGoldProds,4
8492,25,MntGoldProds,0
11188,84,MntGoldProds,20
1212,7,MntGoldProds,64
9097,34,MntGoldProds,50
10473,38,MntGoldProds,38
7962,1,MntGoldProds,20
9984,25,MntGoldProds,182
5527,25,MntGoldProds,15
6374,50,MntGoldProds,39
7453,46,MntGoldProds,37
8952,96,MntGoldProds,70
241,57,MntGoldProds,191
8975,47,MntGoldProds,28
6119,52,MntGoldProds,4
5236,30,MntGoldProds,158
5723,63,MntGoldProds,0
1710,51,MntGoldProds,27
1970,14,MntGoldProds,12
5313,20,MntGoldProds,3
10634,56,MntGoldProds,11
7010,41,MntGoldProds,76
8562,72,MntGoldProds,11
3158,1,MntGoldProds,6
4436,27,MntGoldProds,18
5287,77,MntGoldProds,1
2445,87,MntGoldProds,0
6059,81,MntGoldProds,108
4550,51,MntGoldProds,7
4240,79,MntGoldProds,12
8911,11,MntGoldProds,83
3706,54,MntGoldProds,26
3628,93,MntGoldProds,26
10175,0,MntGoldProds,2
8985,54,MntGoldProds,33
5204,21,MntGoldProds,28
9220,58,MntGoldProds,19
9888,3,MntGoldProds,40
5263,99,MntGoldProds,16
1020,70,MntGoldProds,145
9503,65,MntGoldProds,44
10613,44,MntGoldProds,15
67,6,MntGoldProds,8
6019,9,MntGoldProds,7
5863,95,MntGoldProds,123
3717,70,MntGoldProds,218
6730,92,MntGoldProds,5
10749,62,MntGoldProds,2
4998,85,MntGoldProds,200
6287,2,MntGoldProds,6
5985,0,MntGoldProds,3
4754,91,MntGoldProds,29
4002,3,MntGoldProds,10
8870,68,MntGoldProds,187
966,98,MntGoldProds,26
4767,41,MntGoldProds,76
9725,16,MntGoldProds,1
4475,82,MntGoldProds,178
5740,1,MntGoldProds,26
5731,64,MntGoldProds,10
7290,68,MntGoldProds,26
3846,98,MntGoldProds,15
8104,32,MntGoldProds,25
4507,87,MntGoldProds,56
11013,84,MntGoldProds,54
4491,3,MntGoldProds,34
3759,34,MntGoldProds,200
1162,23,MntGoldProds,35
2055,37,MntGoldProds,20
10766,22,MntGoldProds,9
4415,19,MntGoldProds,14
3005,7,MntGoldProds,147
2223,52,MntGoldProds,149
4817,91,MntGoldProds,2
2875,93,MntGoldProds,17
10536,78,MntGoldProds,2
11112,23,MntGoldProds,190
3807,83,MntGoldProds,56
9197,92,MntGoldProds,8
10832,4,MntGoldProds,125
6421,32,MntGoldProds,118
4207,27,MntGoldProds,44
577,10,MntGoldProds,2
10855,9,MntGoldProds,42
3081,65,MntGoldProds,3
3535,68,MntGoldProds,117
247,16,MntGoldProds,16
8707,12,MntGoldProds,99
9523,95,MntGoldProds,0
6072,16,MntGoldProds,133
6295,46,MntGoldProds,142
10914,3,MntGoldProds,2
1509,80,MntGoldProds,81
5577,77,MntGoldProds,3
7348,0,MntGoldProds,43
1127,62,MntGoldProds,38
1833,91,MntGoldProds,12
4944,24,MntGoldProds,75
9080,2,MntGoldProds,3
6466,22,MntGoldProds,4
9964,56,MntGoldProds,27
4790,54,MntGoldProds,33
10245,71,MntGoldProds,41
1109,38,MntGoldProds,1
6001,62,MntGoldProds,35
5538,78,MntGoldProds,27
10552,18,MntGoldProds,45
1545,95,MntGoldProds,54
7409,66,MntGoldProds,10
4444,28,MntGoldProds,21
146,78,MntGoldProds,0
6271,13,MntGoldProds,2
10065,27,MntGoldProds,17
4741,17,MntGoldProds,16
246,71,MntGoldProds,6
375,79,MntGoldProds,16
1524,1,MntGoldProds,45
10022,78,MntGoldProds,0
7451,23,MntGoldProds,38
11010,75,MntGoldProds,0
4356,70,MntGoldProds,168
3885,10,MntGoldProds,24
1175,24,MntGoldProds,153
880,47,MntGoldProds,46
2320,98,MntGoldProds,29
850,4,MntGoldProds,21
4713,15,MntGoldProds,6
675,67,MntGoldProds,73
5025,32,MntGoldProds,9
2308,40,MntGoldProds,29
5995,54,MntGoldProds,41
6749,78,MntGoldProds,95
1010,94,MntGoldProds,16
8977,51,MntGoldProds,11
4756,42,MntGoldProds,112
3412,67,MntGoldProds,70
606,87,MntGoldProds,4
5961,29,MntGoldProds,16
2975,89,MntGoldProds,84
2894,74,MntGoldProds,39
7613,97,MntGoldProds,29
10542,63,MntGoldProds,4
8015,88,MntGoldProds,12
10617,34,MntGoldProds,4
11166,81,MntGoldProds,20
849,65,MntGoldProds,48
523,51,MntGoldProds,3
4066,76,MntGoldProds,20
8414,76,MntGoldProds,18
819,84,MntGoldProds,134
4961,56,MntGoldProds,3
749,31,MntGoldProds,27
5430,0,MntGoldProds,32
7755,91,MntGoldProds,19
10525,40,MntGoldProds,9
1453,59,MntGoldProds,30
8310,96,MntGoldProds,37
10710,61,MntGoldProds,5
5031,14,MntGoldProds,114
2613,16,MntGoldProds,13
213,98,MntGoldProds,2
967,11,MntGoldProds,19
1077,52,MntGoldProds,9
7959,19,MntGoldProds,13
640,61,MntGoldProds,106
4252,73,MntGoldProds,41
8432,0,MntGoldProds,32
6218,74,MntGoldProds,9
6905,55,MntGoldProds,54
5922,48,MntGoldProds,2
3598,53,MntGoldProds,11
6116,13,MntGoldProds,8
6263,34,MntGoldProds,13
10486,54,MntGoldProds,97
2410,69,MntGoldProds,50
193,81,MntGoldProds,8
3363,99,MntGoldProds,12
8278,3,MntGoldProds,33
10660,61,MntGoldProds,47
8686,65,MntGoldProds,14
1604,93,MntGoldProds,4
5907,24,MntGoldProds,2
10669,8,MntGoldProds,25
2918,72,MntGoldProds,19
5735,29,MntGoldProds,96
359,33,MntGoldProds,19
8387,68,MntGoldProds,11
1829,55,MntGoldProds,24
3839,76,MntGoldProds,40
9392,17,MntGoldProds,1
2292,94,MntGoldProds,5
10466,86,MntGoldProds,10
9855,25,MntGoldProds,20
4088,22,MntGoldProds,4
5231,15,MntGoldProds,13
590,35,MntGoldProds,99
8732,81,MntGoldProds,42
2315,55,MntGoldProds,29
3515,94,MntGoldProds,10
2245,50,MntGoldProds,23
6283,64,MntGoldProds,131
2246,91,MntGoldProds,61
6606,11,MntGoldProds,11
5545,72,MntGoldProds,80
7342,6,MntGoldProds,66
837,0,MntGoldProds,22
9500,66,MntGoldProds,84
3602,42,MntGoldProds,14
234,60,MntGoldProds,13
2995,64,MntGoldProds,0
1118,87,MntGoldProds,29
7789,96,MntGoldProds,0
3068,1,MntGoldProds,7
8955,54,MntGoldProds,10
945,53,MntGoldProds,13
5644,96,MntGoldProds,20
7192,58,MntGoldProds,34
2324,12,MntGoldProds,76
697,78,MntGoldProds,59
3439,64,MntGoldProds,75
1506,26,MntGoldProds,20
232,8,MntGoldProds,34
8876,49,MntGoldProds,4
4500,56,MntGoldProds,45
9739,55,MntGoldProds,26
10395,25,MntGoldProds,42
1176,50,MntGoldProds,9
1627,84,MntGoldProds,41
938,30,MntGoldProds,25
2740,81,MntGoldProds,6
257,74,MntGoldProds,12
4058,76,MntGoldProds,45
7736,36,MntGoldProds,27
8210,64,MntGoldProds,56
833,62,MntGoldProds,2
6230,53,MntGoldProds,7
7325,86,MntGoldProds,3
1307,15,MntGoldProds,12
1502,67,MntGoldProds,6
6211,47,MntGoldProds,11
843,47,MntGoldProds,15
4174,81,MntGoldProds,11
9757,98,MntGoldProds,76
6918,56,MntGoldProds,4
286,48,MntGoldProds,7
11086,18,MntGoldProds,3
1921,74,MntGoldProds,9
4138,68,MntGoldProds,66
7718,36,MntGoldProds,45
1291,90,MntGoldProds,45
6862,65,MntGoldProds,1
4136,63,MntGoldProds,40
803,82,MntGoldProds,4
4298,63,MntGoldProds,1
10833,55,MntGoldProds,19
9606,64,MntGoldProds,44
8534,51,MntGoldProds,30
5153,97,MntGoldProds,27
961,92,MntGoldProds,71
5011,51,MntGoldProds,154
6653,72,MntGoldProds,23
9094,39,MntGoldProds,192
810,49,MntGoldProds,64
5493,21,MntGoldProds,6
2147,91,MntGoldProds,126
5107,37,MntGoldProds,20
3979,98,MntGoldProds,51
6049,85,MntGoldProds,37
8147,40,MntGoldProds,9
1857,2,MntGoldProds,23
3910,78,MntGoldProds,27
5207,41,MntGoldProds,132
11114,94,MntGoldProds,32
5429,10,MntGoldProds,1
9400,73,MntGoldProds,54
1740,22,MntGoldProds,38
7488,30,MntGoldProds,15
195,21,MntGoldProds,30
635,51,MntGoldProds,70
7527,97,MntGoldProds,8
10319,56,MntGoldProds,60
2296,4,MntGoldProds,10
10637,77,MntGoldProds,10
2931,95,MntGoldProds,210
907,36,MntGoldProds,27
3698,13,MntGoldProds,241
9516,90,MntGoldProds,119
679,49,MntGoldProds,1
7384,18,MntGoldProds,47
5043,89,MntGoldProds,144
5267,43,MntGoldProds,5
339,82,MntGoldProds,4
2516,84,MntGoldProds,34
9010,80,MntGoldProds,210
378,68,MntGoldProds,125
4808,12,MntGoldProds,3
5068,75,MntGoldProds,1
7628,10,MntGoldProds,8
7128,91,MntGoldProds,5
2811,21,MntGoldProds,1
3551,28,MntGoldProds,48
1663,97,MntGoldProds,10
5543,49,MntGoldProds,78
1577,14,MntGoldProds,95
10641,5,MntGoldProds,25
5336,37,MntGoldProds,8
6024,62,MntGoldProds,172
1878,83,MntGoldProds,10
3099,48,MntGoldProds,49
6055,94,MntGoldProds,72
5841,61,MntGoldProds,54
3972,70,MntGoldProds,64
4394,43,MntGoldProds,14
5758,23,MntGoldProds,46
6658,37,MntGoldProds,154
4603,50,MntGoldProds,6
8427,78,MntGoldProds,43
10260,74,MntGoldProds,14
7143,14,MntGoldProds,37
8789,77,MntGoldProds,12
6197,39,MntGoldProds,3
4554,89,MntGoldProds,90
4937,62,MntGoldProds,5
1920,59,MntGoldProds,27
8749,68,MntGoldProds,20
1650,13,MntGoldProds,138
10377,37,MntGoldProds,88
9206,36,MntGoldProds,134
10971,28,MntGoldProds,176
6398,2,MntGoldProds,4
9212,17,MntGoldProds,205
7937,86,MntGoldProds,7
839,54,MntGoldProds,18
4246,2,MntGoldProds,262
158,3,MntGoldProds,97
4832,84,MntGoldProds,46
5621,8,MntGoldProds,0
1945,4,MntGoldProds,168
5147,57,MntGoldProds,93
2535,24,MntGoldProds,75
11039,51,MntGoldProds,41
9495,29,MntGoldProds,32
9635,13,MntGoldProds,14
2173,23,MntGoldProds,3
942,36,MntGoldProds,36
9386,88,MntGoldProds,15
5510,2,MntGoldProds,102
873,3,MntGoldProds,34
2253,15,MntGoldProds,18
5181,58,MntGoldProds,5
979,11,MntGoldProds,42
10390,27,MntGoldProds,6
4698,32,MntGoldProds,11
7793,12,MntGoldProds,38
1745,88,MntGoldProds,12
10590,91,MntGoldProds,14
5080,12,MntGoldProds,140
8369,21,MntGoldProds,11
5232,23,MntGoldProds,6
2407,10,MntGoldProds,95
3834,35,MntGoldProds,53
7912,69,MntGoldProds,33
7712,68,MntGoldProds,29
1065,85,MntGoldProds,18
7275,34,MntGoldProds,12
1343,55,MntGoldProds,88
1384,10,MntGoldProds,22
9967,30,MntGoldProds,50
6181,36,MntGoldProds,28
10507,14,MntGoldProds,23
2674,79,MntGoldProds,82
2698,52,MntGoldProds,26
3231,97,MntGoldProds,7
4096,24,MntGoldProds,5
10476,0,MntGoldProds,30
5948,96,MntGoldProds,17
9140,89,MntGoldProds,1
10258,94,MntGoldProds,3
5675,98,MntGoldProds,4
4743,72,MntGoldProds,88
8805,1,MntGoldProds,27
1542,26,MntGoldProds,7
6770,5,MntGoldProds,31
8773,22,MntGoldProds,24
10475,39,MntGoldProds,14
10420,56,MntGoldProds,38
7514,74,MntGoldProds,28
2902,87,MntGoldProds,6
4345,49,MntGoldProds,4
793,24,MntGoldProds,4
10909,9,MntGoldProds,119
3769,17,MntGoldProds,3
8702,10,MntGoldProds,2
4791,35,MntGoldProds,2
2963,56,MntGoldProds,80
8216,7,MntGoldProds,71
8140,51,MntGoldProds,36
10146,17,MntGoldProds,3
5289,30,MntGoldProds,29
2587,21,MntGoldProds,0
4405,2,MntGoldProds,15
8663,85,MntGoldProds,1
2589,65,MntGoldProds,2
3421,64,MntGoldProds,131
10490,11,MntGoldProds,109
4094,92,MntGoldProds,35
9958,54,MntGoldProds,57
2534,4,MntGoldProds,41
4188,53,MntGoldProds,89
6613,39,MntGoldProds,14
10827,49,MntGoldProds,29
5491,70,MntGoldProds,15
8402,40,MntGoldProds,43
8783,40,MntGoldProds,17
10010,43,MntGoldProds,31
618,17,MntGoldProds,15
9121,40,MntGoldProds,80
361,84,MntGoldProds,4
4310,25,MntGoldProds,26
2678,62,MntGoldProds,55
6376,83,MntGoldProds,100
524,47,MntGoldProds,46
10341,45,MntGoldProds,41
5654,34,MntGoldProds,17
4098,3,MntGoldProds,1
5824,1,MntGoldProds,0
7000,18,MntGoldProds,246
2561,45,MntGoldProds,101
5229,81,MntGoldProds,3
4086,77,MntGoldProds,19
2428,23,MntGoldProds,12
8254,48,MntGoldProds,7
2836,61,MntGoldProds,1
8418,60,MntGoldProds,13
1362,75,MntGoldProds,74
7152,64,MntGoldProds,10
10033,54,MntGoldProds,10
9349,84,MntGoldProds,42
274,75,MntGoldProds,2
3388,16,MntGoldProds,2
922,79,MntGoldProds,16
8588,92,MntGoldProds,35
2518,16,MntGoldProds,10
574,96,MntGoldProds,35
3220,30,MntGoldProds,36
5967,60,MntGoldProds,8
1183,11,MntGoldProds,3
6856,75,MntGoldProds,19
4530,36,MntGoldProds,138
1553,71,MntGoldProds,126
4682,88,MntGoldProds,6
8204,93,MntGoldProds,17
5221,93,MntGoldProds,47
1232,54,MntGoldProds,130
1927,41,MntGoldProds,39
5788,46,MntGoldProds,25
6652,28,MntGoldProds,31
6246,40,MntGoldProds,43
5975,82,MntGoldProds,3
6875,38,MntGoldProds,70
4399,3,MntGoldProds,40
4042,87,MntGoldProds,31
2157,49,MntGoldProds,22
10133,16,MntGoldProds,45
2525,65,MntGoldProds,14
8233,9,MntGoldProds,10
9483,24,MntGoldProds,29
2945,25,MntGoldProds,6
10403,43,MntGoldProds,11
5074,10,MntGoldProds,5
10524,29,MntGoldProds,196
4690,45,MntGoldProds,48
7521,57,MntGoldProds,191
7196,20,MntGoldProds,1
4406,29,MntGoldProds,42
9672,82,MntGoldProds,22
4864,68,MntGoldProds,24
4706,65,MntGoldProds,5
4070,99,MntGoldProds,144
25,9,MntGoldProds,153
3697,20,MntGoldProds,12
217,78,MntGoldProds,43
4220,26,MntGoldProds,0
5286,68,MntGoldProds,36
9559,79,MntGoldProds,30
2849,25,MntGoldProds,170
7787,83,MntGoldProds,99
3102,32,MntGoldProds,7
5868,49,MntGoldProds,16
8370,50,MntGoldProds,34
9988,84,MntGoldProds,8
2939,96,MntGoldProds,31
5529,56,MntGoldProds,8
9743,85,MntGoldProds,107
5763,63,MntGoldProds,30
3478,17,MntGoldProds,21
7494,11,MntGoldProds,15
1763,62,MntGoldProds,33
7250,48,MntGoldProds,17
2005,86,MntGoldProds,15
10770,73,MntGoldProds,47
6885,36,MntGoldProds,1
2072,34,MntGoldProds,34
9463,16,MntGoldProds,14
6318,48,MntGoldProds,89
4093,61,MntGoldProds,125
5751,54,MntGoldProds,10
3340,56,MntGoldProds,50
3594,74,MntGoldProds,97
3584,35,MntGoldProds,39
3643,65,MntGoldProds,26
851,48,MntGoldProds,92
7706,88,MntGoldProds,57
3967,19,MntGoldProds,35
10128,21,MntGoldProds,82
486,27,MntGoldProds,45
9,86,MntGoldProds,36
9451,92,MntGoldProds,107
9264,1,MntGoldProds,197
3865,14,MntGoldProds,30
2853,74,MntGoldProds,51
1490,84,MntGoldProds,77
6310,4,MntGoldProds,12
10380,50,MntGoldProds,18
3887,2,MntGoldProds,39
4278,73,MntGoldProds,55
8643,21,MntGoldProds,196
1998,82,MntGoldProds,8
10795,14,MntGoldProds,3
11110,56,MntGoldProds,1
2408,20,MntGoldProds,21
202,54,MntGoldProds,57
7998,77,MntGoldProds,21
830,5,MntGoldProds,48
3536,65,MntGoldProds,20
6050,33,MntGoldProds,47
125,65,MntGoldProds,13
3463,41,MntGoldProds,8
2804,86,MntGoldProds,36
3745,92,MntGoldProds,45
9771,97,MntGoldProds,5
451,91,MntGoldProds,4
10530,0,MntGoldProds,102
1079,59,MntGoldProds,10
8920,4,MntGoldProds,91
6678,5,MntGoldProds,5
3852,48,MntGoldProds,54
528,99,MntGoldProds,63
73,81,MntGoldProds,1
5589,95,MntGoldProds,30
10212,43,MntGoldProds,11
6365,5,MntGoldProds,20
5636,50,MntGoldProds,49
591,76,MntGoldProds,65
2217,46,MntGoldProds,6
2544,68,MntGoldProds,1
7725,33,MntGoldProds,81
8091,50,MntGoldProds,21
7321,85,MntGoldProds,200
5462,63,MntGoldProds,11
7791,89,MntGoldProds,5
955,81,MntGoldProds,19
4037,77,MntGoldProds,5
6642,50,MntGoldProds,28
2793,10,MntGoldProds,133
5424,30,MntGoldProds,36
879,66,MntGoldProds,21
9530,16,MntGoldProds,0
4828,12,MntGoldProds,38
10699,30,MntGoldProds,3
1497,8,MntGoldProds,22
7476,93,MntGoldProds,12
4390,14,MntGoldProds,31
10478,53,MntGoldProds,36
1081,26,MntGoldProds,66
4261,23,MntGoldProds,45
9916,92,MntGoldProds,5
5350,29,MntGoldProds,96
8135,41,MntGoldProds,11
8685,56,MntGoldProds,50
4967,19,MntGoldProds,12
2130,4,MntGoldProds,24
9298,89,MntGoldProds,0
8175,71,MntGoldProds,20
6257,81,MntGoldProds,24
3790,31,MntGoldProds,1
9952,53,MntGoldProds,10
3503,78,MntGoldProds,15
5223,80,MntGoldProds,3
4608,18,MntGoldProds,76
1626,37,MntGoldProds,20
4764,52,MntGoldProds,13
2471,39,MntGoldProds,43
5892,11,MntGoldProds,2
2612,33,MntGoldProds,48
4971,22,MntGoldProds,4
5185,83,MntGoldProds,41
10069,43,MntGoldProds,27
2262,74,MntGoldProds,14
1131,54,MntGoldProds,7
1041,3,MntGoldProds,42
24,96,MntGoldProds,6
3409,68,MntGoldProds,47
7022,2,MntGoldProds,35
7943,40,MntGoldProds,5
5272,64,MntGoldProds,73
5453,26,MntGoldProds,108
2565,69,MntGoldProds,63
800,57,MntGoldProds,2
11092,78,MntGoldProds,3
5062,71,MntGoldProds,0
8969,59,MntGoldProds,28
4656,28,MntGoldProds,40
4480,61,MntGoldProds,11
9971,22,MntGoldProds,9
6729,95,MntGoldProds,38
1773,38,MntGoldProds,13
9242,19,MntGoldProds,77
1764,92,MntGoldProds,10
6215,24,MntGoldProds,7
10099,21,MntGoldProds,76
5423,35,MntGoldProds,2
940,9,MntGoldProds,17
3011,23,MntGoldProds,6
3298,92,MntGoldProds,199
8286,55,MntGoldProds,5
9668,14,MntGoldProds,20
5120,78,MntGoldProds,32
6097,64,MntGoldProds,126
7019,49,MntGoldProds,18
7408,8,MntGoldProds,9
8041,35,MntGoldProds,41
252,11,MntGoldProds,88
9986,8,MntGoldProds,10
3276,53,MntGoldProds,12
3859,36,MntGoldProds,71
3570,64,MntGoldProds,24
3783,43,MntGoldProds,0
10207,40,MntGoldProds,1
10906,52,MntGoldProds,38
3427,11,MntGoldProds,35
5209,21,MntGoldProds,82
10711,23,MntGoldProds,93
10785,17,MntGoldProds,4
2814,6,MntGoldProds,7
6866,56,MntGoldProds,7
1665,71,MntGoldProds,215
6575,51,MntGoldProds,75
3829,94,MntGoldProds,9
3091,27,MntGoldProds,56
10141,1,MntGoldProds,3
5177,56,MntGoldProds,19
7005,71,MntGoldProds,85
6409,18,MntGoldProds,127
7485,48,MntGoldProds,16
8079,86,MntGoldProds,18
8395,48,MntGoldProds,31
10352,2,MntGoldProds,26
4931,13,MntGoldProds,1
13,57,MntGoldProds,8
1834,77,MntGoldProds,4
2285,0,MntGoldProds,30
2295,57,MntGoldProds,38
1378,24,MntGoldProds,134
2781,55,MntGoldProds,34
1165,62,MntGoldProds,52
1404,89,MntGoldProds,42
6457,77,MntGoldProds,65
2639,45,MntGoldProds,19
8299,46,MntGoldProds,6
6437,80,MntGoldProds,9
6912,60,MntGoldProds,7
7327,71,MntGoldProds,7
5299,43,MntGoldProds,30
4127,97,MntGoldProds,27
8143,49,MntGoldProds,10
1964,66,MntGoldProds,53
3690,20,MntGoldProds,40
3433,54,MntGoldProds,107
3389,61,MntGoldProds,161
4712,18,MntGoldProds,9
1170,45,MntGoldProds,15
6347,26,MntGoldProds,10
4065,0,MntGoldProds,23
8230,28,MntGoldProds,5
1215,49,MntGoldProds,88
5939,84,MntGoldProds,33
2156,38,MntGoldProds,4
7788,53,MntGoldProds,1
10323,88,MntGoldProds,46
7947,99,MntGoldProds,4
1891,12,MntGoldProds,83
2570,35,MntGoldProds,46
9256,5,MntGoldProds,80
295,77,MntGoldProds,84
7397,45,MntGoldProds,100
6349,71,MntGoldProds,85
10790,40,MntGoldProds,7
10398,82,MntGoldProds,12
2431,70,MntGoldProds,14
550,87,MntGoldProds,26
1890,95,MntGoldProds,7
10742,72,MntGoldProds,20
10356,5,MntGoldProds,1
4676,86,MntGoldProds,107
8852,80,MntGoldProds,180
3565,62,MntGoldProds,2
5294,49,MntGoldProds,4
1958,85,MntGoldProds,13
7349,7,MntGoldProds,42
8799,6,MntGoldProds,3
1351,25,MntGoldProds,12
1045,55,MntGoldProds,20
7732,81,MntGoldProds,52
8070,98,MntGoldProds,7
477,31,MntGoldProds,101
7832,30,MntGoldProds,58
2202,98,MntGoldProds,7
7396,92,MntGoldProds,26
4055,41,MntGoldProds,20
10340,68,MntGoldProds,187
10091,78,MntGoldProds,40
7629,46,MntGoldProds,6
10640,71,MntGoldProds,29
3498,6,MntGoldProds,107
6742,82,MntGoldProds,2
1172,71,MntGoldProds,22
569,32,MntGoldProds,111
4686,28,MntGoldProds,79
1381,20,MntGoldProds,18
2634,10,MntGoldProds,7
10905,7,MntGoldProds,0
1744,67,MntGoldProds,20
1000,48,MntGoldProds,54
3828,61,MntGoldProds,195
8605,36,MntGoldProds,6
10304,77,MntGoldProds,19
4351,90,MntGoldProds,25
10129,35,MntGoldProds,107
2499,38,MntGoldProds,26
10092,46,MntGoldProds,14
7500,33,MntGoldProds,16
5796,70,MntGoldProds,29
10556,51,MntGoldProds,6
1064,18,MntGoldProds,3
48,97,MntGoldProds,32
7610,32,MntGoldProds,66
263,9,MntGoldProds,25
10814,6,MntGoldProds,191
9710,80,MntGoldProds,15
9292,74,MntGoldProds,88
10250,49,MntGoldProds,8
7881,21,MntGoldProds,141
5847,95,MntGoldProds,149
737,56,MntGoldProds,43
3571,48,MntGoldProds,21
7807,26,MntGoldProds,106
3878,3,MntGoldProds,11
5092,39,MntGoldProds,34
2154,33,MntGoldProds,7
5394,42,MntGoldProds,7
3798,80,MntGoldProds,24
3524,9,MntGoldProds,16
5247,52,MntGoldProds,5
5883,78,MntGoldProds,60
2118,68,MntGoldProds,59
8812,45,MntGoldProds,17
6616,47,MntGoldProds,58
2797,34,MntGoldProds,50
4328,81,MntGoldProds,11
9167,72,MntGoldProds,62
10560,23,MntGoldProds,1
2631,29,MntGoldProds,32
8312,80,MntGoldProds,10
5534,30,MntGoldProds,72
5093,15,MntGoldProds,11
7592,86,MntGoldProds,24
8895,68,MntGoldProds,26
8584,54,MntGoldProds,53
2694,44,MntGoldProds,0
8910,7,MntGoldProds,0
7433,87,MntGoldProds,17
164,59,MntGoldProds,12
10477,16,MntGoldProds,13
2681,1,MntGoldProds,29
5150,64,MntGoldProds,15
5283,72,MntGoldProds,25
9645,98,MntGoldProds,30
10678,91,MntGoldProds,17
7261,8,MntGoldProds,15
9648,20,MntGoldProds,31
2870,6,MntGoldProds,69
8008,54,MntGoldProds,30
1513,72,MntGoldProds,128
6173,46,MntGoldProds,79
1419,11,MntGoldProds,17
9150,21,MntGoldProds,1
7960,89,MntGoldProds,100
1250,82,MntGoldProds,8
9905,69,MntGoldProds,67
10691,55,MntGoldProds,20
7002,13,MntGoldProds,52
2952,80,MntGoldProds,9
8439,97,MntGoldProds,17
762,27,MntGoldProds,56
2831,99,MntGoldProds,183
6977,87,MntGoldProds,37
6289,85,MntGoldProds,36
4168,30,MntGoldProds,39
8397,82,MntGoldProds,11
9284,21,MntGoldProds,82
6237,92,MntGoldProds,291
3130,95,MntGoldProds,10
1619,2,MntGoldProds,17
1990,74,MntGoldProds,37
5513,49,MntGoldProds,1
269,71,MntGoldProds,122
8093,72,MntGoldProds,17
10513,68,MntGoldProds,70
10177,4,MntGoldProds,150
2549,80,MntGoldProds,1
5782,15,MntGoldProds,42
10057,70,MntGoldProds,153
10307,91,MntGoldProds,34
8566,10,MntGoldProds,1
2415,99,MntGoldProds,61
5684,25,MntGoldProds,3
8334,34,MntGoldProds,12
9166,57,MntGoldProds,162
1440,84,MntGoldProds,232
78,51,MntGoldProds,9
5441,97,MntGoldProds,50
5302,13,MntGoldProds,166
4687,92,MntGoldProds,92
1087,30,MntGoldProds,48
6859,30,MntGoldProds,9
9860,11,MntGoldProds,31
7129,72,MntGoldProds,35
5866,39,MntGoldProds,34
10521,0,MntGoldProds,22
7393,15,MntGoldProds,3
7849,12,MntGoldProds,66
332,56,MntGoldProds,20
9847,39,MntGoldProds,192
531,55,MntGoldProds,176
9576,60,MntGoldProds,7
6906,73,MntGoldProds,72
7419,90,MntGoldProds,3
3170,86,MntGoldProds,85
8527,37,MntGoldProds,11
7872,7,MntGoldProds,63
9931,29,MntGoldProds,1
10595,19,MntGoldProds,16
4609,14,MntGoldProds,40
5010,72,MntGoldProds,9
4427,56,MntGoldProds,67
11148,85,MntGoldProds,2
1168,62,MntGoldProds,53
9595,1,MntGoldProds,30
10163,28,MntGoldProds,38
2886,70,MntGoldProds,12
6710,84,MntGoldProds,13
5316,89,MntGoldProds,18
9029,73,MntGoldProds,29
521,42,MntGoldProds,97
1459,16,MntGoldProds,26
10241,16,MntGoldProds,6
1630,56,MntGoldProds,27
3254,65,MntGoldProds,53
9064,10,MntGoldProds,95
3678,13,MntGoldProds,59
4227,78,MntGoldProds,8
9467,51,MntGoldProds,2
8486,27,MntGoldProds,20
2186,30,MntGoldProds,183
3286,71,MntGoldProds,8
8602,97,MntGoldProds,57
3722,83,MntGoldProds,8
6715,3,MntGoldProds,26
4796,71,MntGoldProds,0
9612,3,MntGoldProds,16
3766,15,MntGoldProds,219
1399,52,MntGoldProds,203
1570,8,MntGoldProds,57
3426,89,MntGoldProds,46
3074,66,MntGoldProds,33
8341,22,MntGoldProds,12
5180,56,MntGoldProds,4
6461,74,MntGoldProds,108
7679,48,MntGoldProds,0
10702,67,MntGoldProds,12
7505,24,MntGoldProds,14
5113,67,MntGoldProds,35
10858,38,MntGoldProds,30
2961,86,MntGoldProds,27
2747,90,MntGoldProds,172
3010,87,MntGoldProds,153
5790,62,MntGoldProds,5
6892,23,MntGoldProds,28
1743,99,MntGoldProds,43
3578,29,MntGoldProds,15
8462,52,MntGoldProds,36
5558,90,MntGoldProds,79
4619,9,MntGoldProds,3
8780,71,MntGoldProds,14
10789,13,MntGoldProds,4
10779,16,MntGoldProds,11
5896,94,MntGoldProds,11
2337,77,MntGoldProds,2
10951,20,MntGoldProds,9
544,51,MntGoldProds,53
17,81,MntGoldProds,76
10680,71,MntGoldProds,6
3265,36,MntGoldProds,5
5623,95,MntGoldProds,19
5832,32,MntGoldProds,28
5544,32,MntGoldProds,107
6417,85,MntGoldProds,15
5831,93,MntGoldProds,133
7101,24,MntGoldProds,174
10176,44,MntGoldProds,137
2326,15,MntGoldProds,18
4385,82,MntGoldProds,7
2929,27,MntGoldProds,18
10686,72,MntGoldProds,2
2546,7,MntGoldProds,23
3283,57,MntGoldProds,185
3138,84,MntGoldProds,27
4994,53,MntGoldProds,33
7966,48,MntGoldProds,22
3112,2,MntGoldProds,5
10872,65,MntGoldProds,34
2181,45,MntGoldProds,27
1867,42,MntGoldProds,108
1518,29,MntGoldProds,91
5734,83,MntGoldProds,1
2878,93,MntGoldProds,69
1458,40,MntGoldProds,8
7007,47,MntGoldProds,18
6200,50,MntGoldProds,100
1403,40,MntGoldProds,3
4827,3,MntGoldProds,8
6250,62,MntGoldProds,0
9291,25,MntGoldProds,1
2478,48,MntGoldProds,4
1139,56,MntGoldProds,112
5138,68,MntGoldProds,4
5393,64,MntGoldProds,6
10413,67,MntGoldProds,224
5015,94,MntGoldProds,41
10868,82,MntGoldProds,114
10676,3,MntGoldProds,145
2495,24,MntGoldProds,15
7842,54,MntGoldProds,3
9955,20,MntGoldProds,12
6663,96,MntGoldProds,6
2162,19,MntGoldProds,49
3434,60,MntGoldProds,108
7919,2,MntGoldProds,0
5626,13,MntGoldProds,13
6428,37,MntGoldProds,32
8514,59,MntGoldProds,1
10448,55,MntGoldProds,27
2109,60,MntGoldProds,17
7530,48,MntGoldProds,16
8925,38,MntGoldProds,89
3009,8,MntGoldProds,160
6355,19,MntGoldProds,1
3517,32,MntGoldProds,43
1158,27,MntGoldProds,24
6203,58,MntGoldProds,49
7165,59,MntGoldProds,93
3595,29,MntGoldProds,21
8537,60,MntGoldProds,53
4331,41,MntGoldProds,13
6281,27,MntGoldProds,26
4338,28,MntGoldProds,12
2452,8,MntGoldProds,15
9507,18,MntGoldProds,50
8360,76,MntGoldProds,18
10311,0,MntGoldProds,321
5117,32,MntGoldProds,53
4867,2,MntGoldProds,10
9289,16,MntGoldProds,13
10913,56,MntGoldProds,9
3032,97,MntGoldProds,44
8524,15,MntGoldProds,11
3334,35,MntGoldProds,143
4470,3,MntGoldProds,22
1406,49,MntGoldProds,27
8619,4,MntGoldProds,3
10821,45,MntGoldProds,42
4552,37,MntGoldProds,117
898,39,MntGoldProds,29
9797,38,MntGoldProds,51
10949,8,MntGoldProds,55
8212,89,MntGoldProds,21
6248,47,MntGoldProds,48
10164,75,MntGoldProds,16
4547,86,MntGoldProds,5
6815,4,MntGoldProds,62
4122,73,MntGoldProds,44
10841,46,MntGoldProds,31
5370,38,MntGoldProds,23
176,73,MntGoldProds,67
4860,66,MntGoldProds,3
10757,36,MntGoldProds,0
4023,29,MntGoldProds,22
6679,29,MntGoldProds,0
9923,6,MntGoldProds,8
7181,97,MntGoldProds,2
3599,61,MntGoldProds,80
405,68,MntGoldProds,91
6870,73,MntGoldProds,20
832,90,MntGoldProds,35
2002,81,MntGoldProds,86
3657,1,MntGoldProds,12
500,79,MntGoldProds,21
1951,92,MntGoldProds,30
3262,31,MntGoldProds,41
4102,46,MntGoldProds,6
7042,14,MntGoldProds,10
10598,89,MntGoldProds,3
255,31,MntGoldProds,2
2375,75,MntGoldProds,6
9829,42,MntGoldProds,13
6214,53,MntGoldProds,15
4954,53,MntGoldProds,5
7861,23,MntGoldProds,11
4837,57,MntGoldProds,204
9423,49,MntGoldProds,3
4198,6,MntGoldProds,8
153,29,MntGoldProds,12
9323,5,MntGoldProds,42
10001,98,MntGoldProds,34
3945,80,MntGoldProds,36
3799,4,MntGoldProds,143
8625,70,MntGoldProds,1
3491,32,MntGoldProds,232
983,82,MntGoldProds,145
9119,27,MntGoldProds,38
4786,94,MntGoldProds,61
5872,23,MntGoldProds,24
6568,97,MntGoldProds,12
5628,25,MntGoldProds,78
5631,92,MntGoldProds,149
4974,98,MntGoldProds,102
8416,19,MntGoldProds,2
5454,80,MntGoldProds,3
4095,80,MntGoldProds,116
5474,79,MntGoldProds,43
4268,50,MntGoldProds,7
10701,60,MntGoldProds,34
3507,44,MntGoldProds,58
2079,0,MntGoldProds,26
626,28,MntGoldProds,5
4426,35,MntGoldProds,95
2591,49,MntGoldProds,35
10509,46,MntGoldProds,4
6382,97,MntGoldProds,15
6673,51,MntGoldProds,39
7441,80,MntGoldProds,31
1071,10,MntGoldProds,133
10061,29,MntGoldProds,196
7187,52,MntGoldProds,96
8775,74,MntGoldProds,14
1612,82,MntGoldProds,7
2345,54,MntGoldProds,130
322,93,MntGoldProds,0
10897,63,MntGoldProds,11
123,92,MntGoldProds,107
6103,40,MntGoldProds,7
7899,70,MntGoldProds,16
10500,96,MntGoldProds,28
1655,81,MntGoldProds,11
2406,63,MntGoldProds,24
2712,85,MntGoldProds,33
5517,51,MntGoldProds,9
10643,23,MntGoldProds,35
2254,95,MntGoldProds,93
10281,11,MntGoldProds,54
6958,42,MntGoldProds,8
954,77,MntGoldProds,31
5079,82,MntGoldProds,9
10339,83,MntGoldProds,24
4643,40,MntGoldProds,49
3117,95,MntGoldProds,147
6497,32,MntGoldProds,92
5396,48,MntGoldProds,89
5250,75,MntGoldProds,126
1052,24,MntGoldProds,37
2802,61,MntGoldProds,49
6343,6,MntGoldProds,43
6507,16,MntGoldProds,12
7901,39,MntGoldProds,4
4865,2,MntGoldProds,11
2686,49,MntGoldProds,5
3107,31,MntGoldProds,42
7734,58,MntGoldProds,245
1146,5,MntGoldProds,42
11031,90,MntGoldProds,1
7428,47,MntGoldProds,108
975,25,MntGoldProds,44
1103,60,MntGoldProds,185
3422,67,MntGoldProds,76
1055,40,MntGoldProds,6
6544,63,MntGoldProds,0
1241,1,MntGoldProds,16
2909,89,MntGoldProds,36
5802,40,MntGoldProds,27
1407,5,MntGoldProds,17
6183,3,MntGoldProds,22
340,1,MntGoldProds,125
5991,24,MntGoldProds,47
3104,89,MntGoldProds,19
9729,48,MntGoldProds,64
1008,31,MntGoldProds,124
11091,68,MntGoldProds,2
3969,46,MntGoldProds,64
1916,92,MntGoldProds,43
9907,80,MntGoldProds,57
87,16,MntGoldProds,17
8659,50,MntGoldProds,20
6262,93,MntGoldProds,154
6147,51,MntGoldProds,9
8832,24,MntGoldProds,5
10067,79,MntGoldProds,5
7532,26,MntGoldProds,16
4915,86,MntGoldProds,229
2115,68,MntGoldProds,2
2088,98,MntGoldProds,76
2493,34,MntGoldProds,117
6292,60,MntGoldProds,17
1631,3,MntGoldProds,12
10104,65,MntGoldProds,2
3006,83,MntGoldProds,2
3919,64,MntGoldProds,0
11181,85,MntGoldProds,1
642,69,MntGoldProds,47
4369,48,MntGoldProds,163
10127,21,MntGoldProds,11
271,30,MntGoldProds,37
4973,39,MntGoldProds,9
2948,76,MntGoldProds,5
2715,11,MntGoldProds,64
10432,26,MntGoldProds,2
9216,34,MntGoldProds,4
7124,72,MntGoldProds,27
9727,13,MntGoldProds,25
5136,58,MntGoldProds,30
9790,12,MntGoldProds,97
1818,23,MntGoldProds,4
1100,33,MntGoldProds,9
7873,30,MntGoldProds,5
10609,15,MntGoldProds,0
6950,25,MntGoldProds,1
7233,4,MntGoldProds,128
9481,80,MntGoldProds,16
7699,30,MntGoldProds,37
2711,6,MntGoldProds,7
8933,16,MntGoldProds,3
8726,57,MntGoldProds,25
1515,9,MntGoldProds,2
5186,59,MntGoldProds,7
10157,78,MntGoldProds,5
5667,90,MntGoldProds,153
902,74,MntGoldProds,12
977,10,MntGoldProds,19
7313,63,MntGoldProds,73
7600,13,MntGoldProds,13
9706,98,MntGoldProds,7
2429,4,MntGoldProds,150
3520,94,MntGoldProds,56
10394,91,MntGoldProds,241
4548,66,MntGoldProds,15
9362,14,MntGoldProds,21
3968,77,MntGoldProds,129
4084,41,MntGoldProds,54
6721,21,MntGoldProds,248
2829,25,MntGoldProds,28
1772,2,MntGoldProds,129
1544,51,MntGoldProds,103
492,3,MntGoldProds,42
4377,32,MntGoldProds,227
4541,84,MntGoldProds,41
1321,49,MntGoldProds,12
8858,69,MntGoldProds,5
3266,96,MntGoldProds,35
11187,23,MntGoldProds,23
8207,18,MntGoldProds,0
9723,8,MntGoldProds,56
2666,21,MntGoldProds,41
5721,60,MntGoldProds,26
10652,48,MntGoldProds,163
1646,36,MntGoldProds,8
4418,36,MntGoldProds,15
2656,63,MntGoldProds,24
7990,2,MntGoldProds,0
8722,38,MntGoldProds,63
7118,61,MntGoldProds,174
2980,52,MntGoldProds,4
1839,25,MntGoldProds,18
10722,63,MntGoldProds,106
2632,10,MntGoldProds,152
9014,65,MntGoldProds,3
7620,71,MntGoldProds,45
10968,0,MntGoldProds,44
11133,3,MntGoldProds,42
2736,88,MntGoldProds,54
1876,15,MntGoldProds,18
5959,80,MntGoldProds,18
1092,17,MntGoldProds,29
4333,76,MntGoldProds,3
3850,52,MntGoldProds,15
6168,28,MntGoldProds,15
607,31,MntGoldProds,27
10469,42,MntGoldProds,53
6983,24,MntGoldProds,0
3661,42,MntGoldProds,32
9303,12,MntGoldProds,5
692,88,MntGoldProds,5
736,67,MntGoldProds,6
9589,54,MntGoldProds,57
4838,40,MntGoldProds,1
9246,73,MntGoldProds,62
6261,81,MntGoldProds,22
7366,12,MntGoldProds,80
10659,7,MntGoldProds,21
1448,33,MntGoldProds,3
4286,24,MntGoldProds,27
4749,55,MntGoldProds,88
4478,87,MntGoldProds,53
4201,39,MntGoldProds,91
8720,53,MntGoldProds,22
10084,9,MntGoldProds,17
7004,82,MntGoldProds,23
9817,71,MntGoldProds,20
8080,50,MntGoldProds,3
9432,23,MntGoldProds,12
8372,81,MntGoldProds,9
10870,46,MntGoldProds,247
4001,56,MntGoldProds,8
7270,91,MntGoldProds,24
8235,8,MntGoldProds,61
9405,40,MntGoldProds,21
